VIA_CLASE;VIA_PAR;VIA_NOMBRE;VIA_NOMBRE_ACENTOS;CO_DISTRITO
CALLE;DE;1903;1903;20
CALLE;DEL;26 DE ABRIL;26 DE ABRIL;20
AUTOVÍA;;A-1;A-1;16
AUTOVÍA;;A-2;A-2;4
AUTOVÍA;;A-2;A-2;5
AUTOVÍA;;A-2;A-2;15
AUTOVÍA;;A-2;A-2;15
AUTOVÍA;;A-2;A-2;16
AUTOVÍA;;A-2;A-2;16
AUTOVÍA;;A-2;A-2;20
AUTOVÍA;;A-2;A-2;20
AUTOVÍA;;A-2;A-2;20
AUTOVÍA;;A-2;A-2;20
AUTOVÍA;;A-2;A-2;21
AUTOVÍA;;A-2;A-2;21
AUTOVÍA;;A-3;A-3;3
AUTOVÍA;;A-3;A-3;13
AUTOVÍA;;A-3;A-3;13
AUTOVÍA;;A-3;A-3;13
AUTOVÍA;;A-3;A-3;14
AUTOVÍA;;A-3;A-3;18
AUTOVÍA;;A-3;A-3;18
AUTOVÍA;;A-3;A-3;19
AUTOVÍA;;A-4;A-4;13
AUTOVÍA;;A-4;A-4;17
AUTOVÍA;;A-42;A-42;2
AUTOVÍA;;A-42;A-42;2
AUTOVÍA;;A-42;A-42;11
AUTOVÍA;;A-42;A-42;11
AUTOVÍA;;A-42;A-42;11
AUTOVÍA;;A-42;A-42;12
AUTOVÍA;;A-42;A-42;12
AUTOVÍA;;A-42;A-42;12
AUTOVÍA;;A-42;A-42;17
AUTOVÍA;;A-5;A-5;9
AUTOVÍA;;A-5;A-5;10
AUTOVÍA;;A-5;A-5;10
AUTOVÍA;;A-5;A-5;10
AUTOVÍA;;A-5;A-5;10
AUTOVÍA;;A-5;A-5;10
AUTOVÍA;;A-5;A-5;10
AUTOVÍA;;A-6;A-6;9
AUTOVÍA;;A-6;A-6;9
AUTOVÍA;;A-6;A-6;9
AUTOVÍA;;A-6;A-6;9
AUTOVÍA;;A-6;A-6;9
CALLE;DEL;ABAD JUAN CATALAN;ABAD JUAN CATALÁN;19
CALLE;DE LA;ABADA;ABADA;21
CALLE;DE LOS;ABADES;ABADES;1
CALLE;DE LA;ABADESA;ABADESA;6
CALLE;DE;ABALOS;ÁBALOS;15
CARRETERA;;ABANDONADA;ABANDONADA;8
CALLE;DEL;ABANICO;ABANICO;20
CALLE;DE;ABANTOS;ABANTOS;5
CALLE;DEL;ABARDERO;ABARDERO;8
CALLE;DE;ABARZUZA;ABÁRZUZA;16
CALLE;DE;ABAY;ABAY;17
CALLE;DE;ABDON TERRADAS;ABDÓN TERRADAS;7
CALLE;DEL;ABEDUL;ABEDUL;5
CALLE;DE;ABEGONDO;ABEGONDO;16
CALLE;DEL;ABEJARUCO;ABEJARUCO;9
CALLE;DE LA;ABEJUELA;ABEJUELA;10
CALLE;DE;ABEL;ABEL;6
CALLE;DE LAS;ABELIAS;ABELIAS;16
CALLE;DE;ABELLA;ABELLA;11
CALLE;DE;ABERTURA;ABERTURA;16
CALLE;DEL;ABETAL;ABETAL;8
CALLE;DEL;ABETO;ABETO;
CALLE;DE;ABIZANDA;ABIZANDA;16
CALLE;DEL;ABOLENGO;ABOLENGO;11
AVENIDA;DE;ABRANTES;ABRANTES;11
AVENIDA;DE;ABRANTES;ABRANTES;11
CALLE;DE;ABRIL;ABRIL;20
CALLE;DE;ABTAO;ABTAO;3
CALLE;DE;ABTAO;ABTAO;3
RONDA;DE LA;ABUBILLA;ABUBILLA;16
CALLE;DE;ABUNDIO GARCIA ROMAN;ABUNDIO GARCÍA ROMÁN;11
CALLE;DE;ABUÑOL;ABUÑOL;16
PASEO;DE LAS;ACACIAS;ACACIAS;2
CALLE;DE LA;ACADEMIA;ACADEMIA;3
CALLE;DE;ACADEMOS;ACADEMOS;16
CALLE;DE;ACAMAR;ACAMAR;9
CALLE;DEL;ACANTILADO;ACANTILADO;9
CALLE;DE LA;ACANTITA;ACANTITA;17
CALLE;DEL;ACANTO;ACANTO;2
CARRETERA;DE;ACCESO A LA ESTACION DE O'DONNELL;ACCESO A LA ESTACIÓN DE O'DONNELL;20
CALLE;DE;ACEBEDO;ACEBEDO;16
CALLE;DE;ACEBES;ACEBES;17
CALLE;DEL;ACEBO;ACEBO;5
CALLE;DEL;ACEBUCHE;ACEBUCHE;9
CAMINO;DE LOS;ACEITEROS;ACEITEROS;18
CALLE;DE;ACENTEJO;ACENTEJO;15
CALLE;DE;ACEREIRO;ACEREIRO;10
CALLE;DE;ACEUCHAL;ACEUCHAL;11
CALLE;DE;ACEUCHAL;ACEUCHAL;11
PLAZA;DE LA;ACHICORIA;ACHICORIA;10
CALLE;DE;ACHURI;ACHURI;15
CALLE;DE;ACONCAGUA;ACONCAGUA;16
CALLE;DE;ACONCAGUA;ACONCAGUA;16
CALLE;DEL;ACONITO;ACÓNITO;6
CALLE;DE LA;ACUARELA;ACUARELA;21
CALLE;DE;ACUARIO;ACUARIO;21
CALLE;DEL;ACUEDUCTO;ACUEDUCTO;6
CALLE;DEL;ACUEDUCTO DE SEGOVIA;ACUEDUCTO DE SEGOVIA;11
CALLE;DEL;ACUERDO;ACUERDO;1
CALLE;DE;ADAM SMITH;ADAM SMITH;8
CALLE;DE;ADANERO;ADANERO;10
CALLE;DE;ADELA BALBOA;ADELA BALBOA;6
CALLE;DE LAS;ADELFAS;ADELFAS;3
CALLE;DE;ADELINA PATTI;ADELINA PATTI;8
CALLE;DE;ADEMUZ;ADEMUZ;11
CALLE;DE;ADOLFO BIOY CASARES;ADOLFO BIOY CASARES;18
CALLE;DE;ADOLFO MARSILLACH;ADOLFO MARSILLACH;18
AEROPUERTO;DE;ADOLFO SUAREZ MADRID BARAJAS;ADOLFO SUÁREZ MADRID BARAJAS;
CALLE;DE;ADONIS;ADONIS;10
CALLE;DE;ADORA;ADORA;12
CALLE;DE;ADRA;ADRA;13
PASAJE;DE;ADRA;ADRA;13
CALLE;DE;ADRADA DE HAZA;ADRADA DE HAZA;13
CALLE;DE;ADRIAN ANDRES;ADRIÁN ANDRÉS;9
GLORIETA;DE;ADRIAN PIERA JIMENEZ;ADRIÁN PIERA JIMÉNEZ;21
CALLE;DE;ADRIAN PULIDO;ADRIÁN PULIDO;6
CALLE;DE;ADRIANO DE UTRECHT;ADRIANO DE UTRECHT;16
CALLE;DE LA;ADUANA;ADUANA;1
CALLE;DE LA;AERONAVE;AERONAVE;21
CAMINO;DEL;AEROPUERTO;AEROPUERTO;21
CALLE;DEL;AFECTO;AFECTO;17
CALLE;DE LOS;AFLUENTES;AFLUENTES;17
CALLE;DE;AFUERAS A SAN ROQUE;AFUERAS A SAN ROQUE;8
CALLE;DE;AFUERAS A VALVERDE;AFUERAS A VALVERDE;8
CALLE;DE;AFUERAS A VALVERDE;AFUERAS A VALVERDE;8
CALLE;DE;AFUERAS A VALVERDE;AFUERAS A VALVERDE;8
PUENTE;DE LA;AGACHADIZA;AGACHADIZA;9
CALLE;DE;AGAMI;AGAMI;15
CALLE;DE;AGASTIA;AGASTIA;15
CALLE;DE;AGASTIA;AGASTIA;15
CALLE;DE;AGASTIA;AGASTIA;15
CALLE;DE;AGASTIA;AGASTIA;15
CALLE;DE;AGATA;ÁGATA;17
PLAZA;DE;AGATA;ÁGATA;17
CALLE;DE;AGATHA CHRISTIE;AGATHA CHRISTIE;16
CALLE;DEL;AGAVE;ÁGAVE;6
CALLE;DE;AGES;AGÉS;8
CALLE;DE;AGILA;AGILA;10
CALLE;DE;AGOSTO;AGOSTO;20
CALLE;DEL;AGRACEJO;AGRACEJO;6
CALLE;DE;AGRAMUNT;AGRAMUNT;21
CALLE;DE;AGREDA;ÁGREDA;16
PLAZA;DE;AGUA, AZUCARILLOS Y AGUARDIENTE;AGUA, AZUCARILLOS Y AGUARDIENTE;17
PLAZA;DE;AGUA, AZUCARILLOS Y AGUARDIENTE;AGUA, AZUCARILLOS Y AGUARDIENTE;17
CALLE;DEL;AGUACATE;AGUACATE;11
PLAZA;DEL;AGUADOR;AGUADOR;11
CALLE;DE;AGUADULCE;AGUADULCE;21
CALLE;DE;AGUARON;AGUARÓN;9
CALLE;DE LAS;AGUAS;AGUAS;1
CALLE;DE;AGUAVIVA;AGUAVIVA;20
CALLE;DE;AGUEDA DIEZ;ÁGUEDA DÍEZ;11
PLAZA;DE;AGUEDA DIEZ;ÁGUEDA DÍEZ;11
CALLE;DE;AGUETOL;AGUETOL;21
CALLE;DEL;AGUILA;ÁGUILA;1
CAMINO;DEL;AGUILA DE SAN JORGE;ÁGUILA DE SAN JORGE;8
CALLE;DE;AGUILAFUENTE;AGUILAFUENTE;9
CALLE;DE;AGUILAR DE CAMPOO;AGUILAR DE CAMPOO;9
CALLE;DE;AGUILAR DEL RIO;AGUILAR DEL RÍO;11
CALLE;DE LAS;AGUILEÑAS;AGUILEÑAS;6
CALLE;DE;AGUILON;AGUILÓN;2
CALLE;DE;AGUIRRE;AGUIRRE;4
CALLE;DE LA;AGUJA;AGUJA;20
CALLE;DE;AGUSTIN CALVO;AGUSTÍN CALVO;16
CALLE;DE;AGUSTIN DE BETANCOURT;AGUSTÍN DE BETANCOURT;7
CALLE;DE;AGUSTIN DE FOXA;AGUSTÍN DE FOXÁ;5
CALLE;DE;AGUSTIN DE ITURBIDE;AGUSTÍN DE ITURBIDE;16
CALLE;DE;AGUSTIN DE ROJAS;AGUSTÍN DE ROJAS;5
CALLE;DE;AGUSTIN DURAN;AGUSTÍN DURÁN;4
CALLE;DE;AGUSTIN GARCIA MALLA;AGUSTÍN GARCÍA MALLA;18
PLAZA;DE;AGUSTIN GONZALEZ;AGUSTÍN GONZÁLEZ;15
CALLE;DE;AGUSTIN LARA;AGUSTÍN LARA;9
CALLE;DE;AGUSTIN QUEROL;AGUSTÍN QUEROL;3
CALLE;DE;AGUSTIN RODRIGUEZ BONAT;AGUSTÍN RODRÍGUEZ BONAT;11
CALLE;DE;AGUSTIN VIÑAMATA;AGUSTÍN VIÑAMATA;3
CALLE;DE;AGUSTINA DE ARAGON;AGUSTINA DE ARAGÓN;4
CALLE;DE;AGUSTINA FIERRA;AGUSTINA FIERRA;11
CALLE;DE LOS;AHIJONES;AHIJONES;13
PASAJE;DE;AHILLONES;AHILLONES;16
AVENIDA;DE LOS;AHONES;AHONES;16
PLAZA;DEL;AHORRO;AHORRO;17
CALLE;DE LOS;AHUMAOS;AHUMAOS;19
CALLE;DEL;AILANTO;AILANTO;6
CALLE;DE;AINSA;AÍNSA;20
CALLE;DEL;AIRE;AIRE;21
CALLE;DE;AIZGORRI;AIZGORRI;4
CALLE;DE;AJALVIR;AJALVIR;9
CALLE;DEL;AJENJO;AJENJO;9
CALLE;DE;AJOFRIN;AJOFRÍN;20
CALLE;DE;AJOFRIN;AJOFRÍN;20
PASEO;DE LOS;ALABARDEROS;ALABARDEROS;10
CALLE;DEL;ALABASTRO;ALABASTRO;2
CALLE;DE LA;ALADIERNA;ALADIERNA;17
CALLE;DE;ALAGON;ALAGÓN;21
CALLE;DE;ALAJATE;ALAJATE;12
CALLE;DEL;ALAMBIQUE;ALAMBIQUE;20
CALLE;DE LA;ALAMEDA;ALAMEDA;1
CALLE;DE LA;ALAMEDA DE LA FUENTE;ALAMEDA DE LA FUENTE;19
CALLE;DE LA;ALAMEDA DE LA FUENTE;ALAMEDA DE LA FUENTE;21
PASEO;DE LA;ALAMEDA DE OSUNA;ALAMEDA DE OSUNA;16
PASEO;DE LA;ALAMEDA DE OSUNA;ALAMEDA DE OSUNA;21
CALLE;DE;ALAMEDA DEL VALLE;ALAMEDA DEL VALLE;18
CALLE;DE;ALAMEDA DEL VALLE;ALAMEDA DEL VALLE;18
CALLE;DE;ALAMEDILLA;ALAMEDILLA;2
PASEO;DE LAS;ALAMEDILLAS;ALAMEDILLAS;8
CALLE;DEL;ALAMILLO;ALAMILLO;1
PLAZA;DEL;ALAMILLO;ALAMILLO;1
CALLE;DEL;ALAMO;ÁLAMO;1
PUENTE;DEL;ALAMO NEGRO;ÁLAMO NEGRO;9
PUENTE;DEL;ALAMO NEGRO;ÁLAMO NEGRO;9
CALLE;DE;ALAN TURING;ALAN TURING;13
CALLE;DE;ALANIS;ALANIS;21
CALLE;DE;ALAR DEL REY;ALAR DEL REY;21
CALLE;DE;ALARICO;ALARICO;11
CALLE;DE;ALARO;ALARÓ;21
TRAVESÍA;DE;ALARO;ALARÓ;21
CALLE;DE LAS;ALAS;ALAS;21
CALLE;DEL;ALATERNO;ALATERNO;5
CALLE;DE;ALAVA;ÁLAVA;15
CALLE;DEL;ALBA;ALBA;16
CALLE;DE;ALBA DE TORMES;ALBA DE TORMES;11
CALLE;DE;ALBACETE;ALBACETE;15
CALLE;DE;ALBADALEJO;ALBADALEJO;20
CALLE;DE LA;ALBAHACA;ALBAHACA;16
CALLE;DE;ALBAICIN;ALBAICÍN;12
CALLE;DE;ALBAIDA;ALBAIDA;20
CALLE;DE;ALBALA;ALBALÁ;20
CALLE;DE;ALBALATE DEL ARZOBISPO;ALBALATE DEL ARZOBISPO;13
CALLE;DE;ALBANIA;ALBANIA;20
CALLE;DE LA;ALBAÑILERIA;ALBAÑILERÍA;20
CALLE;DEL;ALBARDIN;ALBARDÍN;12
CALLE;DE;ALBARES DE LA RIBERA;ALBARES DE LA RIBERA;11
CALLE;DEL;ALBARICOQUE;ALBARICOQUE;11
CALLE;DE;ALBARRACIN;ALBARRACÍN;20
CALLE;DE;ALBASANZ;ALBASANZ;20
CALLE;DE;ALBATANA;ALBATANA;16
CALLE;DEL;ALBATROS;ALBATROS;11
CALLE;DE;ALBELDA;ALBELDA;15
CALLE;DE;ALBENDIEGO;ALBENDIEGO;6
CALLE;DE;ALBENIZ;ALBÉNIZ;10
CALLE;DE;ALBENTOSA;ALBENTOSA;11
CALLE;DE;ALBENTOSA;ALBENTOSA;11
CALLE;DEL;ALBERCHE;ALBERCHE;2
CALLE;DEL;ALBERCHE;ALBERCHE;3
PASAJE;DEL;ALBERCHE;ALBERCHE;3
CALLE;DE;ALBERDI;ALBERDI;6
CARRETERA;DEL;ALBERGUE JUVENIL;ALBERGUE JUVENIL;9
CALLE;DE;ALBERIQUE;ALBERIQUE;20
CALLE;DE;ALBERIQUE;ALBERIQUE;20
CALLE;DE;ALBERT CAMUS;ALBERT CAMUS;11
CALLE;DE;ALBERTO AGUILERA;ALBERTO AGUILERA;1
CALLE;DE;ALBERTO AGUILERA;ALBERTO AGUILERA;7
CALLE;DE;ALBERTO AGUILERA;ALBERTO AGUILERA;7
AVENIDA;DE;ALBERTO ALCOCER;ALBERTO ALCOCER;5
AVENIDA;DE;ALBERTO ALCOCER;ALBERTO ALCOCER;5
CALLE;DE;ALBERTO BOSCH;ALBERTO BOSCH;3
CALLE;DE;ALBERTO DE PALACIO;ALBERTO DE PALACIO;16
CALLE;DE;ALBERTO INSUA;ALBERTO INSÚA;8
CALLE;DE;ALBERTO LEON PERALTA;ALBERTO LEÓN PERALTA;5
CALLE;DE;ALBERTO MARCOS;ALBERTO MARCOS;18
CALLE;DE;ALBERTO MARTIN ARTAJO;ALBERTO MARTÍN ARTAJO;4
CALLE;DE;ALBERTO PALACIOS;ALBERTO PALACIOS;17
PASEO;DE;ALBERTO PALACIOS;ALBERTO PALACIOS;17
CALLE;DE;ALBERTO SANCHEZ;ALBERTO SÁNCHEZ;19
CALLE;DE;ALBINO HERNANDEZ LAZARO;ALBINO HERNÁNDEZ LÁZARO;17
CALLE;DE;ALBOREA;ALBOREA;11
CALLE;DE;ALBOX;ALBOX;11
AVENIDA;DE LA;ALBUFERA;ALBUFERA;13
AVENIDA;DE LA;ALBUFERA;ALBUFERA;13
AVENIDA;DE LA;ALBUFERA;ALBUFERA;13
AVENIDA;DE LA;ALBUFERA;ALBUFERA;13
AVENIDA;DE LA;ALBUFERA;ALBUFERA;13
CALLE;DE;ALBUÑUELAS;ALBUÑUELAS;12
CALLE;DE;ALBURQUERQUE;ALBURQUERQUE;7
CALLE;DE;ALCACER TEJARES;ALCÁCER TEJARES;19
CALLE;DE;ALCALA;ALCALÁ;1
CALLE;DE;ALCALA;ALCALÁ;1
CALLE;DE;ALCALA;ALCALÁ;1
CALLE;DE;ALCALA;ALCALÁ;3
CALLE;DE;ALCALA;ALCALÁ;4
CALLE;DE;ALCALA;ALCALÁ;4
CALLE;DE;ALCALA;ALCALÁ;4
CALLE;DE;ALCALA;ALCALÁ;4
CALLE;DE;ALCALA;ALCALÁ;4
CALLE;DE;ALCALA;ALCALÁ;15
CALLE;DE;ALCALA;ALCALÁ;15
CALLE;DE;ALCALA;ALCALÁ;15
CALLE;DE;ALCALA;ALCALÁ;15
CALLE;DE;ALCALA;ALCALÁ;20
CALLE;DE;ALCALA;ALCALÁ;20
CALLE;DE;ALCALA;ALCALÁ;20
CALLE;DE;ALCALA;ALCALÁ;20
CALLE;DE;ALCALA;ALCALÁ;20
CALLE;DE;ALCALA DE GUADAIRA;ALCALÁ DE GUADAIRA;13
CALLE;DE;ALCALA GALIANO;ALCALÁ GALIANO;7
CALLE;DEL;ALCALDE ALFONSO VAZQUEZ;ALCALDE ALFONSO VÁZQUEZ;13
CALLE;DEL;ALCALDE ALVAREZ DE VILLAAMIL;ALCALDE ÁLVAREZ DE VILLAAMIL;16
CALLE;DEL;ALCALDE ANDRES MADRID DAVILA;ALCALDE ANDRÉS MADRID DÁVILA;19
CALLE;DEL;ALCALDE ANDRES MADRID DAVILA;ALCALDE ANDRÉS MADRID DÁVILA;19
CALLE;DEL;ALCALDE ARISTIZABAL MANCHON;ALCALDE ARISTIZÁBAL MANCHÓN;16
PLAZA;DEL;ALCALDE BRELL;ALCALDE BRELL;11
CALLE;DEL;ALCALDE CONDE DE MIRASOL;ALCALDE CONDE DE MIRASOL;16
GLORIETA;DEL;ALCALDE DE CANILLAS CIPRIANO SANTILLANA MORENO;ALCALDE DE CANILLAS CIPRIANO SANTILLANA MORENO;16
GLORIETA;DEL;ALCALDE DE CANILLAS JOAQUIN HERAS JIMENEZ;ALCALDE DE CANILLAS JOAQUÍN HERAS JIMÉNEZ;16
GLORIETA;DEL;ALCALDE DE CANILLAS LUIS HERAS JIMENEZ;ALCALDE DE CANILLAS LUIS HERAS JIMÉNEZ;16
GLORIETA;DEL;ALCALDE DE CANILLAS MARCO AREVALO PEREZ;ALCALDE DE CANILLAS MARCO ARÉVALO PÉREZ;16
GLORIETA;DEL;ALCALDE DE CANILLAS VICENTE LILLO SOLER;ALCALDE DE CANILLAS VICENTE LILLO SOLER;16
GLORIETA;DEL;ALCALDE DE HORTALEZA ANDRES MOLPECERES BARCELO;ALCALDE DE HORTALEZA ANDRÉS MOLPECERES BARCELÓ;16
GLORIETA;DEL;ALCALDE DE HORTALEZA ANGEL MARTINEZ LORENZO;ALCALDE DE HORTALEZA ÁNGEL MARTÍNEZ LORENZO;16
GLORIETA;DEL;ALCALDE DE HORTALEZA RAFAEL ORTEGA LOPEZ;ALCALDE DE HORTALEZA RAFAEL ORTEGA LÓPEZ;16
PLAZUELA;DEL;ALCALDE DE HORTALEZA VICTORIANO ELIPE SANCHEZ;ALCALDE DE HORTALEZA VICTORIANO ELIPE SÁNCHEZ;16
CALLE;DEL;ALCALDE GARRIDO JUARISTI;ALCALDE GARRIDO JUARISTI;14
CALLE;DEL;ALCALDE GARRIDO JUARISTI;ALCALDE GARRIDO JUARISTI;14
CALLE;DEL;ALCALDE HENCHE DE LA PLATA;ALCALDE HENCHE DE LA PLATA;16
CALLE;DEL;ALCALDE JUAN DE MATA SEVILLANO;ALCALDE JUAN DE MATA SEVILLANO;19
CALLE;DEL;ALCALDE LOPEZ CASERO;ALCALDE LÓPEZ CASERO;15
CALLE;DEL;ALCALDE LOPEZ CASERO;ALCALDE LÓPEZ CASERO;15
CALLE;DEL;ALCALDE LUIS MARICHALAR;ALCALDE LUIS MARICHALAR;14
CALLE;DEL;ALCALDE LUIS SILVELA;ALCALDE LUIS SILVELA;20
CALLE;DEL;ALCALDE MARTIN DE ALZAGA;ALCALDE MARTÍN DE ALZAGA;9
PLAZA;DEL;ALCALDE MORENO TORRES;ALCALDE MORENO TORRES;16
CALLE;DE;ALCALDE PEDRO ESCARBASSIERE;ALCALDE PEDRO ESCARBASSIERE;19
CALLE;DEL;ALCALDE PEDRO GUTIERREZ;ALCALDE PEDRO GUTIÉRREZ;19
CALLE;DEL;ALCALDE REDONDO ACEÑA;ALCALDE REDONDO ACEÑA;16
CALLE;DEL;ALCALDE SAINZ DE BARANDA;ALCALDE SAINZ DE BARANDA;3
CALLE;DEL;ALCALDE SAINZ DE BARANDA;ALCALDE SAINZ DE BARANDA;3
CALLE;DEL;ALCALDE SAINZ DE BARANDA;ALCALDE SAINZ DE BARANDA;3
CALLE;DEL;ALCALDE SAINZ DE BARANDA;ALCALDE SAINZ DE BARANDA;4
CALLE;DE LA;ALCANCIA;ALCANCÍA;9
CALLE;DE;ALCANTARA;ALCÁNTARA;4
CALLE;DE;ALCANTARA;ALCÁNTARA;4
CALLE;DE;ALCAÑICES;ALCAÑICES;20
CALLE;DE;ALCAÑIZ;ALCAÑIZ;21
CALLE;DE;ALCAÑIZ;ALCAÑIZ;21
CALLE;DEL;ALCARAVAN;ALCARAVÁN;10
CALLE;DE;ALCARAZ;ALCARAZ;16
CALLE;DE LA;ALCARRIA;ALCARRIA;17
CALLE;DEL;ALCATRAZ;ALCATRAZ;11
PLAZA;DE;ALCAUDETE;ALCAUDETE;16
CALLE;DEL;ALCAUDON;ALCAUDÓN;11
CALLE;DE LA;ALCAZABA;ALCAZABA;12
CALLE;DE;ALCAZAR DE SAN JUAN;ALCÁZAR DE SAN JUAN;10
CALLE;DE;ALCION;ALCIÓN;11
PLAZA;DE;ALCIRA;ALCIRA;9
CALLE;DE;ALCOBENDAS;ALCOBENDAS;16
CAMINO;DE;ALCOBENDAS;ALCOBENDAS;8
CARRETERA;DE;ALCOBENDAS;ALCOBENDAS;8
CARRETERA;DE;ALCOBENDAS A BARAJAS;ALCOBENDAS A BARAJAS;21
CARRETERA;DE;ALCOBENDAS A BARAJAS;ALCOBENDAS A BARAJAS;21
CALLE;DE;ALCOCER;ALCOCER;17
CALLE;DE;ALCOCER;ALCOCER;17
CALLE;DE;ALCOLEA;ALCOLEA;6
CALLE;DE;ALCONERA;ALCONERA;20
CALLE;DE;ALCONERA;ALCONERA;20
CALLE;DE;ALCORES;ALCORES;13
CALLE;DE;ALCORISA;ALCORISA;16
CALLE;DEL;ALCORNOQUE;ALCORNOQUE;9
CALLE;DE;ALDAPA;ALDAPA;11
CALLE;DE;ALDAYA;ALDAYA;16
CALLE;DE;ALDEA DEL FRESNO;ALDEA DEL FRESNO;2
CALLE;DE;ALDEA REAL;ALDEA REAL;9
CALLE;DE;ALDEANUEVA DE LA VERA;ALDEANUEVA DE LA VERA;10
CALLE;DE;ALDEBARAN;ALDEBARÁN;9
CALLE;DE;ALDONZA LORENZO;ALDONZA LORENZO;8
CALLE;DE LA;ALEGRIA;ALEGRÍA;11
CALLE;DE;ALEGRIA DE ORIA;ALEGRÍA DE ORIA;20
CALLE;DE;ALEIXANDRE;ALEIXANDRE;15
CALLE;DE;ALEJANDRINA MORAN;ALEJANDRINA MORÁN;10
CALLE;DE;ALEJANDRO CASONA;ALEJANDRO CASONA;8
CALLE;DE;ALEJANDRO CHACON;ALEJANDRO CHACÓN;15
AVENIDA;DE;ALEJANDRO DE LA SOTA;ALEJANDRO DE LA SOTA;16
AVENIDA;DE;ALEJANDRO DE LA SOTA;ALEJANDRO DE LA SOTA;21
AVENIDA;DE;ALEJANDRO DE LA SOTA;ALEJANDRO DE LA SOTA;21
CALLE;DE;ALEJANDRO DUMAS;ALEJANDRO DUMAS;2
CALLE;DE;ALEJANDRO FERRANT;ALEJANDRO FERRANT;2
CALLE;DE;ALEJANDRO GONZALEZ;ALEJANDRO GONZÁLEZ;4
CALLE;DE;ALEJANDRO HUMBOLT;ALEJANDRO HUMBOLT;18
CALLE;DE;ALEJANDRO MORAN;ALEJANDRO MORÁN;11
CALLE;DE;ALEJANDRO NAVARRO;ALEJANDRO NAVARRO;10
CALLE;DE;ALEJANDRO RODRIGUEZ;ALEJANDRO RODRÍGUEZ;6
CALLE;DE;ALEJANDRO SAINT AUBIN;ALEJANDRO SAINT AUBIN;2
CALLE;DE;ALEJANDRO SANCHEZ;ALEJANDRO SÁNCHEZ;11
TRAVESÍA;DE;ALEJANDRO SANCHEZ;ALEJANDRO SÁNCHEZ;11
CALLE;DE;ALEJANDRO VILLEGAS;ALEJANDRO VILLEGAS;16
CALLE;DE;ALEMANIA;ALEMANIA;6
CALLE;DE;ALENZA;ALENZA;7
CALLE;DEL;ALERCE;ALERCE;12
CALLE;DE;ALESANCO;ALESANCO;9
CALLE;;ALFA;ALFA;21
CALLE;DE;ALFACAR;ALFACAR;16
CALLE;DE LA;ALFALFA;ALFALFA;6
CALLE;DE;ALFAMBRA;ALFAMBRA;5
CALLE;DEL;ALFAR;ALFAR;9
CALLE;DE LA;ALFARERIA;ALFARERÍA;9
CALLE;DE LOS;ALFAREROS;ALFAREROS;20
CALLE;DE;ALFARNATE;ALFARNATE;13
CALLE;DE;ALFARO;ALFARO;11
CALLE;DEL;ALFEREZ JUAN USERA;ALFÉREZ JUAN USERA;11
CALLE;DE;ALFONSO CEA;ALFONSO CEA;10
CALLE;DE;ALFONSO FERNANDEZ;ALFONSO FERNÁNDEZ;11
CALLE;DE;ALFONSO FERNANDEZ CLAUSELLS;ALFONSO FERNÁNDEZ CLAUSELLS;9
CALLE;DE;ALFONSO GOMEZ;ALFONSO GÓMEZ;20
CALLE;DE;ALFONSO MARTINEZ CONDE;ALFONSO MARTÍNEZ CONDE;11
CALLE;DE;ALFONSO PASO;ALFONSO PASO;15
AVENIDA;DE;ALFONSO PEÑA BOEUF;ALFONSO PEÑA BOEUF;20
CALLE;DE;ALFONSO RODRIGUEZ CASTELAO;ALFONSO RODRÍGUEZ CASTELAO;8
CALLE;DE;ALFONSO RODRIGUEZ SANTAMARIA;ALFONSO RODRÍGUEZ SANTAMARÍA;5
CALLE;DE;ALFONSO VI;ALFONSO VI;1
CALLE;DE;ALFONSO VIII;ALFONSO VIII;5
CALLE;DE;ALFONSO X;ALFONSO X;7
CALLE;DE;ALFONSO XI;ALFONSO XI;3
CALLE;DE;ALFONSO XII;ALFONSO XII;3
AVENIDA;DE;ALFONSO XIII;ALFONSO XIII;5
AVENIDA;DE;ALFONSO XIII;ALFONSO XIII;5
AVENIDA;DE;ALFONSO XIII;ALFONSO XIII;5
CALLE;DE;ALFONSO XIII;ALFONSO XIII;13
CALLE;DE;ALFREDO ALEIX;ALFREDO ALEIX;11
TRAVESÍA;DE;ALFREDO ALEIX;ALFREDO ALEIX;11
CALLE;DE;ALFREDO BRAÑAS;ALFREDO BRAÑAS;14
CALLE;DE;ALFREDO CASTRO CAMBA;ALFREDO CASTRO CAMBA;13
CALLE;DE;ALFREDO DI STEFANO;ALFREDO DI STÉFANO;16
PLAZA;DE;ALFREDO MAHOU;ALFREDO MAHOU;4
CALLE;DE;ALFREDO MARQUERIE;ALFREDO MARQUERÍE;8
CALLE;DE;ALGABA;ALGABA;11
CALLE;DEL;ALGARROBO;ALGARROBO;8
CALLE;DE;ALGECIRAS;ALGECIRAS;1
CALLE;DE;ALGEMESI;ALGEMESÍ;21
CALLE;DE;ALGEMESI;ALGEMESÍ;21
TRAVESÍA;DE;ALGEMESI;ALGEMESÍ;21
CALLE;DE;ALGENIB;ALGENIB;9
CALLE;DE;ALGETE;ALGETE;2
CALLE;DE;ALGETE;ALGETE;2
CALLE;DEL;ALGODON;ALGODÓN;20
CALLE;DE LOS;ALGODONALES;ALGODONALES;6
CALLE;DE;ALGODRE;ALGODRE;11
CALLE;DE;ALGODRE;ALGODRE;11
CALLE;DE;ALGORTA;ALGORTA;11
CALLEJÓN;DEL;ALGUACIL;ALGUACIL;13
GLORIETA;DE;ALHABIA;ALHABIA;21
GLORIETA;DE;ALHABIA;ALHABIA;21
PLAZA;DE;ALHAMA DE ALMERIA;ALHAMA DE ALMERÍA;16
CALLE;DE LA;ALHAMBRA;ALHAMBRA;10
CALLE;DE LA;ALHAMBRA;ALHAMBRA;10
CALLE;DE;ALHAURIN;ALHAURÍN;21
AVENIDA;DE LOS;ALHELIES;ALHELÍES;5
CALLE;DE;ALHENA;ALHENA;9
CALLE;DE LA;ALHONDIGA;ALHÓNDIGA;21
CALLE;DE;ALIAGA;ALIAGA;20
CALLE;DE LA;ALIANZA;ALIANZA;17
CALLE;DE;ALICANTE;ALICANTE;2
CALLE;DE;ALICIA BAENA;ALICIA BAENA;8
CALLE;DE;ALICUN;ALICÚN;16
CALLE;DEL;ALIGUSTRE;ALIGUSTRE;6
CALLE;DE;ALISEDA;ALISEDA;11
CALLE;DE LOS;ALISIOS;ALISIOS;21
CALLE;DE;ALJARAFE;ALJARAFE;13
CALLE;DE;ALLAMANDA;ALLAMANDA;11
CALLE;DE;ALLARIZ;ALLARIZ;11
CALLE;DE;ALLENDE;ALLENDE;10
CALLE;DE;ALLENDESALAZAR;ALLENDESALAZAR;15
PLAZA;DE;ALLOZ;ALLOZ;11
CALLE;DE;ALMADEN;ALMADÉN;1
CALLE;DE;ALMAGRO;ALMAGRO;7
CALLE;DEL;ALMANAQUE;ALMANAQUE;20
CALLE;DE;ALMANSA;ALMANSA;6
CALLE;DE;ALMANSA;ALMANSA;9
TRAVESÍA;DE;ALMANSA;ALMANSA;9
CALLE;DEL;ALMANZORA;ALMANZORA;9
CALLE;DE;ALMARZA;ALMARZA;16
CALLE;DE;ALMAZAN;ALMAZÁN;10
CALLE;DE LA;ALMAZARA;ALMAZARA;20
CALLE;DE;ALMEDINA;ALMEDINA;11
CAMINO;DE LA;ALMENARA;ALMENARA;8
CAMINO;DE LA;ALMENARA;ALMENARA;8
CALLE;DE LAS;ALMENAS;ALMENAS;8
CALLE;DE;ALMENDRALEJO;ALMENDRALEJO;11
CALLE;DE LOS;ALMENDRALES;ALMENDRALES;12
CALLE;DE LOS;ALMENDRALES;ALMENDRALES;12
CALLE;DE LOS;ALMENDRALES;ALMENDRALES;12
GLORIETA;DE LA;ALMENDRERA;ALMENDRERA;21
CALLE;DEL;ALMENDRO;ALMENDRO;1
TRAVESÍA;DEL;ALMENDRO;ALMENDRO;1
CALLE;DE;ALMERIA;ALMERÍA;4
CALLE;DEL;ALMEZ;ALMEZ;2
CALLE;DEL;ALMIRANTE;ALMIRANTE;1
CALLE;DEL;ALMIRANTE REQUESENS;ALMIRANTE REQUESENS;10
PLAZA;DE;ALMODOVAR;ALMODÓVAR;11
CALLE;DE;ALMOGIA;ALMOGÍA;13
CALLE;DE;ALMONACID;ALMONACID;13
CALLE;DE;ALMONTE;ALMONTE;18
CALLE;DE;ALMONTE;ALMONTE;18
CALLE;DE;ALMORADI;ALMORADÍ;11
CALLE;DE;ALMOROX;ALMOROX;9
CALLE;DE LAS;ALMORTAS;ALMORTAS;6
CALLE;DE LA;ALMUDENA;ALMUDENA;1
PLAZA;DE;ALMUÑECAR;ALMUÑÉCAR;9
CALLE;DE;ALMURADIEL;ALMURADIEL;13
CALLE;DEL;ALOE VERA;ÁLOE VERA;19
CALLE;DEL;ALOE VERA;ÁLOE VERA;19
CALLE;DE LA;ALONDRA;ALONDRA;11
CALLE;DE;ALONSO CANO;ALONSO CANO;7
CALLE;DE;ALONSO CANO;ALONSO CANO;7
CALLE;DE;ALONSO CARBONELL;ALONSO CARBONELL;2
PASAJE;DE;ALONSO CARBONELL;ALONSO CARBONELL;2
CALLE;DE;ALONSO CASTRILLO;ALONSO CASTRILLO;6
CALLE;DE;ALONSO DE CONTRERAS;ALONSO DE CONTRERAS;20
CALLE;DE;ALONSO DEL BARCO;ALONSO DEL BARCO;2
CALLE;DE;ALONSO FERNANDEZ;ALONSO FERNÁNDEZ;10
CALLE;DE;ALONSO HEREDIA;ALONSO HEREDIA;4
PLAZA;DE;ALONSO MARTINEZ;ALONSO MARTÍNEZ;1
PLAZA;DE;ALONSO MARTINEZ;ALONSO MARTÍNEZ;7
PLAZA;DE;ALONSO MARTINEZ;ALONSO MARTÍNEZ;7
CALLE;DE;ALONSO MARTOS;ALONSO MARTOS;2
CALLE;DE;ALONSO NUÑEZ;ALONSO NÚÑEZ;6
CALLE;DE;ALONSO QUIJANO;ALONSO QUIJANO;8
CALLE;DE;ALONSO SAAVEDRA;ALONSO SAAVEDRA;15
CALLE;DE;ALONSO SAAVEDRA;ALONSO SAAVEDRA;16
CALLE;DE;ALONSO ZAMORA VICENTE;ALONSO ZAMORA VICENTE;11
CALLE;DE;ALORA;ALORA;13
PLAZA;DE;ALOSNO;ALOSNO;19
PLAZA;DE;ALOSNO;ALOSNO;19
CALLE;DE;ALOZAINA;ALOZAINA;12
CALLE;DE;ALPEDRETE;ALPEDRETE;2
CALLE;DE LOS;ALPES;ALPES;20
CALLE;DE LAS;ALPUJARRAS;ALPUJARRAS;19
CALLE;DE LA;ALQUIMIA;ALQUIMIA;20
PLAZA;DE;ALSACIA;ALSACIA;15
PLAZA;DE;ALSACIA;ALSACIA;20
CALLE;DE;ALSASUA;ALSASUA;9
CALLE;DE;ALSASUA;ALSASUA;9
CALLE;DE;ALTAIR;ALTAIR;9
CALLE;DE;ALTAMIRA;ALTAMIRA;15
CALLE;DE;ALTAMIRANO;ALTAMIRANO;9
CALLE;DE;ALTEA;ALTEA;9
CALLE;DE;ALTO CAMPOO;ALTO CAMPOO;9
CAMINO;;ALTO DE HORTALEZA;ALTO DE HORTALEZA;16
CAMINO;;ALTO DE HORTALEZA;ALTO DE HORTALEZA;21
CALLE;DEL;ALTO DE LA SARTENILLA;ALTO DE LA SARTENILLA;18
CAMINO;;ALTO DE SAN ISIDRO;ALTO DE SAN ISIDRO;11
CALLE;DEL;ALTO DEL ESPARRAGAL;ALTO DEL ESPARRAGAL;19
CALLE;DEL;ALTO DEL ESPARRAGAL;ALTO DEL ESPARRAGAL;19
CALLE;DEL;ALTO DEL LEON;ALTO DEL LEÓN;13
CALLE;DEL;ALTO DEL RETIRO;ALTO DEL RETIRO;18
CALLE;DE LOS;ALTOS DE CABREJAS;ALTOS DE CABREJAS;13
CALLE;DE LOS;ALTOS DE LILLO;ALTOS DE LILLO;18
CALLE;DE LOS;ALTOS DE SACERUELA;ALTOS DE SACERUELA;18
CALLE;DEL;ALTOZANO;ALTOZANO;9
CALLE;DE;ALUCAS;ALUCAS;15
CALLE;DEL;ALUMINIO;ALUMINIO;17
CALLE;DE;ALUSTANTE;ALUSTANTE;5
CALLE;DE;ALVARADO;ALVARADO;6
CALLE;DE;ALVAREZ;ÁLVAREZ;6
CALLE;DE;ALVAREZ ABELLAN;ÁLVAREZ ABELLÁN;11
CALLE;DE;ALVAREZ CIENFUEGOS;ÁLVAREZ CIENFUEGOS;16
CALLE;DE;ALVAREZ DE BAENA;ÁLVAREZ DE BAENA;5
CALLE;DE;ALVAREZ GATO;ÁLVAREZ GATO;1
CALLE;DE;ALVARO CABALLERO;ÁLVARO CABALLERO;9
CALLE;DE;ALVARO CUNQUEIRO;ÁLVARO CUNQUEIRO;8
CALLE;DE LA;ALVERJA;ALVERJA;10
CALLE;DE;ALZINA;ALZINA;11
CALLE;DE;ALZOLA;ALZOLA;12
CALLE;DE;AMADEO FERNANDEZ;AMADEO FERNÁNDEZ;17
CALLE;DE;AMADEO GOMEZ;AMADEO GÓMEZ;8
CALLE;DE;AMADEO I;AMADEO I;13
CALLE;DE;AMADO NERVO;AMADO NERVO;3
CALLE;DE;AMADOR DE LOS RIOS;AMADOR DE LOS RÍOS;7
CALLE;DE;AMADOR VALDES;AMADOR VALDÉS;15
CALLE;DE;AMADOR Y FERNANDO;AMADOR Y FERNANDO;9
PLAZA;DE;AMAIA IMAZ;AMAIA IMAZ;13
CALLE;DE;AMALARICO;AMALARICO;11
PASAJE;DE;AMALARICO;AMALARICO;11
CALLE;DE;AMALIA;AMALIA;6
CALLE;DE;AMALIA MARCOS;AMALIA MARCOS;18
TRAVESÍA;DE;AMALIA MARCOS;AMALIA MARCOS;18
CALLE;DE;AMALTEA;AMALTEA;2
CALLE;DEL;AMANECER;AMANECER;11
PLAZA;DEL;AMANECER EN MENDEZ ALVARO;AMANECER EN MÉNDEZ ÁLVARO;2
CALLE;DE;AMANIEL;AMANIEL;1
CALLE;DE LAS;AMAPOLAS;AMAPOLAS;7
CALLE;DE;AMARA;AMARA;15
CAMINO;DE;AMARGUILLA;AMARGUILLA;18
CALLE;DE LA;AMARGURA;AMARGURA;10
CALLE;DE;AMAYA;AMAYA;12
CALLE;DE LAS;AMAZONAS;AMAZONAS;1
CALLE;DEL;AMBAR;ÁMBAR;17
CALLE;DE;AMBERES;AMBERES;21
PASAJE;DE;AMBITE;AMBITE;14
CALLE;DE;AMBROS;AMBROS;4
CALLE;DE;AMBROSIO VALLEJO;AMBROSIO VALLEJO;6
CALLE;DE;AMBROZ;AMBROZ;19
CALLE;DE;AMBROZ;AMBROZ;19
CAMINO;DE;AMBROZ;AMBROZ;20
TRAVESÍA;DE;AMBROZ;AMBROZ;19
CAMINO;DE;AMBROZ A COSLADA;AMBROZ A COSLADA;20
CAMINO;DE;AMBROZ A COSLADA;AMBROZ A COSLADA;20
AVENIDA;DE;AMERICA;AMÉRICA;4
AVENIDA;DE;AMERICA;AMÉRICA;5
AVENIDA;DE;AMERICA;AMÉRICA;15
AVENIDA;DE;AMERICA;AMÉRICA;15
AVENIDA;DE;AMERICA;AMÉRICA;16
AVENIDA;DE;AMERICA;AMÉRICA;16
AVENIDA;DE;AMERICA;AMÉRICA;20
AVENIDA;DE;AMERICA;AMÉRICA;20
AVENIDA;DE;AMERICA;AMÉRICA;20
AVENIDA;DE;AMERICA;AMÉRICA;20
AVENIDA;DE;AMERICA;AMÉRICA;21
AVENIDA;DE;AMERICA;AMÉRICA;21
PLAZA;DE;AMERICA ESPAÑOLA;AMÉRICA ESPAÑOLA;4
CALLE;DEL;AMERICIO;AMERICIO;17
CALLE;DE;AMERICO CASTRO;AMÉRICO CASTRO;16
CALLE;DE;AMEYUGO;AMEYUGO;8
CALLE;DE LA;AMISTAD;AMISTAD;11
CALLE;DE LA;AMNISTIA;AMNISTÍA;1
CALLE;DEL;AMOR DE DIOS;AMOR DE DIOS;1
CALLE;DEL;AMOR HERMOSO;AMOR HERMOSO;12
CALLE;DEL;AMOR HERMOSO;AMOR HERMOSO;12
CALLE;DEL;AMOR HERMOSO;AMOR HERMOSO;12
CALLE;DE;AMOREBIETA;AMOREBIETA;9
CALLE;DE;AMOROS;AMORÓS;4
CALLE;DE;AMOS DE ESCALANTE;AMÓS DE ESCALANTE;15
CALLE;DE;AMPARO;AMPARO;1
CALLE;DE;AMPARO USERA;AMPARO USERA;12
CALLE;DE;AMPELIDO;AMPELIDO;10
CALLE;DE;AMPOSTA;AMPOSTA;20
CALLE;DE;AMPOSTA;AMPOSTA;20
CALLE;DE;AMPUERO;AMPUERO;17
CALLE;DE;AMSTERDAM;AMSTERDAM;21
CALLE;DE;AMURRIO;AMURRIO;9
CALLE;DE;ANA ALBI;ANA ALBI;11
CALLE;DE;ANA DE AUSTRIA;ANA DE AUSTRIA;16
PLAZUELA;DE;ANA DIOSDADO;ANA DIOSDADO;1
CALLE;DE;ANA MARIA;ANA MARÍA;6
PLAZA;DE;ANA MARIA JANER;ANA MARÍA JANER;13
CALLE;DE;ANA MARISCAL;ANA MARISCAL;19
CALLE;DE;ANA TERESA;ANA TERESA;9
CALLE;DEL;ANADE;ÁNADE;11
CALLE;DE;ANASTASIA LOPEZ;ANASTASIA LÓPEZ;8
CALLE;DE;ANASTASIO AROCA;ANASTASIO AROCA;5
CALLE;DE;ANASTASIO HERRERO;ANASTASIO HERRERO;6
PASAJE;DE;ANCHUELO;ANCHUELO;14
PASAJE;DE LOS;ANCIANOS;ANCIANOS;8
CALLE;DE;ANCIU;ANCIÚ;11
CALLE;DEL;ANCORA;ÁNCORA;2
PASAJE;DEL;ANCORA;ÁNCORA;2
CALLE;DE LOS;ANDALUCES;ANDALUCES;13
CALLE;DE LOS;ANDALUCES DEL POZO;ANDALUCES DEL POZO;13
AVENIDA;DE;ANDALUCIA;ANDALUCÍA;11
AVENIDA;DE;ANDALUCIA;ANDALUCÍA;12
AVENIDA;DE;ANDALUCIA;ANDALUCÍA;12
AVENIDA;DE;ANDALUCIA;ANDALUCÍA;17
AVENIDA;DE;ANDALUCIA;ANDALUCÍA;17
AVENIDA;DE;ANDALUCIA;ANDALUCÍA;17
AVENIDA;DE;ANDALUCIA;ANDALUCÍA;17
AVENIDA;DE;ANDALUCIA;ANDALUCÍA;17
AVENIDA;DE;ANDALUCIA;ANDALUCÍA;18
CALLE;DE;ANDALUCIA;ANDALUCÍA;3
CARRETERA;DE;ANDALUCIA;ANDALUCÍA;13
CARRETERA;DE;ANDALUCIA;ANDALUCÍA;17
CARRETERA;DE;ANDALUCIA;ANDALUCÍA;17
CARRETERA;DE;ANDALUCIA;ANDALUCÍA;18
CALLE;DEL;ANDARRIOS;ANDARRÍOS;16
AVENIDA;DE LOS;ANDES;ANDES;16
AVENIDA;DE LOS;ANDES;ANDES;16
AVENIDA;DE LOS;ANDES;ANDES;21
CALLE;DE;ANDEVALO;ANDÉVALO;13
CALLE;DE;ANDORRA;ANDORRA;16
CALLE;DE;ANDREA JORDAN;ANDREA JORDÁN;17
CALLE;DE;ANDREA PUECH;ANDREA PUECH;6
CALLE;DE;ANDRES ANTON;ANDRÉS ANTÓN;15
CALLE;DE;ANDRES ARTEAGA;ANDRÉS ARTEAGA;12
PLAZA;DE;ANDRES ARTEAGA;ANDRÉS ARTEAGA;12
CALLE;DE;ANDRES BELLO;ANDRÉS BELLO;4
CALLE;DE;ANDRES BORREGO;ANDRÉS BORREGO;1
CALLE;DE;ANDRES DE URDANETA;ANDRÉS DE URDANETA;2
CALLE;DE;ANDRES HERRANZ;ANDRÉS HERRANZ;15
PLAZA;DE;ANDRES JAUREGUI;ANDRÉS JÁUREGUI;16
PLAZA;DE;ANDRES MANJON;ANDRÉS MANJÓN;5
CALLE;DE;ANDRES MELLADO;ANDRÉS MELLADO;7
CALLE;DE;ANDRES MELLADO;ANDRÉS MELLADO;7
TRAVESÍA;DE;ANDRES MELLADO;ANDRÉS MELLADO;7
CALLE;DE;ANDRES OBISPO;ANDRÉS OBISPO;16
PLAZA;DE;ANDRES SEGOVIA;ANDRÉS SEGOVIA;5
PLAZA;DE;ANDRES SOLOAGA;ANDRÉS SOLOAGA;10
CALLE;DE;ANDRES TAMAYO;ANDRÉS TAMAYO;4
CALLE;DE;ANDRES TORREJON;ANDRÉS TORREJÓN;3
CALLE;DE;ANDRES TORREJON;ANDRÉS TORREJÓN;3
CALLE;DE;ANDROMEDA;ANDRÓMEDA;9
CALLE;DE;ANDUJAR;ANDÚJAR;10
CALLE;DE LAS;ANEMONAS;ANÉMONAS;15
CALLE;DEL;ANGEL;ÁNGEL;1
PLAZA;DEL;ANGEL;ÁNGEL;1
PLAZA;DEL;ANGEL;ÁNGEL;1
CALLE;DE;ANGEL BEATO;ÁNGEL BEATO;8
GLORIETA;DEL;ANGEL CAIDO;ÁNGEL CAÍDO;3
PLAZA;DE;ANGEL CARBAJO;ÁNGEL CARBAJO;6
CALLE;DE;ANGEL CAVERO;ÁNGEL CAVERO;16
CALLE;DE;ANGEL DE DIEGO ROLDAN;ÁNGEL DE DIEGO ROLDÁN;5
CALLE;DEL;ANGEL DE LA GUARDA;ÁNGEL DE LA GUARDA;20
CALLE;DE;ANGEL DIAZ ZAMORANO;ÁNGEL DÍAZ ZAMORANO;12
CALLE;DE;ANGEL DOMINGUEZ;ÁNGEL DOMÍNGUEZ;8
CALLE;DE;ANGEL FERNANDEZ LABRADA;ÁNGEL FERNÁNDEZ LABRADA;10
PLAZA;DE;ANGEL FRANCES;ÁNGEL FRANCÉS;13
CALLE;DE;ANGEL GANIVET;ÁNGEL GANIVET;3
CALLE;DE;ANGEL GONZALEZ TEJEDOR;ÁNGEL GONZÁLEZ TEJEDOR;15
CALLE;DE;ANGEL GORDILLO;ÁNGEL GORDILLO;15
CALLE;DE;ANGEL HERNANDEZ;ÁNGEL HERNÁNDEZ;5
CALLE;DE;ANGEL LARRA;ÁNGEL LARRA;15
CALLE;DE;ANGEL LUIS DE LA HERRAN;ÁNGEL LUIS DE LA HERRÁN;16
CALLE;DE;ANGEL MARTIN RODRIGUEZ;ÁNGEL MARTÍN RODRÍGUEZ;19
CALLE;DE;ANGEL MUGICA;ÁNGEL MÚGICA;8
CALLE;DE;ANGEL MUÑOZ;ÁNGEL MUÑOZ;15
CALLE;DE;ANGEL PUECH;ÁNGEL PUECH;6
CALLE;DE;ANGEL RIPOLL;ÁNGEL RIPOLL;11
AVENIDA;DE;ANGEL SANZ BRIZ;ÁNGEL SANZ BRIZ;10
CALLE;DE;ANGELA GONZALEZ;ÁNGELA GONZÁLEZ;13
CALLE;DE;ANGELA RUIZ ROBLES;ÁNGELA RUIZ ROBLES;17
COSTANILLA;DE LOS;ANGELES;ÁNGELES;1
COSTANILLA;DE LOS;ANGELES;ÁNGELES;1
PLAZA;DE LOS;ANGELES CUSTODIOS;ÁNGELES CUSTODIOS;9
CALLE;DE;ANGELES DE LAS HERAS;ÁNGELES DE LAS HERAS;8
CALLE;DE;ANGELES GARCIA MADRID;ÁNGELES GARCÍA MADRID;3
PLAZA;DE;ANGELICA SEÑORA;ANGÉLICA SEÑORA;12
CALLE;DE;ANGELILLO;ANGELILLO;13
CALLE;DE;ANGELITA CAMARERO;ANGELITA CAMARERO;8
CALLE;DE;ANGELITA CAVERO;ANGELITA CAVERO;15
CALLE;DEL;ANGELUS;ÁNGELUS;12
CALLE;;ANGOSTA;ANGOSTA;17
CALLE;;ANGOSTA DE LOS MANCEBOS;ANGOSTA DE LOS MANCEBOS;1
PLAZA;DE;ANGUIANO;ANGUIANO;15
CALLE;DE;ANGUITA;ANGUITA;21
CALLE;DE;ANIBAL;ANÍBAL;6
GLORIETA;DE;ANIBAL GONZALEZ;ANÍBAL GONZÁLEZ;21
CALLE;DE;ANICETO MARINAS;ANICETO MARINAS;9
CALLE;DE;ANICETO PEREZ;ANICETO PÉREZ;12
CALLE;DE;ANICETO PEREZ;ANICETO PÉREZ;18
CALLE;DEL;ANILLO VERDE;ANILLO VERDE;19
CALLE;DEL;ANIS;ANÍS;9
CALLE;DE;ANITA VINDEL;ANITA VINDEL;9
CALLE;DE;ANKARA;ANKARA;14
CALLE;DE;ANNA FRANK;ANNA FRANK;19
PLAZA;DE;ANOCIBAR;ANOCÍBAR;11
CALLE;DE;ANOETA;ANOETA;17
CALLE;DE;ANOETA;ANOETA;17
CALLE;DEL;ANSAR;ÁNSAR;10
CALLE;DE;ANSELMO LORENZO;ANSELMO LORENZO;10
CALLE;DE;ANTARES;ANTARES;9
CALLE;DE;ANTEQUERA;ANTEQUERA;12
CAMINO;DE;ANTEQUINA;ANTEQUINA;9
PISTA;;ANTIGUA DE GUERRA;ANTIGUA DE GUERRA;8
PISTA;;ANTIGUA DE GUERRA;ANTIGUA DE GUERRA;8
CARRETERA;;ANTIGUA DE PARACUELLOS DE JARAMA;ANTIGUA DE PARACUELLOS DE JARAMA;21
CAMINO;;ANTIGUO VIEJO DE VICALVARO;ANTIGUO VIEJO DE VICÁLVARO;14
CALLE;DE;ANTILLON;ANTILLÓN;10
CALLE;DEL;ANTIMONIO;ANTIMONIO;17
CALLE;DE;ANTIOQUIA;ANTIOQUÍA;20
CALLE;DE;ANTOLIN DOMPABLO;ANTOLÍN DOMPABLO;9
CALLE;DE;ANTOLIN GARCIA;ANTOLÍN GARCÍA;10
CALLE;DE;ANTOLINA MERINO;ANTOLINA MERINO;11
PLAZA;DE;ANTON MARTIN;ANTÓN MARTÍN;1
PLAZA;DE;ANTON MARTIN;ANTÓN MARTÍN;1
CALLE;DE;ANTONIA BAENA;ANTONIA BAENA;8
CALLE;DE;ANTONIA CALAS;ANTONIA CALAS;13
CALLE;DE;ANTONIA CALVO;ANTONIA CALVO;10
CALLE;DE;ANTONIA DOMINGUEZ;ANTONIA DOMÍNGUEZ;6
CALLE;DE;ANTONIA LANCHA;ANTONIA LANCHA;11
PASAJE;DE;ANTONIA LANCHA;ANTONIA LANCHA;11
TRAVESÍA;DE;ANTONIA LANCHA;ANTONIA LANCHA;11
CALLE;DE;ANTONIA MERCE;ANTONIA MERCÉ;4
CALLE;DE;ANTONIA RODRIGUEZ SACRISTAN;ANTONIA RODRÍGUEZ SACRISTÁN;11
CALLE;DE;ANTONIA RODRIGUEZ SACRISTAN;ANTONIA RODRÍGUEZ SACRISTÁN;11
CALLE;DE;ANTONIA RUIZ SORO;ANTONIA RUIZ SORO;4
CALLE;DE;ANTONIA USERA;ANTONIA USERA;12
CALLE;DE;ANTONIO;ANTONIO;6
CALLE;DE;ANTONIO ACUÑA;ANTONIO ACUÑA;3
CALLE;DE;ANTONIO ACUÑA;ANTONIO ACUÑA;4
CALLE;DE;ANTONIO AGUILAR;ANTONIO AGUILAR;9
CALLE;DE;ANTONIO ANTORANZ;ANTONIO ANTORANZ;11
CALLE;DE;ANTONIO ARIAS;ANTONIO ARIAS;3
CALLE;DE;ANTONIO ARIAS;ANTONIO ARIAS;3
CALLE;DE;ANTONIO BIENVENIDA;ANTONIO BIENVENIDA;3
GLORIETA;DE;ANTONIO BONET;ANTONIO BONET;16
CALLE;DE;ANTONIO CALVO;ANTONIO CALVO;15
CALLE;DE;ANTONIO CANTALEJO;ANTONIO CANTALEJO;15
CALLE;DE;ANTONIO CANTALEJO;ANTONIO CANTALEJO;15
CALLE;DE;ANTONIO CASERO;ANTONIO CASERO;3
CALLE;DE;ANTONIO CAVERO;ANTONIO CAVERO;15
CALLE;DE;ANTONIO CAVERO;ANTONIO CAVERO;16
GLORIETA;DE;"ANTONIO CHENEL """"ANTOÑETE""""";"ANTONIO CHENEL """"ANTOÑETE""""";21
CALLE;DE;ANTONIO CORPAS;ANTONIO CORPAS;11
CALLE;DE;ANTONIO CUMELLA;ANTONIO CUMELLA;14
CALLE;DE;ANTONIO DE BURGOS;ANTONIO DE BURGOS;13
CALLE;DE;ANTONIO DE CABEZON;ANTONIO DE CABEZÓN;8
CALLE;DE;ANTONIO DE LEYVA;ANTONIO DE LEYVA;11
CALLE;DE;ANTONIO DE LEYVA;ANTONIO DE LEYVA;11
CALLE;DE;ANTONIO DE PINEDO;ANTONIO DE PINEDO;10
CALLE;DE;ANTONIO DIAZ-CAÑABATE;ANTONIO DÍAZ-CAÑABATE;3
CALLE;DE;ANTONIO DURAN TOVAR;ANTONIO DURÁN TOVAR;13
CALLE;DE;ANTONIO FLORES;ANTONIO FLORES;1
CALLE;DE;ANTONIO FLOREZ;ANTONIO FLÓREZ;16
CALLE;DE;ANTONIO FOLGUERAS;ANTONIO FOLGUERAS;13
CALLE;DE;ANTONIO FUENTES;ANTONIO FUENTES;16
CALLE;DE;ANTONIO GADES;ANTONIO GADES;18
CALLE;DE;ANTONIO GADES;ANTONIO GADES;18
GLORIETA;DE;ANTONIO GARISA;ANTONIO GARISA;13
CALLE;DE;ANTONIO GISTAU;ANTONIO GISTÁU;10
CALLE;DE;ANTONIO GOMEZ GALIANA;ANTONIO GÓMEZ GALIANA;6
CALLE;DE;ANTONIO GONZALEZ ECHARTE;ANTONIO GONZÁLEZ ECHARTE;6
CALLE;DE;ANTONIO GONZALEZ PORRAS;ANTONIO GONZÁLEZ PORRAS;11
CALLE;DE;ANTONIO GRILO;ANTONIO GRILO;1
CALLE;DE;ANTONIO GUZMAN;ANTONIO GUZMÁN;5
CALLE;DE;ANTONIO LANZUELA;ANTONIO LANZUELA;6
CALLE;DE;ANTONIO LARRAZABAL;ANTONIO LARRAZÁBAL;16
CALLE;DE;ANTONIO LOPEZ;ANTONIO LÓPEZ;11
CALLE;DE;ANTONIO LOPEZ;ANTONIO LÓPEZ;12
CALLE;DE;ANTONIO LOPEZ;ANTONIO LÓPEZ;12
CALLE;DE;ANTONIO LOPEZ;ANTONIO LÓPEZ;12
CALLE;DE;ANTONIO LOPEZ AGUADO;ANTONIO LÓPEZ AGUADO;8
CALLE;DE;ANTONIO LOPEZ TORRES;ANTONIO LÓPEZ TORRES;16
TRAVESÍA;DE;ANTONIO LOPEZ TORRES;ANTONIO LÓPEZ TORRES;16
CALLE;DE;ANTONIO MACHADO;ANTONIO MACHADO;8
CALLE;DE;ANTONIO MACHADO;ANTONIO MACHADO;9
CALLE;DE;ANTONIO MACHADO;ANTONIO MACHADO;9
CALLE;DE;ANTONIO MAESO JOANA;ANTONIO MAESO JOANA;19
CALLE;DE;ANTONIO MAIRENA;ANTONIO MAIRENA;13
PLAZA;DE;ANTONIO MARIA SEGOVIA;ANTONIO MARÍA SEGOVIA;18
CALLE;DE;ANTONIO MAURA;ANTONIO MAURA;3
CALLE;DE;ANTONIO MIRA DE AMESCUA;ANTONIO MIRA DE AMESCUA;10
CALLE;DE;ANTONIO MIRO VALVERDE;ANTONIO MIRÓ VALVERDE;16
CALLE;DE;ANTONIO MOLINA;ANTONIO MOLINA;8
CALLE;DE;ANTONIO MORENO;ANTONIO MORENO;11
CALLE;DE;ANTONIO NEBRIJA;ANTONIO NEBRIJA;2
CALLE;DE;ANTONIO NEBRIJA;ANTONIO NEBRIJA;3
TRAVESÍA;DE;ANTONIO NEBRIJA;ANTONIO NEBRIJA;9
CALLE;DE;ANTONIO PALOMINO;ANTONIO PALOMINO;7
CALLE;DE;ANTONIO PEREZ;ANTONIO PÉREZ;5
CALLE;DE;ANTONIO PEREZ DE GUZMAN;ANTONIO PÉREZ DE GUZMÁN;8
GLORIETA;DE;ANTONIO PERPIÑA;ANTONIO PERPIÑÁ;16
CALLE;DE;ANTONIO PIRALA;ANTONIO PIRALA;15
CALLE;DE;ANTONIO PONZ;ANTONIO PONZ;15
CALLE;DE;ANTONIO PRIETO;ANTONIO PRIETO;12
CALLE;DE;ANTONIO REIG;ANTONIO REIG;9
CALLE;DE;ANTONIO RODRIGUEZ;ANTONIO RODRÍGUEZ;11
CALLE;DE;ANTONIO RODRIGUEZ;ANTONIO RODRÍGUEZ;11
CALLE;DE;ANTONIO RODRIGUEZ VILLA;ANTONIO RODRÍGUEZ VILLA;5
CALLE;DE;ANTONIO ROMERO;ANTONIO ROMERO;11
CALLE;DE;ANTONIO SALCES;ANTONIO SALCES;5
CALLE;DE;ANTONIO SALVADOR;ANTONIO SALVADOR;12
CALLE;DE;ANTONIO SALVADOR;ANTONIO SALVADOR;12
CALLE;DE;ANTONIO SANCHA;ANTONIO SANCHA;21
CALLE;DE;ANTONIO SANFIZ;ANTONIO SANFIZ;9
CALLE;DE;ANTONIO TOLEDANO;ANTONIO TOLEDANO;4
CALLE;DE;ANTONIO ULLOA;ANTONIO ULLOA;10
GLORIETA;DE;ANTONIO VALDES GONZALEZ-ROLDAN;ANTONIO VALDÉS GONZÁLEZ-ROLDÁN;21
PLAZUELA;DE;ANTONIO VEGA;ANTONIO VEGA;1
CALLE;DE;ANTONIO VELASCO ZAZO;ANTONIO VELASCO ZAZO;12
CALLE;DE;ANTONIO VELASCO ZAZO;ANTONIO VELASCO ZAZO;12
CALLE;DE;ANTONIO VICENT;ANTONIO VICENT;11
CALLE;DE;ANTONIO VICO;ANTONIO VICO;11
CALLE;DE;ANTONIO ZAMORA;ANTONIO ZAMORA;10
CALLE;DE;ANTONIO ZAPATA;ANTONIO ZAPATA;5
CALLE;DE;ANTONIORROBLES;ANTONIORROBLES;8
CALLE;DE;ANTOÑITA JIMENEZ;ANTOÑITA JIMÉNEZ;11
CALLE;DE LA;ANTRACITA;ANTRACITA;2
CALLE;DEL;ANTURIO;ANTURIO;6
CALLE;DE LA;ANUNCIACION;ANUNCIACIÓN;3
CALLE;DE;ANZUOLA;ANZUOLA;5
CALLE;DE LA;AÑAFIL;AÑAFIL;12
CALLE;DE;AÑASTRO;AÑASTRO;15
CALLE;DE;AÑASTRO;AÑASTRO;15
CALLE;DE;AÑASTRO;AÑASTRO;16
CALLE;DE;AÑASTRO;AÑASTRO;16
CALLE;DEL;AÑIL;AÑIL;16
CALLE;DE LOS;APAREJADORES;APAREJADORES;20
CALLE;DEL;APEADERO;APEADERO;19
CALLE;DE;APODACA;APODACA;1
CALLE;DE;APOLO;APOLO;20
CALLE;DE;APOLONIO MORALES;APOLONIO MORALES;5
CALLE;DEL;APOSTOL SANTIAGO;APÓSTOL SANTIAGO;15
AVENIDA;DE LOS;APOSTOLES;APÓSTOLES;10
CALLE;DE LOS;APRENDICES;APRENDICES;20
CALLE;DE;AQUILES;AQUILES;20
CALLE;DE;AQUILINO DOMINGUEZ;AQUILINO DOMÍNGUEZ;6
CALLE;DE;AQUITANIA;AQUITANIA;20
TRAVESÍA;DE;AQUITANIA;AQUITANIA;20
CALLE;DE;ARA;ARA;9
CALLE;DE;ARABELL;ARABELL;9
CALLE;DE;ARACATACA;ARACATACA;16
CALLE;DE;ARACENA;ARACENA;9
CALLE;DE;ARACNE;ARACNE;8
CALLE;DE;ARACNE;ARACNE;20
AVENIDA;DE;ARAGON;ARAGÓN;20
AVENIDA;DE;ARAGON;ARAGÓN;21
CALLE;DE;ARAGON;ARAGÓN;5
PLAZA;DE;ARAGON;ARAGÓN;6
CALLE;DE LOS;ARAGONESES;ARAGONESES;13
CALLE;DEL;ARAGONITO;ARAGONITO;9
CALLE;DE;ARAIZ;ARAIZ;9
CALLE;DE;ARALAR;ARALAR;4
CALLE;DEL;ARALIA;ARALIA;5
CALLE;DE;ARAMA;ARAMA;17
CALLE;DE;ARAMAYONA;ARAMAYONA;20
CALLE;DE;ARAMIS;ARAMIS;10
CALLE;DE;ARAMUNT;ARAMUNT;9
CALLE;DEL;ARANDANO;ARÁNDANO;6
CALLE;DE;ARANDIGA;ARÁNDIGA;9
CALLE;DE;ARANDILLA;ARANDILLA;9
CALLE;DE;ARANJUEZ;ARANJUEZ;6
CALLE;DE;ARANZAZU;ARÁNZAZU;16
CALLE;DE;ARANZO;ARANZO;8
CALLE;DE;ARANZUEQUE;ARANZUEQUE;9
CALLE;DE;ARAPILES;ARAPILES;7
CALLE;DE;ARAQUIL;ARAQUIL;9
CALLE;DE;ARASCUES;ARASCUÉS;9
PLAZA;DE;ARATOCA;ARATOCA;16
CALLE;DEL;ARAUCA;ARAUCA;16
CALLE;DE LA;ARAUCARIA;ARAUCARIA;6
CALLE;DE;ARAVACA;ARAVACA;9
CALLE;DEL;ARBOL DEL CIELO;ÁRBOL DEL CIELO;10
CALLE;DE LA;ARBOLEDA;ARBOLEDA;13
CALLE;DE LOS;ARBOLES;ÁRBOLES;9
CALLE;DE LAS;ARBUCIAS;ARBUCIAS;8
CALLE;DE;ARCADIA;ARCADIA;21
CALLE;DEL;ARCANGEL SAN RAFAEL;ARCÁNGEL SAN RAFAEL;10
CALLE;DE;ARCAUTE;ARCAUTE;20
AVENIDA;DE;ARCENTALES;ARCENTALES;20
AVENIDA;DE;ARCENTALES;ARCENTALES;20
AVENIDA;DE;ARCENTALES;ARCENTALES;20
AVENIDA;DE;ARCENTALES;ARCENTALES;20
GLORIETA;DE;ARCENTALES;ARCENTALES;20
GLORIETA;DE;ARCENTALES;ARCENTALES;20
AVENIDA;DE LOS;ARCES;ARCES;16
CALLE;DE;ARCHANDA;ARCHANDA;9
CALLE;DE;ARCHIDONA;ARCHIDONA;12
CALLE;DEL;ARCHIDUQUE ALBERTO;ARCHIDUQUE ALBERTO;16
CALLE;DEL;ARCHIPIELAGO;ARCHIPIÉLAGO;9
CALLE;DEL;ARCHIVO;ARCHIVO;18
CALLE;DEL;ARCHIVO DE INDIAS;ARCHIVO DE INDIAS;11
CALLE;DE LA;ARCILLA;ARCILLA;17
CALLE;DE;ARCINIEGA;ARCINIEGA;9
CALLE;DEL;ARCIPRESTE DE HITA;ARCIPRESTE DE HITA;7
CALLE;DEL;ARCIPRESTE DE HITA;ARCIPRESTE DE HITA;9
CALLE;DEL;ARCO DEL TRIUNFO;ARCO DEL TRIUNFO;1
CALLE;DE LOS;ARCOS;ARCOS;16
CALLE;DE;ARCOS DE JALON;ARCOS DE JALÓN;20
CALLE;DE;ARCOS DE JALON;ARCOS DE JALÓN;20
CALLE;DE;ARCOS DE LA FRONTERA;ARCOS DE LA FRONTERA;9
CALLE;DE;ARDALES;ARDALES;9
CALLE;DE;ARDEMANS;ARDEMANS;4
CALLE;DEL;ARDITE;ARDITE;11
CALLE;DE;ARECHAVALETA;ARECHAVALETA;17
TRAVESÍA;DE;ARECHAVALETA;ARECHAVALETA;17
CALLE;DEL;ARENAL;ARENAL;1
CALLE;DEL;ARENAL;ARENAL;1
TRAVESÍA;DEL;ARENAL;ARENAL;1
CALLE;DEL;ARENAL DE MAUDES;ARENAL DE MAUDES;5
CALLE;DE LA;ARENARIA;ARENARIA;12
CALLE;DE LAS;ARENAS;ARENAS;17
CALLE;DE;ARENAS DE IGUÑA;ARENAS DE IGUÑA;13
CALLE;DE;ARENAS DE SAN PEDRO;ARENAS DE SAN PEDRO;10
CALLE;DE;ARENAS DEL REY;ARENAS DEL REY;12
CALLE;DE;ARENAS Y NAVARRO;ARENAS Y NAVARRO;9
CALLE;DE;AREQUIPA;AREQUIPA;16
CALLE;DE;AREQUIPA;AREQUIPA;16
CALLE;DE;ARETHA FRANKLIN;ARETHA FRANKLIN;16
CALLE;DE;AREVALO;ARÉVALO;11
CALLE;DE;AREVALO LARA;ARÉVALO LARA;20
CALLE;DEL;ARGA;ARGA;5
CALLE;DE;ARGANDA;ARGANDA;2
CALLE;DE LA;ARGANZUELA;ARGANZUELA;1
AVENIDA;DE;ARGANZUELA MERCAMADRID;ARGANZUELA MERCAMADRID;18
CALLE;DE;ARGENSOLA;ARGENSOLA;1
CALLE;DE;ARGENTA;ARGENTA;20
CALLE;DE;ARGENTE;ARGENTE;13
CALLE;DE;ARGENTINA;ARGENTINA;15
PASEO;DE;ARGENTINA;ARGENTINA;3
CALLE;DE;ARGENTONA;ARGENTONA;9
CALLE;DE;ARGOS;ARGOS;20
PLAZA;DE;ARGÜELLES;ARGÜELLES;9
CALLE;DE;ARGÜESO;ARGÜESO;11
CALLE;DE;ARGÜESO;ARGÜESO;11
CALLE;DE;ARGUMOSA;ARGUMOSA;1
CALLE;DE;ARIADNA;ARIADNA;8
CALLE;DE;ARIADNA;ARIADNA;16
CALLE;DE;ARIADNA;ARIADNA;16
CALLE;DE;ARIADNA;ARIADNA;21
CALLE;DE;ARIADNA;ARIADNA;21
CALLE;DE;ARIADNA;ARIADNA;21
CALLE;DE;ARIAS MONTANO;ARIAS MONTANO;3
CALLE;DE;ARIEL;ARIEL;2
CALLE;DE;ARIES;ARIES;21
CALLE;DE;ARISTOTELES;ARISTÓTELES;15
CALLE;DE;ARIZA;ARIZA;10
CALLE;DE LAS;ARIZONICAS;ARIZÓNICAS;12
CALLE;DE;ARJONA;ARJONA;9
CALLE;DE;ARLABAN;ARLABÁN;1
CALLE;DEL;ARLANZA;ARLANZA;11
CALLE;DE LA;ARMADA ESPAÑOLA;ARMADA ESPAÑOLA;4
CALLE;DE;ARMANDO PALACIO VALDES;ARMANDO PALACIO VALDÉS;5
CALLE;DE LAS;ARMAS;ARMAS;8
CALLE;DE;ARMENGOT;ARMENGOT;11
CALLE;DE;ARMENTEROS;ARMENTEROS;9
PLAZA;DE LA;ARMERIA;ARMERÍA;1
PLAZA;DE;ARMILLA;ARMILLA;10
CALLE;DE;ARMINZA;ARMINZA;9
CALLE;DE LA;ARMONIA;ARMONÍA;16
CALLE;DE LA;ARMONICA;ARMÓNICA;19
CALLE;DE;ARNEDILLO;ARNEDILLO;8
CALLE;DE;ARNEDO;ARNEDO;11
CALLE;DEL;ARO;ARO;10
CALLE;DEL;ARPA;ARPA;19
PASEO;;ARQUEOLOGA CHARO LUCAS;ARQUEÓLOGA CHARO LUCAS;8
AVENIDA;DE LOS;ARQUEROS;ARQUEROS;10
CALLE;DE;ARQUIMEDES;ARQUÍMEDES;19
CALLE;DEL;ARQUITECTO GAUDI;ARQUITECTO GAUDÍ;5
CALLE;DEL;ARQUITECTO LOPEZ OTERO;ARQUITECTO LÓPEZ OTERO;9
CALLE;DEL;ARQUITECTO RAFAEL LEOZ;ARQUITECTO RAFAEL LEOZ;9
CALLE;DEL;ARQUITECTO SANCHEZ ARCAS;ARQUITECTO SÁNCHEZ ARCAS;9
CALLE;DE LA;ARQUITECTURA;ARQUITECTURA;2
CALLE;DE LA;ARQUITECTURA DE TARRAGONA;ARQUITECTURA DE TARRAGONA;11
CALLE;DE;ARRASTARIA;ARRASTARIA;20
CALLE;DE LOS;ARRAYANES;ARRAYANES;10
CALLE;DEL;ARRECIFE;ARRECIFE;9
CALLE;DEL;ARRECIFE;ARRECIFE;9
CALLE;DE;ARREGUI Y ARUEJ;ARREGUI Y ARUEJ;3
CALLE;DE;ARRIAGA;ARRIAGA;15
CALLE;DE;ARRIAGA;ARRIAGA;15
PASAJE;DE;ARRIAGA;ARRIAGA;15
CALLE;DE;ARRIAZA;ARRIAZA;9
CALLE;DE;ARRIETA;ARRIETA;1
CALLE;DEL;ARROYO;ARROYO;6
TRAVESÍA;DEL;ARROYO;ARROYO;6
CALLE;DEL;ARROYO BELINCOSO;ARROYO BELINCOSO;14
CALLE;DEL;ARROYO BELINCOSO;ARROYO BELINCOSO;14
CALLE;DEL;ARROYO BUENO;ARROYO BUENO;17
CALLE;DEL;ARROYO DE LA BULERA;ARROYO DE LA BULERA;17
CALLE;DEL;ARROYO DE LA ELIPA;ARROYO DE LA ELIPA;15
CALLE;DEL;ARROYO DE LA GAVIA;ARROYO DE LA GAVIA;17
CALLE;DEL;ARROYO DE LA MEDIA LEGUA;ARROYO DE LA MEDIA LEGUA;14
CALLE;DEL;ARROYO DE LA MEDIA LEGUA;ARROYO DE LA MEDIA LEGUA;14
CALLE;DEL;ARROYO DE LA TIA MARTINA;ARROYO DE LA TÍA MARTINA;21
CALLE;DEL;ARROYO DE LAS PAVAS;ARROYO DE LAS PAVAS;11
CALLE;DEL;ARROYO DE LAS PILILLAS;ARROYO DE LAS PILILLAS;14
CALLE;DEL;ARROYO DE LAS PILILLAS;ARROYO DE LAS PILILLAS;14
CALLE;DEL;ARROYO DE LOS POS;ARROYO DE LOS POS;16
CALLE;DEL;ARROYO DE POZUELO;ARROYO DE POZUELO;9
PISTA;DEL;ARROYO DE TROFA;ARROYO DE TROFA;8
CALLE;DEL;ARROYO DE VALDEBEBAS;ARROYO DE VALDEBEBAS;16
CAMINO;DEL;ARROYO DE VALDEBEBAS;ARROYO DE VALDEBEBAS;16
CALLE;DEL;ARROYO DEL CANALILLO;ARROYO DEL CANALILLO;4
CALLE;DEL;ARROYO DEL CAÑAVERAL;ARROYO DEL CAÑAVERAL;19
CALLE;DEL;ARROYO DEL CHARCO DEL PESCADOR;ARROYO DEL CHARCO DEL PESCADOR;16
CAMINO;DEL;ARROYO DEL FRAILE;ARROYO DEL FRAILE;8
CALLE;DEL;ARROYO DEL HOYO;ARROYO DEL HOYO;19
CALLE;DEL;ARROYO DEL JUNCAL;ARROYO DEL JUNCAL;19
CALLE;DEL;ARROYO DEL MONTE;ARROYO DEL MONTE;8
CALLE;DEL;ARROYO DEL MONTE;ARROYO DEL MONTE;8
CALLE;DEL;ARROYO DEL MONTE;ARROYO DEL MONTE;8
CAMINO;DEL;ARROYO DEL MONTE;ARROYO DEL MONTE;8
CALLE;DEL;ARROYO DEL OLIVAR;ARROYO DEL OLIVAR;13
CALLE;DEL;ARROYO DEL OLIVAR;ARROYO DEL OLIVAR;13
CALLE;DEL;ARROYO DEL OLIVAR;ARROYO DEL OLIVAR;13
CALLE;DEL;ARROYO DEL QUINTO;ARROYO DEL QUINTO;16
AVENIDA;DEL;ARROYO DEL SANTO;ARROYO DEL SANTO;16
CALLE;DEL;ARROYO FONTARRON;ARROYO FONTARRÓN;14
CALLE;DEL;ARROYO FONTARRON;ARROYO FONTARRÓN;14
CALLE;DEL;ARROYO OPAÑEL;ARROYO OPAÑEL;11
CALLE;DEL;ARROYO VALDECELADA;ARROYO VALDECELADA;11
CALLE;DEL;ARROYO VARHONDILLO;ARROYO VARHONDILLO;9
CALLE;DE;ARROYOFRESNO;ARROYOFRESNO;8
CALLE;DE;ARROYOFRESNO;ARROYOFRESNO;9
CALLE;DE;ARROYOMOLINO;ARROYOMOLINO;21
CALLE;DEL;ARROZ;ARROZ;9
CALLE;DEL;ARROZAL;ARROZAL;20
CALLE;DE;ARTAJONA;ARTAJONA;9
CALLE;DEL;ARTE;ARTE;15
CALLE;DEL;ARTE ABSTRACTO;ARTE ABSTRACTO;18
CALLE;DEL;ARTE CONCEPTUAL;ARTE CONCEPTUAL;18
CALLE;DEL;ARTE EXPRESIONISTA;ARTE EXPRESIONISTA;18
CALLE;DEL;ARTE FIGURATIVO;ARTE FIGURATIVO;18
CALLE;DEL;ARTE FIGURATIVO;ARTE FIGURATIVO;18
CALLE;DEL;ARTE HIPERREALISTA;ARTE HIPERREALISTA;18
CALLE;DEL;ARTE HIPERREALISTA;ARTE HIPERREALISTA;18
CALLE;DEL;ARTE MINIMAL;ARTE MINIMAL;18
CALLE;DEL;ARTE MUDEJAR DE TERUEL;ARTE MUDÉJAR DE TERUEL;11
CALLE;DEL;ARTE POP;ARTE POP;18
CALLE;DEL;ARTE RUPESTRE DEL MEDITERRANEO;ARTE RUPESTRE DEL MEDITERRÁNEO;11
CALLE;DE;ARTEIJO;ARTEIJO;9
PLAZA;DE;ARTEIJO;ARTEIJO;8
CALLE;DE;ARTEMISA;ARTEMISA;21
CALLE;DE;ARTENERA;ARTENERA;15
CALLE;DE;ARTESA DE SEGRE;ARTESA DE SEGRE;9
CALLE;DE LA;ARTESANIA;ARTESANÍA;17
PLAZUELA;DE LOS;ARTESANOS;ARTESANOS;15
PLAZUELA;DE LOS;ARTESANOS;ARTESANOS;20
CALLE;DE LOS;ARTIFICES;ARTÍFICES;20
GLORIETA;DE LA;ARTILLERIA ANTIAEREA;ARTILLERÍA ANTIAÉREA;8
PASEO;DE LOS;ARTILLEROS;ARTILLEROS;14
PASEO;DE LOS;ARTILLEROS;ARTILLEROS;19
PASEO;DE LOS;ARTILLEROS;ARTILLEROS;19
CALLE;DE LOS;ARTISTAS;ARTISTAS;6
CALLE;DE;ARTURO BALDASANO;ARTURO BALDASANO;15
PLAZA;DE;ARTURO BAREA;ARTURO BAREA;1
CALLE;DE;ARTURO DUPERIER;ARTURO DUPERIER;8
CALLE;DE;ARTURO MARCOS;ARTURO MARCOS;18
CALLE;DE;ARTURO MELIDA;ARTURO MÉLIDA;11
CALLE;DE;ARTURO SORIA;ARTURO SORIA;15
CALLE;DE;ARTURO SORIA;ARTURO SORIA;15
CALLE;DE;ARTURO SORIA;ARTURO SORIA;15
CALLE;DE;ARTURO SORIA;ARTURO SORIA;15
CALLE;DE;ARTURO SORIA;ARTURO SORIA;15
CALLE;DE;ARTURO SORIA;ARTURO SORIA;15
CALLE;DE;ARTURO SORIA;ARTURO SORIA;15
CALLE;DEL;ARZOBISPO COS;ARZOBISPO COS;15
CALLE;DEL;ARZOBISPO MORCILLO;ARZOBISPO MORCILLO;8
CALLE;DE;ARZUA;ARZÚA;16
PLAZA;DE LA;ASAMBLEA DE MADRID;ASAMBLEA DE MADRID;13
PLAZA;DE LAS;ASAMBLEAS;ASAMBLEAS;12
CALLE;DE;ASCAO;ASCAO;15
CALLE;DE;ASCENSION BIELSA;ASCENSIÓN BIELSA;13
CALLE;DEL;ASFALTO;ASFALTO;17
PLAZA;DE LA;ASOCIACION;ASOCIACIÓN;12
JARDÍN;DE LAS;ASOCIACIONES;ASOCIACIONES;11
CALLE;DE;ASPARIEGOS;ASPARIEGOS;20
AVENIDA;DEL;ASTER;ASTER;5
CALLE;DE LOS;ASTEROIDES;ASTEROIDES;19
CALLE;DE;ASTILLERO;ASTILLERO;17
CALLE;DE;ASTORGA;ASTORGA;15
CALLE;DE;ASTORGA DE LAS CARCAVAS;ASTORGA DE LAS CÁRCAVAS;16
CALLE;DEL;ASTROLABIO;ASTROLABIO;9
CALLE;DE LOS;ASTROS;ASTROS;3
PLAZA;DE LOS;ASTROS;ASTROS;3
CALLE;DE;ASTUN;ASTÚN;9
CALLE;DE LOS;ASTURIANOS;ASTURIANOS;13
AVENIDA;DE;ASTURIAS;ASTURIAS;6
AVENIDA;DE;ASTURIAS;ASTURIAS;8
AVENIDA;DE;ASTURIAS;ASTURIAS;8
AVENIDA;DE;ASTURIAS;ASTURIAS;9
CALLE;DE LA;ASUNCION;ASUNCIÓN;12
CALLE;DE;ASUNCION CASTELL;ASUNCIÓN CASTELL;6
CALLE;DE;ASUNCION CUESTABLANCA;ASUNCIÓN CUESTABLANCA;16
CALLE;DE;ASUNCION PEREZ VIZCAINO;ASUNCIÓN PÉREZ VIZCAÍNO;15
CALLE;DE;ASURA;ASURA;15
CALLE;DE;ASURA;ASURA;15
CALLE;DE;ASURA;ASURA;16
CALLE;DE;ASURA;ASURA;16
CALLE;DEL;ATAJO;ATAJO;7
CALLE;DE LA;ATALAYA;ATALAYA;5
CAMINO;DE LA;ATALAYUELA;ATALAYUELA;8
CALLE;DE;ATANAGILDO;ATANAGILDO;11
CALLE;DE;ATAPUERCA;ATAPUERCA;11
CALLE;DE;ATECA;ATECA;10
CALLE;DE;ATENAS;ATENAS;14
CALLE;DEL;ATHLETIC;ATHLETIC;8
CALLE;DE;ATHOS;ATHOS;10
AVENIDA;DEL;ATLETICO AVIACION;ATLÉTICO AVIACIÓN;20
CALLE;DEL;ATLETICO DE MADRID;ATLÉTICO DE MADRID;11
CALLE;DE;ATOCHA;ATOCHA;1
CALLE;DE;ATOCHA;ATOCHA;1
CALLE;DE;ATOCHA;ATOCHA;1
RONDA;DE;ATOCHA;ATOCHA;1
RONDA;DE;ATOCHA;ATOCHA;2
CALLE;DE;AUGUSTO FIGUEROA;AUGUSTO FIGUEROA;1
CALLE;DE;AUGUSTO FIGUEROA;AUGUSTO FIGUEROA;1
CALLE;DE;AUGUSTO GONZALEZ BESADA;AUGUSTO GONZÁLEZ BESADA;14
CALLE;DE;AUGUSTOBRIGA;AUGUSTOBRIGA;17
CALLE;DE;AULENCIA;AULENCIA;9
CALLE;DE;AUÑON;AUÑÓN;17
CALLE;DE;AURELIANO DE BERUETE;AURELIANO DE BERUETE;20
CALLE;DE;AURELIO DE LA TORRE;AURELIO DE LA TORRE;9
CALLE;DE;AURELIO GONZALEZ DE GREGORIO;AURELIO GONZÁLEZ DE GREGORIO;8
CALLE;DEL;AURIGA;AURIGA;9
CALLE;DE LA;AURORA;AURORA;9
AVENIDA;DE LA;AURORA BOREAL;AURORA BOREAL;19
AVENIDA;DE LA;AURORA BOREAL;AURORA BOREAL;19
AVENIDA;DE LA;AURORA BOREAL;AURORA BOREAL;19
CALLE;DE;AURORA IGLESIAS;AURORA IGLESIAS;13
CALLE;DE;AURORA REDONDO;AURORA REDONDO;16
CALLE;DE;AUSTRIA;AUSTRIA;16
CALLE;DE;AUSTRIA;AUSTRIA;20
CALLE;DEL;AUTILLO;AUTILLO;9
CALLE;DEL;AUTOGIRO;AUTOGIRO;21
TRAVESÍA;DEL;AUTOGIRO;AUTOGIRO;21
CALLE;DE;AUTOL;AUTOL;15
CALLE;DEL;AVE DEL PARAISO;AVE DEL PARAÍSO;9
CALLE;DEL;AVE MARIA;AVE MARÍA;1
CALLE;DE LA;AVECILLA;AVECILLA;11
CALLE;DEL;AVEFRIA;AVEFRÍA;11
CALLE;DE;AVEIRO;AVEIRO;11
CALLE;DE;AVELINO FERNANDEZ DE LA POZA;AVELINO FERNÁNDEZ DE LA POZA;13
CALLE;DE;AVELINO MONTERO RIOS;AVELINO MONTERO RÍOS;6
CALLE;DE LA;AVELLANA;AVELLANA;15
CALLE;DE LA;AVENA;AVENA;12
CALLE;DE;AVENDAÑO;AVENDAÑO;3
PASAJE;DE LA;AVENENCIA;AVENENCIA;17
CALLE;DE;AVERROES;AVERROES;3
CALLE;DEL;AVESTRUZ;AVESTRUZ;10
AVENIDA;DE LA;AVIACION;AVIACIÓN;10
AVENIDA;DE LA;AVIACION;AVIACIÓN;10
AVENIDA;DE LA;AVIACION;AVIACIÓN;10
CALLE;DE LA;AVIACION ESPAÑOLA;AVIACIÓN ESPAÑOLA;7
CALLE;DEL;AVIADOR FRANCO;AVIADOR FRANCO;9
CALLE;DEL;AVIADOR LINDBERGH;AVIADOR LINDBERGH;5
CALLE;DEL;AVIADOR ZORITA;AVIADOR ZORITA;6
CALLE;DE LA;AVICULTURA;AVICULTURA;20
CALLE;DE;AVILA;ÁVILA;6
CALLE;DE;AVILES;AVILÉS;10
CALLE;DE LA;AVOCETA;AVOCETA;9
RONDA;DE LA;AVUTARDA;AVUTARDA;16
CALLE;DE;AYACUCHO;AYACUCHO;16
CALLE;DE;AYALA;AYALA;4
CALLE;DE;AYALA;AYALA;4
CALLE;DE;AYAMONTE;AYAMONTE;11
CALLE;DE;AYERBE;AYERBE;21
CALLE;DE;AYERBE;AYERBE;21
CALLE;DE;AYLLON;AYLLÓN;10
CALLE;DE;AYTONA;AYTONA;10
CALLE;DEL;AZABACHE;AZABACHE;11
CALLE;DEL;AZAFRAN;AZAFRÁN;9
CALLE;DE;AZAGRA;AZAGRA;16
CALLE;DEL;AZAHAR;AZAHAR;6
AVENIDA;DE LAS;AZALEAS;AZALEAS;8
AVENIDA;DE LAS;AZALEAS;AZALEAS;16
CALLE;DE;AZCOITIA;AZCOITIA;11
CALLE;DE;AZCONA;AZCONA;4
CALLE;DE;AZOFRA;AZOFRA;8
CALLE;DEL;AZOR;AZOR;10
GLORIETA;DE;AZORIN;AZORÍN;1
CALLE;DE;AZPEITIA;AZPEITIA;9
CALLE;DE;AZUAGA;AZUAGA;9
CALLE;DE LAS;AZUCENAS;AZUCENAS;6
CALLE;DEL;AZUFRE;AZUFRE;17
CALLE;;AZUL;AZUL;8
PASEO;;AZUL;AZUL;9
CALLE;DEL;AZULEJO;AZULEJO;4
CALLE;DE LAS;AZULINAS;AZULINAS;5
CALLE;DE;AZUQUECA;AZUQUECA;17
CALLE;DE LA;AZURITA;AZURITA;9
CALLE;DE;BABILAFUENTE;BABILAFUENTE;18
CALLE;DE;BABILONIA;BABILONIA;21
CALLE;DE;BACARES;BACARES;16
CALLE;DE;BACOY;BACOY;10
AVENIDA;DE;BADAJOZ;BADAJOZ;15
CALLE;DE;BADALONA;BADALONA;8
CALLE;DE;BAENA;BAENA;10
CALLE;DE;BAEZA;BAEZA;5
CALLE;DE LA;BAHIA;BAHÍA;9
CALLE;DE LA;BAHIA DE ALCUDIA;BAHÍA DE ALCUDIA;21
CALLE;DE LA;BAHIA DE ALGECIRAS;BAHÍA DE ALGECIRAS;16
CALLE;DE LA;BAHIA DE ALICANTE;BAHÍA DE ALICANTE;21
CALLE;DE LA;BAHIA DE ALMERIA;BAHÍA DE ALMERÍA;21
CALLE;DE LA;BAHIA DE CADIZ;BAHÍA DE CÁDIZ;21
CALLE;DE LA;BAHIA DE CARTAGENA;BAHÍA DE CARTAGENA;21
CALLE;DE LA;BAHIA DE GANDO;BAHÍA DE GANDO;21
CALLE;DE LA;BAHIA DE LA CONCHA;BAHÍA DE LA CONCHA;21
CALLE;DE LA;BAHIA DE MAHON;BAHÍA DE MAHÓN;21
CALLE;DE LA;BAHIA DE MALAGA;BAHÍA DE MÁLAGA;21
CALLE;DE LA;BAHIA DE PALMA;BAHÍA DE PALMA;21
CALLE;DE LA;BAHIA DE POLLENSA;BAHÍA DE POLLENSA;21
CALLE;DE LA;BAHIA DE SANTA POLA;BAHÍA DE SANTA POLA;21
CALLE;DE LA;BAHIA DE SANTANDER;BAHÍA DE SANTANDER;21
CALLE;DE LA;BAHIA DE SANTOÑA;BAHÍA DE SANTOÑA;21
PLAZA;DEL;BAILE;BAILE;8
CALLE;DE;BAILEN;BAILÉN;1
CALLE;;BAJA DE LA IGLESIA;BAJA DE LA IGLESIA;9
CALLE;DE LA;BAJAMAR;BAJAMAR;17
PASEO;;BAJO DE CASIMIRO GOMEZ ORTEGA;BAJO DE CASIMIRO GÓMEZ ORTEGA;3
PASEO;;BAJO DE LA VIRGEN DEL PUERTO;BAJO DE LA VIRGEN DEL PUERTO;1
PASEO;;BAJO DE LA VIRGEN DEL PUERTO;BAJO DE LA VIRGEN DEL PUERTO;2
CAMINO;;BAJO DE LOS LLANOS;BAJO DE LOS LLANOS;17
CALLE;DE;BALAGUER;BALAGUER;16
CALLE;DEL;BALANDRO;BALANDRO;21
CALLE;DE;BALBINA VALVERDE;BALBINA VALVERDE;5
CALLE;DE;BALCANICA;BALCÁNICA;21
CALLE;DEL;BALCON DE CORRALEJOS;BALCÓN DE CORRALEJOS;21
CALLE;DE;BALEARES;BALEARES;11
CALLE;DE LA;BALLESTA;BALLESTA;1
CALLE;DE;BALMASEDA;BALMASEDA;21
CALLE;DE;BALMES;BALMES;7
CALLE;DE LAS;BALSAMINAS;BALSAMINAS;6
CALLE;DE;BALTANAS;BALTANÁS;11
CALLE;DE;BALTASAR;BALTASAR;16
CALLE;DE;BALTASAR DEL ALCAZAR;BALTASAR DEL ALCÁZAR;15
CALLE;DE;BALTASAR GRACIAN;BALTASAR GRACIÁN;1
CALLE;DE;BALTASAR SANTOS;BALTASAR SANTOS;13
CALLE;DEL;BAMBU;BAMBÚ;5
PLAZA;DE;BAMI;BAMI;15
CALLE;DE LA;BANANA;BANANA;11
CALLE;DE;BANDE;BANDE;21
CALLE;DE LA;BANDERA;BANDERA;11
CAMINO;DEL;BAÑIL;BAÑIL;8
CALLE;DE;BAÑOS DE MONTEMAYOR;BAÑOS DE MONTEMAYOR;2
CALLE;DE;BAÑOS DE VALDEARADOS;BAÑOS DE VALDEARADOS;18
CALLE;DE;BARACALDO;BARACALDO;6
CALLE;DE;BARACALDO;BARACALDO;6
CALLE;DE;BARANOA;BARANOA;16
CALLE;DE;BARBADILLO;BARBADILLO;21
PLAZA;DE;BARBADOS;BARBADOS;20
CALLE;DE;BARBARA DE BRAGANZA;BÁRBARA DE BRAGANZA;1
CALLE;DE;BARBASTRO;BARBASTRO;20
PLAZA;DE;BARBATAIN;BARBATÁIN;11
CALLE;DE;BARBATE;BARBATE;11
CALLE;DE;BARBERAN;BARBERÁN;8
CALLE;DE;BARBIERI;BARBIERI;1
CALLE;DE LA;BARCA;BARCA;15
CALLE;DE LA;BARCA;BARCA;19
CAMINO;DE LA;BARCA O DE LA CASA DE TILLY;BARCA O DE LA CASA DE TILLY;19
CALLE;DE;BARCARROTA;BARCARROTA;21
CALLE;DE;BARCELO;BARCELÓ;1
CALLE;DE;BARCELONA;BARCELONA;1
CALLE;DE;BARCENILLA;BARCENILLA;16
CALLE;DEL;BARCO;BARCO;1
CALLE;DE LA;BARDALA;BARDALA;6
CALLE;DEL;BARDEGUERAL;BARDEGUERAL;9
CALLE;DE;BARICHARA;BARICHARA;16
PLAZA;DE;BARICHARA;BARICHARA;16
CALLE;DE;BARILOCHE;BARILOCHE;21
CALLE;DEL;BARIO;BARIO;17
CALLE;DE;BARLOVENTO;BARLOVENTO;15
CALLE;DEL;BARON DE LA TORRE;BARÓN DE LA TORRE;16
CALLE;DEL;BARON DEL CASTILLO DE CHIREL;BARÓN DEL CASTILLO DE CHIREL;6
PASEO;DE LAS;BARQUILLAS;BARQUILLAS;21
CALLE;DEL;BARQUILLO;BARQUILLO;1
CALLE;DE;BARRAFON;BARRAFÓN;10
PLAZA;DE;BARRAGAN;BARRAGÁN;11
PLAZA;DE;BARRAGAN;BARRAGÁN;11
CALLE;DE;BARRANCA;BARRANCA;12
CAMINO;DEL;BARRANCO DE GIL;BARRANCO DE GIL;8
CAMINO;DEL;BARRANCO DE LA HIERBA;BARRANCO DE LA HIERBA;8
CAMINO;DEL;BARRANCO DE LA REINA;BARRANCO DE LA REINA;8
CALLE;DEL;BARRANCO DEL NOVILLO;BARRANCO DEL NOVILLO;18
AVENIDA;DE LA;BARRANQUILLA;BARRANQUILLA;16
CALLE;DE;BARRENCALLE;BARRENCALLE;9
CALLE;DEL;BARRIAL;BARRIAL;9
CAMINO;DEL;BARRIAL;BARRIAL;9
CALLE;DE;BARRILERO;BARRILERO;3
CALLE;DE;BARRILERO;BARRILERO;4
CALLE;DEL;BARRIO DE CAMARILLAS;BARRIO DE CAMARILLAS;21
CARRETERA;DEL;BARRIO DE LA FORTUNA;BARRIO DE LA FORTUNA;10
CARRETERA;DEL;BARRIO DE LA FORTUNA;BARRIO DE LA FORTUNA;10
CALLE;DE;BARRIONUEVO;BARRIONUEVO;10
CALLE;DE;BARRIONUEVO;BARRIONUEVO;10
PLAZA;DEL;BASALTO;BASALTO;12
CALLE;DE;BASAURI;BASAURI;9
CALLE;DE;BASAURI;BASAURI;9
CALLE;DE;BASCONES;BÁSCONES;6
CALLE;DE;BASCUÑANA;BASCUÑANA;21
CALLE;DE;BASCUÑUELOS;BASCUÑUELOS;17
CALLE;DE;BASELLA;BASELLA;21
PLAZA;DE;BASILEA;BASILEA;4
CALLE;DE LA;BASILICA;BASÍLICA;6
CALLE;DE;BASILIO DE PRADO;BASILIO DE PRADO;8
CALLE;DE;BASILIO PARAISO;BASILIO PARAÍSO;4
CALLE;DEL;BASTERO;BASTERO;1
CALLE;DE LA;BATALLA DE FARSALIA;BATALLA DE FARSALIA;19
CALLE;DE LA;BATALLA DE LAS TERMOPILAS;BATALLA DE LAS TERMÓPILAS;19
CALLE;DE LA;BATALLA DE MUHLBERG;BATALLA DE MUHLBERG;7
CALLE;DE LA;BATALLA DE OTUMBA;BATALLA DE OTUMBA;7
CALLE;DE LA;BATALLA DE SALAMINA;BATALLA DE SALAMINA;19
CALLE;DE LA;BATALLA DE TESALIA;BATALLA DE TESALIA;19
CALLE;DE LA;BATALLA DE TORRIJOS;BATALLA DE TORRIJOS;11
CALLE;DE LA;BATALLA DE WAD-RAS;BATALLA DE WAD-RÁS;8
CALLE;DE LA;BATALLA DEL GARELLANO;BATALLA DEL GARELLANO;9
CALLE;DE LA;BATALLA DEL SALADO;BATALLA DEL SALADO;2
CALLE;DE LA;BATALLA DEL SALADO;BATALLA DEL SALADO;2
CALLE;DEL;BATALLON;BATALLÓN;8
CAMINO;DEL;BATAN;BATÁN;9
CAMINO;DEL;BATAN;BATÁN;9
CALLE;DEL;BATEL;BATEL;21
CALLE;DE LAS;BATERIAS;BATERÍAS;15
CALLE;DE;BATRES;BATRES;18
CALLE;DE;BATRES;BATRES;18
CALLE;DE ;BAUSA;BAUSÁ;15
AVENIDA;DE;BAVIERA;BAVIERA;4
CALLE;DE;BAYONA;BAYONA;4
CALLE;DE;BAYUNCA;BAYUNCA;16
CALLE;DE;BAZA;BAZA;21
CALLE;DE;BEASAIN;BEASAIN;12
PLAZA;DE LA;BEATA MARIA ANA DE JESUS;BEATA MARÍA ANA DE JESÚS;2
PLAZA;DE LA;BEATA MARIA ANA DE JESUS;BEATA MARÍA ANA DE JESÚS;2
TRAVESÍA;DE LAS;BEATAS;BEATAS;1
CALLE;DEL;BEATO BERRIO OCHOA;BEATO BERRIO OCHOA;15
CALLE;DE;BEATRIZ AGREDANO;BEATRIZ AGREDANO;19
CALLE;DE;BEATRIZ DE BOBADILLA;BEATRIZ DE BOBADILLA;9
CALLE;DE;BEATRIZ GALINDO;BEATRIZ GALINDO;1
CALLE;DE;BECERREA;BECERREA;4
CALLE;DE;BECERREA;BECERREA;4
CALLE;DE;BECERREA;BECERREA;8
CALLE;DE;BECERREA;BECERREA;8
CALLE;DE;BECERRIL DE LA SIERRA;BECERRIL DE LA SIERRA;16
CALLE;DE LAS;BEGONIAS;BEGONIAS;16
CALLE;DE;BEGOÑA;BEGOÑA;4
CALLE;DE;BEIRE;BEIRE;6
CALLE;DE;BEJAR;BÉJAR;4
CALLE;DE;BELALCAZAR;BELALCÁZAR;5
PASAJE;DE;BELALCAZAR;BELALCÁZAR;5
CALLE;DE;BELEN;BELÉN;1
TRAVESÍA;DE;BELEN;BELÉN;1
CALLE;DEL;BELEÑO;BELEÑO;5
CALLE;DE;BELFAST;BELFAST;20
CALLE;DE;BELGICA;BÉLGICA;20
CALLE;DE;BELIANES;BELIANES;16
CALLE;DE;BELICE;BELICE;20
CALLE;DE;BELISANA;BELISANA;15
CALLE;DE;BELISANA;BELISANA;16
CALLE;DE LA;BELLA ALTISIDORA;BELLA ALTISIDORA;8
CALLE;DE LA;BELLADONA;BELLADONA;10
PASAJE;DE;BELLAS VISTAS;BELLAS VISTAS;6
CALLE;DE;BELLATERRA;BELLATERRA;21
CALLE;DE;BELLATRIX;BELLATRIX;9
CALLE;DE;BELLATRIX;BELLATRIX;15
CALLE;DE LA;BELLEZA;BELLEZA;4
CALLE;DE;BELLVER;BELLVER;6
TRAVESÍA;DE;BELLVER;BELLVER;6
CALLE;DE;BELMEZ;BÉLMEZ;13
CALLE;DE;BELMONTE DE TAJO;BELMONTE DE TAJO;11
CALLE;DE;BELORADO;BELORADO;8
CALLE;DE;BELVIS;BELVIS;7
CALLE;DE;BELVIS DE LA JARA;BELVIS DE LA JARA;11
CALLE;DE;BELZUNEGUI;BELZUNEGUI;11
CALLE;DE;BEMBIBRE;BEMBIBRE;16
CALLE;DE;BENADALID;BENADALID;13
CALLE;DE;BENALAURIA;BENALAURIA;13
CALLE;DE;BENALMADENA;BENALMÁDENA;13
CALLE;DE;BENAMARGOSA;BENAMARGOSA;13
CALLE;DE;BENAMEJI;BENAMEJÍ;13
CALLE;DE;BENARRABA;BENARRABA;13
CALLE;DE LA;BENDICION DE CAMPOS;BENDICIÓN DE CAMPOS;5
CALLE;DE;BENEFICA BELEN;BENÉFICA BELÉN;15
CALLE;DE LA;BENEFICENCIA;BENEFICENCIA;1
CALLE;DE;BENETUSER;BENETUSER;8
CALLE;DE;BENICARLO;BENICARLÓ;21
CALLE;DE;BENICASIM;BENICASIM;10
CALLE;DE;BENIDORM;BENIDORM;15
CALLE;DE;BENIFAYO;BENIFAYÓ;21
CALLE;DE;BENIFERRI;BENIFERRI;17
CALLE;DE;BENIFERRI;BENIFERRI;17
CALLE;DE;BENIGNO SOTO;BENIGNO SOTO;5
CALLE;DE;BENIMAMET;BENIMAMET;17
CALLE;DE;BENISODA;BENISODA;21
CALLE;DE;BENITA AVILA;BENITA ÁVILA;16
CALLE;DE;BENITA LOPEZ;BENITA LÓPEZ;17
CALLE;DE;BENITEZ;BENÍTEZ;21
CALLE;DE;BENITO DE CASTRO;BENITO DE CASTRO;4
CALLE;DE;BENITO GUTIERREZ;BENITO GUTIÉRREZ;9
CALLE;DE;BENITO MONFORT;BENITO MONFORT;21
CALLE;DE;BENITO MUÑOZ;BENITO MUÑOZ;16
CALLE;DE;BENITO PRIETO;BENITO PRIETO;11
CALLE;DE;BENITO VALDERAS;BENITO VALDERAS;2
CALLE;DE;BENJAMIN;BENJAMÍN;6
CALLE;DE;BENJAMIN PALENCIA;BENJAMÍN PALENCIA;13
CALLE;DE;BENJAMIN PALENCIA;BENJAMÍN PALENCIA;13
CALLE;DE;BENTAIGA;BENTAIGA;15
CALLE;DE;BERANGO;BERANGO;9
CALLE;DE;BERASTEGUI;BERÁSTEGUI;15
CALLE;DE;BERCIAL;BERCIAL;2
CALLE;DE;BERCIANOS DEL REAL CAMINO;BERCIANOS DEL REAL CAMINO;8
CALLE;DE;BERDUN;BERDÚN;8
CALLE;DE;BERENISA;BERENISA;9
CALLE;DE LA;BERENJENA;BERENJENA;1
CALLE;DEL;BERGANTIN;BERGANTÍN;21
CALLE;DEL;BERILO;BERILO;2
CALLE;DE;BERLANAS;BERLANAS;10
CALLE;DE;BERLANGA DE DUERO;BERLANGA DE DUERO;16
CALLE;DE;BERLIN;BERLÍN;4
CALLE;DE;BERMEO;BERMEO;9
CALLE;DE;BERMUDEZ CAÑETE;BERMÚDEZ CAÑETE;5
CALLE;DE;BERNA;BERNA;4
CALLE;DE;BERNARDA GARCIA;BERNARDA GARCÍA;19
CALLE;DE;BERNARDINA ARANGUREN;BERNARDINA ARANGUREN;11
CALLE;DE;BERNARDINA GARCIA;BERNARDINA GARCÍA;10
CALLE;DE;BERNARDINO DE ANTEQUERA;BERNARDINO DE ANTEQUERA;12
CALLE;DE;BERNARDINO DE PANTORBA;BERNARDINO DE PANTORBA;18
CALLE;DE;BERNARDINO OBREGON;BERNARDINO OBREGÓN;2
CALLE;DE;BERNARDO BONEZZI;BERNARDO BONEZZI;9
CALLE;DE;BERNARDO DE LA TORRE ROJAS;BERNARDO DE LA TORRE ROJAS;9
CALLE;DE;BERNARDO LOPEZ GARCIA;BERNARDO LÓPEZ GARCÍA;1
CALLE;DE;BERNEDO;BERNEDO;20
CALLE;DE;BERRIO PLANA;BERRIO PLANA;11
CALLE;DEL;BERROCAL;BERROCAL;17
CALLE;DE;BERRUGUETE;BERRUGUETE;6
TRAVESÍA;DE;BERRUGUETE;BERRUGUETE;6
CALLE;DE;BERTRAND RUSSELL;BERTRAND RUSSELL;8
CALLE;DE;BERZOSA DE LOZOYA;BERZOSA DE LOZOYA;17
CALLE;DE;BESOLLA;BESOLLA;11
CALLE;DE;BESOLLA;BESOLLA;11
CALLE;DE;BET FIGUERAS;BET FIGUERAS;16
CALLE;DE;BETANCUNIA;BETANCUNIA;15
CALLE;DE;BETANIA;BETANIA;3
AVENIDA;DE;BETANZOS;BETANZOS;8
AVENIDA;DE;BETANZOS;BETANZOS;8
CALLE;DE;BIARRITZ;BIARRITZ;4
CALLE;DE LA;BICICLETA;BICICLETA;19
CALLE;DEL;BIDASOA;BIDASOA;5
CALLE;DE;BIELSA;BIELSA;21
CALLE;DE;BIGASTRO;BIGASTRO;10
GLORIETA;DE;BILBAO;BILBAO;1
GLORIETA;DE;BILBAO;BILBAO;7
CALLE;DE;BINEFAR;BINÉFAR;11
CALLE;DEL;BIOMBO;BIOMBO;1
PLAZA;DEL;BIOMBO;BIOMBO;1
TRAVESÍA;DEL;BIOMBO;BIOMBO;1
CALLE;DE;BIOSCA;BIOSCA;16
TRAVESÍA;DE;BIOSCA;BIOSCA;16
CALLE;DE;BIOTA;BIOTA;6
PASAJE;DE;BISBAL;BISBAL;4
CALLE;DEL;BISMUTO;BISMUTO;17
CALLE;DE LA;BISUTERIA;BISUTERÍA;20
CALLE;DE LA;BLANCA;BLANCA;11
CALLE;DE;BLANCA DE CASTILLA;BLANCA DE CASTILLA;9
CALLE;DE;BLANCA DE NAVARRA;BLANCA DE NAVARRA;7
CALLE;DE;BLANCA LUNA;BLANCA LUNA;13
CALLE;DE;BLANCAFORT;BLANCAFORT;21
CALLE;DEL;BLANDON;BLANDÓN;11
CALLE;DE;BLANES;BLANES;21
CALLE;DE;BLAS CABRERA;BLAS CABRERA;10
AVENIDA;DE;BLAS DE LEZO;BLAS DE LEZO;19
CALLE;DE;BLASA PEREZ;BLASA PÉREZ;11
CALLE;DE;BLASCO DE GARAY;BLASCO DE GARAY;7
CALLE;DE;BLASCO DE GARAY;BLASCO DE GARAY;7
CALLE;DE;BLASCO DE GARAY;BLASCO DE GARAY;7
CALLEJÓN;DE;BLASCO DE GARAY;BLASCO DE GARAY;7
CALLE;DEL;BLASON;BLASÓN;11
CALLE;DE LA;BLENDA;BLENDA;9
CALLE;DE;BOADA;BOADA;13
CALLE;DE;BOADILLA DEL CAMINO;BOADILLA DEL CAMINO;8
CALLE;DE;BOADILLA DEL MONTE;BOADILLA DEL MONTE;11
CARRETERA;DE;BOADILLA DEL MONTE;BOADILLA DEL MONTE;9
CARRETERA;DE;BOADILLA DEL MONTE;BOADILLA DEL MONTE;10
CARRETERA;DE;BOADILLA DEL MONTE;BOADILLA DEL MONTE;10
CARRETERA;DE;BOADILLA DEL MONTE;BOADILLA DEL MONTE;10
CARRETERA;DE;BOADILLA DEL MONTE;BOADILLA DEL MONTE;10
CARRETERA;DE;BOADILLA DEL MONTE;BOADILLA DEL MONTE;10
CALLE;DE;BOBBY DEGLANE;BOBBY DEGLANÉ;19
CALLE;DE;BOBBY DEGLANE;BOBBY DEGLANÉ;19
CALLE;DE;BOCANGEL;BOCÁNGEL;4
GLORIETA;DE;BOCCHERINI;BOCCHERINI;1
CALLE;DE;BOCHALEMA;BOCHALEMA;16
CAMINO;DEL;BODONAL;BODONAL;8
CALLE;DE;BOECILLO;BOECILLO;16
CALLE;DE;BOETTICHER Y NAVARRO;BOETTICHER Y NAVARRO;17
CALLE;DE;BOHEMIOS;BOHEMIOS;17
CALLE;DE;BOHONAL;BOHONAL;13
CALLE;DE;BOIRO;BOIRO;21
CALLE;DE;BOIX Y MORER;BOIX Y MORER;7
CALLE;DEL;BOJ;BOJ;16
CALLE;DE LA;BOLA;BOLA;1
CALLE;DE LA;BOLA DEL MUNDO;BOLA DEL MUNDO;9
CALLE;DE;BOLAÑOS;BOLAÑOS;13
CALLE;DE;BOLARQUE;BOLARQUE;9
CALLE;DE;BOLDANO;BOLDANO;15
CALLE;DE;BOLIVAR;BOLÍVAR;2
CALLE;DE;BOLIVAR;BOLÍVAR;2
CALLE;DE;BOLIVIA;BOLIVIA;5
CALLE;DE;BOLIVIA;BOLIVIA;5
PASEO;DE;BOLIVIA;BOLÍVIA;3
CALLE;DE;BOLONIA;BOLONIA;4
CALLE;DE LA;BOLSA;BOLSA;1
CALLE;DE;BOLTAÑA;BOLTAÑA;20
CALLE;DE;BOMBITA;BOMBITA;16
CALLE;DE LA;BONDAD;BONDAD;4
CALLE;DEL;BONETERO;BONETERO;5
CALLE;DEL;BONETILLO;BONETILLO;1
AVENIDA;DE;BONN;BONN;4
CALLE;DE LOS;BORDADORES;BORDADORES;1
CALLE;DE;BORGOÑA;BORGOÑA;20
CALLE;DE;BORJA;BORJA;10
CALLE;DE;BORJAS BLANCAS;BORJAS BLANCAS;16
CALLE;DE;BORMONIA;BORMONIA;20
CALLE;DE;BORNOS;BORNOS;21
CALLE;DE;BOROX;BOROX;21
CALLE;DE;BOROX;BOROX;21
CALLE;DEL;BOSQUE;BOSQUE;5
CALLE;DE;BOSTON;BOSTON;4
PLAZA;DE;BOSTON;BOSTON;4
CALLE;DE LA;BOTANICA;BOTÁNICA;4
CALLE;DEL;BOTANICO MUTIS;BOTÁNICO MUTIS;12
CALLE;DE LA;BOTICA;BOTICA;21
CALLE;DEL;BOTIJO;BOTIJO;9
CALLE;DE LAS;BOTONERAS;BOTONERAS;1
CALLE;DE;BOYACA;BOYACÁ;16
CALLE;DE;BOYER;BOYER;19
CAMINO;DE;BOYERIZA;BOYERIZA;18
CALLE;DE LOS;BRACEROS;BRACEROS;20
CALLE;DE;BRAGANZA;BRAGANZA;11
CALLE;DE;BRAILLE;BRAILLE;8
CALLE;DE;BRAOJOS;BRAOJOS;8
AVENIDA;DE;BRASIL;BRASIL;6
AVENIDA;DE;BRASIL;BRASIL;6
AVENIDA;DE;BRASILIA;BRASILIA;4
CALLE;DE;BRAULIO GUTIERREZ;BRAULIO GUTIÉRREZ;15
CALLE;;BRAVO;BRAVO;21
CALLE;DE;BRAVO MURILLO;BRAVO MURILLO;6
CALLE;DE;BRAVO MURILLO;BRAVO MURILLO;6
CALLE;DE;BRAVO MURILLO;BRAVO MURILLO;6
CALLE;DE;BRAVO MURILLO;BRAVO MURILLO;6
CALLE;DE;BRAVO MURILLO;BRAVO MURILLO;6
CALLE;DE;BRAVO MURILLO;BRAVO MURILLO;6
CALLE;DE;BRAVO MURILLO;BRAVO MURILLO;7
CALLE;DE;BRAVO MURILLO;BRAVO MURILLO;7
CALLE;DE;BRAVO MURILLO;BRAVO MURILLO;7
CALLE;DE;BRAVO MURILLO;BRAVO MURILLO;7
CALLE;DE;BREA DE TAJO;BREA DE TAJO;10
CALLE;DE;BREMEN;BREMEN;4
CALLE;DE;BREÑA;BREÑA;15
CALLE;DE;BRESCIA;BRESCIA;4
CALLE;DE;BRETAÑA;BRETAÑA;20
CALLE;DE;BRETON DE LOS HERREROS;BRETÓN DE LOS HERREROS;7
CALLE;DE LOS;BREZOS;BREZOS;21
CALLE;DE;BRIGIDA ALONSO;BRÍGIDA ALONSO;13
CALLE;DE;BRIHUEGA;BRIHUEGA;11
TRAVESÍA;DE;BRINGAS;BRINGAS;1
CALLE;DE;BRIONES;BRIONES;21
CALLE;DE;BRIONES;BRIONES;21
CALLE;DE LA;BRISA;BRISA;7
CALLE;DE;BRISTOL;BRISTOL;4
CALLE;DE;BRIVIESCA;BRIVIESCA;15
CALLE;DEL;BROCADO;BROCADO;20
CALLE;DEL;BRONCE;BRONCE;2
CALLE;DEL;BRONCE;BRONCE;2
CALLE;DE;BRUJAS;BRUJAS;14
CALLE;DE;BRUJAS;BRUJAS;14
CALLE;DE LA;BRUJULA;BRÚJULA;9
CALLE;DE;BRUNETE;BRUNETE;8
CALLE;DE;BRUNO ABUNDEZ;BRUNO ABÚNDEZ;13
CALLE;DE;BRUNO AYLLON;BRUNO AYLLÓN;6
CALLE;DE;BRUNO GARCIA;BRUNO GARCÍA;11
AVENIDA;DE;BRUSELAS;BRUSELAS;4
CALLE;DE;BUBIERCA;BUBIERCA;18
AVENIDA;DE;BUCARAMANGA;BUCARAMANGA;16
CALLE;DE;BUCAREST;BUCAREST;20
CALLE;DE;BUDAPEST;BUDAPEST;20
CALLE;DEL;BUEN GOBERNADOR;BUEN GOBERNADOR;15
CALLE;DEL;BUEN SUCESO;BUEN SUCESO;9
CALLE;DE LA;BUENAFUENTE;BUENAFUENTE;9
CALLE;DE;BUENAVISTA;BUENAVISTA;1
CALLE;DE;BUENDIA;BUENDÍA;13
AVENIDA;DE;BUENOS AIRES;BUENOS AIRES;13
AVENIDA;DE;BUENOS AIRES;BUENOS AIRES;13
AVENIDA;DE;BUENOS AIRES;BUENOS AIRES;13
CALLE;DE;BUESO PINEDA;BUESO PINEDA;15
CALLE;DE;BUESO PINEDA;BUESO PINEDA;16
CALLE;DE LA;BUGANVILLA;BUGANVILLA;5
RONDA;DE LA;BUGANVILLA DEL REY;BUGANVILLA DEL REY;9
RONDA;DE LA;BUGANVILLA DEL REY;BUGANVILLA DEL REY;9
CALLE;DE;BUGEDO;BUGEDO;21
CALLE;DEL;BUHO;BUHO;9
CALLE;DE;BUITRAGO DEL LOZOYA;BUITRAGO DEL LOZOYA;8
CALLE;DE;BUITRAGO DEL LOZOYA;BUITRAGO DEL LOZOYA;8
CALLE;DE;BUJALANCE;BUJALANCE;10
CALLE;DE;BUJALANCE;BUJALANCE;11
CALLE;DE LA;BUJIA;BUJÍA;20
CALLE;DEL;BULEVAR SUR;BULEVAR SUR;17
CALLE;DEL;BULEVAR SUR;BULEVAR SUR;18
CALLE;DE;BULGARIA;BULGARIA;20
PLAZA;DE;BURDEOS;BURDEOS;4
CALLE;DE;BURETA;BURETA;21
CALLE;DE;BURGO DE OSMA;BURGO DE OSMA;16
CALLE;DE;BURGOHONDO;BURGOHONDO;9
AVENIDA;DE;BURGOS;BURGOS;5
AVENIDA;DE;BURGOS;BURGOS;8
AVENIDA;DE;BURGOS;BURGOS;16
CALLE;DE;BURGOS;BURGOS;6
CALLE;DE;BURGUETE;BURGUETE;8
CALLE;DE;BURITICA;BURITICÁ;16
CALLE;DE;BURJASOT;BURJASOT;17
CALLE;DE;BURRIANA;BURRIANA;21
CALLE;DE;BUSACO;BUSACO;11
CALLE;DEL;BUSCON DON PABLOS;BUSCÓN DON PABLOS;21
CALLE;DE;BUSTAMANTE;BUSTAMANTE;2
CALLE;DE;BUSTAMANTE;BUSTAMANTE;2
CALLE;DE;BUSTARVIEJO;BUSTARVIEJO;6
CALLE;DE;BUSTILLO DEL ORO;BUSTILLO DEL ORO;6
CALLE;DE;BUSTOS;BUSTOS;13
GLORIETA;DE;BUTARQUE;BUTARQUE;17
CALLE;DEL;BUTRON;BUTRÓN;20
CALLE;DEL;CABALLERO ANDANTE;CABALLERO ANDANTE;17
CALLE;DEL;CABALLERO DE GRACIA;CABALLERO DE GRACIA;1
CALLE;DEL;CABALLERO DE GRACIA;CABALLERO DE GRACIA;1
CALLE;DEL;CABALLERO DE LA BLANCA LUNA;CABALLERO DE LA BLANCA LUNA;8
CALLE;DEL;CABALLERO DE LA CRUZ;CABALLERO DE LA CRUZ;17
CALLE;DEL;CABALLERO DE LA CRUZ;CABALLERO DE LA CRUZ;17
RONDA;DEL;CABALLERO DE LA MANCHA;CABALLERO DE LA MANCHA;8
CALLE;DEL;CABALLERO DE LA TRISTE FIGURA;CABALLERO DE LA TRISTE FIGURA;8
CALLE;DEL;CABALLERO DE LOS ESPEJOS;CABALLERO DE LOS ESPEJOS;8
CALLE;DEL;CABALLERO DE LOS LEONES;CABALLERO DE LOS LEONES;8
CALLE;DEL;CABALLERO DEL BOSQUE;CABALLERO DEL BOSQUE;17
CALLE;DEL;CABALLERO DEL VERDE GABAN;CABALLERO DEL VERDE GABÁN;17
CALLE;DE LOS;CABALLEROS;CABALLEROS;8
CALLE;DE;CABANILLAS DE LA SIERRA;CABANILLAS DE LA SIERRA;8
CALLE;DE;CABANILLAS DE LA SIERRA;CABANILLAS DE LA SIERRA;8
CALLE;DE LA;CABAÑA;CABAÑA;18
CALLE;DE LA;CABELLERA DE BERENICE;CABELLERA DE BERENICE;9
CALLE;DE;CABELLO LAPIEDRA;CABELLO LAPIEDRA;10
CALLE;DE LOS;CABESTREROS;CABESTREROS;1
TRAVESÍA;DE LOS;CABESTREROS;CABESTREROS;1
CAMINO;DE LOS;CABESTROS;CABESTROS;19
CALLE;DE LA;CABEZA;CABEZA;1
CALLE;DE;CABEZA DE HIERRO;CABEZA DE HIERRO;9
CALLE;DE;CABEZA DE MANZANEDA;CABEZA DE MANZANEDA;9
CALLE;DE;CABEZA GRANDE;CABEZA GRANDE;5
CALLE;DE;CABEZA LIJAR;CABEZA LÍJAR;9
CALLE;DE;CABEZA MESADA;CABEZA MESADA;18
CALLE;DE;CABEZA REINA;CABEZA REINA;5
CALLE;DE;CABEZAS DEL VILLAR;CABEZAS DEL VILLAR;10
CALLE;DE LAS;CABEZUELAS;CABEZUELAS;8
CALLE;DEL;CABO CAÑAVERAL;CABO CAÑAVERAL;9
CALLE;DEL;CABO CAÑAVERAL;CABO CAÑAVERAL;9
CALLE;DEL;CABO DE CREUS;CABO DE CREUS;13
CALLE;DEL;CABO DE TARIFA;CABO DE TARIFA;13
CALLE;;CABO INFANTERIA IDOIA RODRIGUEZ BUJAN;CABO INFANTERÍA IDOIA RODRÍGUEZ BUJÁN;10
CALLE;DEL;CABO LOPEZ MARTINEZ;CABO LÓPEZ MARTÍNEZ;8
CALLE;DEL;CABO MACHICHACO;CABO MACHICHACO;13
CALLE;DEL;CABO NICOLAS MUR;CABO NICOLÁS MUR;11
CALLE;DEL;CABO SUCESO TERRERO;CABO SUCESO TERRERO;11
CALLE;DE;CABOALLES;CABOALLES;9
CALLE;DE;CACABELOS;CACABELOS;16
CALLE;DE LOS;CACEREÑOS;CACEREÑOS;17
TRAVESÍA;DE LOS;CACEREÑOS;CACEREÑOS;17
CALLE;DE;CACERES;CÁCERES;2
CALLE;DE;CACERES;CÁCERES;2
CALLE;DEL;CACHERO;CACHERO;13
CALLE;DE;CACHIRA;CACHIRA;16
CALLE;DEL;CACTUS;CACTUS;6
CALLE;DEL;CACTUS;CACTUS;6
CALLE;DE;CADALSO DE LOS VIDRIOS;CADALSO DE LOS VIDRIOS;8
CALLE;DE;CADARSO;CADARSO;9
CALLE;DEL;CADETE JULIO LLOMPART;CADETE JULIO LLOMPART;11
CALLE;DE;CADIZ;CÁDIZ;1
GLORIETA;DE;CADIZ;CÁDIZ;12
GLORIETA;DE;CADIZ;CÁDIZ;12
CALLE;DEL;CAFETO;CAFETO;3
CALLE;DE LOS;CAIDOS DE LA DIVISION AZUL;CAÍDOS DE LA DIVISIÓN AZUL;5
CALLE;DE LOS;CAIDOS DE LA DIVISION AZUL;CAÍDOS DE LA DIVISIÓN AZUL;5
PASAJE;DE LA;CAJA DE AHORROS;CAJA DE AHORROS;1
CAMINO;DEL;CAJON DE TABERNERO;CAJÓN DE TABERNERO;8
CAMINO;DEL;CAJON DE TABERNERO;CAJÓN DE TABERNERO;8
CALLE;DE LA;CAL;CAL;12
RONDA;DE;CALA BASA;CALA BASA;16
CALLE;DE;CALABRIA;CALABRIA;20
CALLE;DE;CALAHORRA;CALAHORRA;19
CALLE;DE LA;CALAMINA;CALAMINA;17
CALLE;DE;CALAMOCHA;CALAMOCHA;17
CALLE;DEL;CALAMON;CALAMÓN;10
CALLE;DE;CALANDA;CALANDA;16
CALLE;DE LA;CALANDRIA;CALANDRIA;9
CALLE;DE LAS;CALAS;CALAS;5
CALLE;DE;CALASPARRA;CALASPARRA;16
CALLE;DE;CALATAÑAZOR;CALATAÑAZOR;20
CALLE;DE;CALATAYUD;CALATAYUD;10
CALLE;DE;CALATORAO;CALATORAO;20
CALLE;DE;CALATRAVA;CALATRAVA;1
CALLE;DEL;CALCIO;CALCIO;17
CALLE;DE LA;CALCOGRAFIA;CALCOGRAFÍA;3
CALLE;DE;CALDAS DE ESTRACH;CALDAS DE ESTRACH;8
CALLE;DE LA;CALDERA;CALDERA;21
CALLE;DE LA;CALDERERA;CALDERERA;19
CALLE;DE LA;CALDERERIA;CALDERERÍA;20
CALLE;DE LA;CALDERILLA;CALDERILLA;11
CALLE;DE;CALDERON;CALDERÓN;21
CALLE;DE;CALDERON DE LA BARCA;CALDERÓN DE LA BARCA;1
CALLE;DE;CALELLA;CALELLA;13
CALLE;DEL;CALENDARIO;CALENDARIO;20
CALLE;DE LA;CALENDULA;CALÉNDULA;16
CAMINO;DE LA;CALERA;CALERA;19
CALLE;DE LAS;CALERAS;CALERAS;5
COSTANILLA;DEL;CALERO;CALERO;15
CALLE;DE;CALERO PITA;CALERO PITA;13
CALLE;DE;CALERUEGA;CALERUEGA;15
PASAJE;DE;CALERUEGA;CALERUEGA;15
CALLE;DE LAS;CALESAS;CALESAS;12
CALLE;DE;CALI;CALI;16
PLAZA;DEL;CALICANTO;CALICANTO;6
CALLE;DE;CALIDON;CALIDÓN;15
PLAZA;DE LAS;CALIFORNIAS;CALIFORNIAS;3
CALLE;DE LA;CALIZA;CALIZA;19
PLAZA;DEL;CALLAO;CALLAO;1
CALLE;;CALLE PROVISIONAL AHIJONES TREINTA Y UNO;CALLE PROVISIONAL AHIJONES TREINTA Y UNO;19
CALLE;DE;CALLEJO;CALLEJO;13
CALLE;DEL;CALVARIO;CALVARIO;1
CALLE;DE;CALVO ASENSIO;CALVO ASENSIO;7
CALLE;DE;CALVO SOTELO;CALVO SOTELO;9
CALLE;DE;CALVO SOTELO;CALVO SOTELO;16
CALLE;DEL;MAR DE CORAL;MAR DE CORAL;16
CALLE;DE;CAMARAS;CÁMARAS;8
CALLE;DE;CAMARENA;CAMARENA;10
CALLE;DE;CAMARILLAS;CAMARILLAS;21
CALLE;DE;CAMARINES;CAMARINES;9
PASAJE;DE;CAMARMA DE ESTERUELAS;CAMARMA DE ESTERUELAS;5
CALLE;DE;CAMBADOS;CAMBADOS;16
CALLE;DE;CAMBORIO;CAMBORIO;17
CALLE;DE;CAMBRIJAS;CAMBRIJAS;11
CALLE;DE;CAMBRILS;CAMBRILS;8
CALLE;DE LAS;CAMELIAS;CAMELIAS;16
CALLE;DE;CAMICHI;CAMICHI;11
AVENIDA;DE;CAMILO JOSE CELA;CAMILO JOSÉ CELA;4
AVENIDA;DE;CAMILO JOSE CELA;CAMILO JOSÉ CELA;5
CALLE;DEL;CAMINO DE LOS VINATEROS;CAMINO DE LOS VINATEROS;3
CALLE;DEL;CAMINO DE LOS VINATEROS;CAMINO DE LOS VINATEROS;14
CALLE;DEL;CAMINO DE LOS VINATEROS;CAMINO DE LOS VINATEROS;14
CALLE;DEL;CAMINO DE LOS VINATEROS;CAMINO DE LOS VINATEROS;14
AVENIDA;DEL;CAMINO DE SANTIAGO;CAMINO DE SANTIAGO;8
CALLE;DEL;CAMINO VIEJO DE LEGANES;CAMINO VIEJO DE LEGANÉS;11
CALLE;DEL;CAMINO VIEJO DE LEGANES;CAMINO VIEJO DE LEGANÉS;11
CALLE;DEL;CAMINO VIEJO DE LEGANES;CAMINO VIEJO DE LEGANÉS;11
CALLE;DEL;CAMINO VIEJO DE VILLAVERDE;CAMINO VIEJO DE VILLAVERDE;12
CALLE;DE LOS;CAMINOS;CAMINOS;16
PASEO;DE;CAMOENS Y VALERO;CAMOENS Y VALERO;9
PLAZA;DE;CAMORRITOS;CAMORRITOS;15
CALLE;DEL;CAMPANAR;CAMPANAR;4
GLORIETA;DEL;CAMPANAR;CAMPANAR;4
CALLE;DE LAS;CAMPANAS;CAMPANAS;10
CALLE;DE LAS;CAMPANILLAS;CAMPANILLAS;5
CALLE;DE LA;CAMPAÑA;CAMPAÑA;8
CALLE;DE;CAMPASPERO;CAMPASPERO;16
CALLE;DE;CAMPECHE;CAMPECHE;20
CALLE;DE;CAMPEZO;CAMPEZO;20
CALLE;DEL;CAMPILLO;CAMPILLO;10
CALLE;DE;CAMPILLO DE ARENAS;CAMPILLO DE ARENAS;13
PLAZA;DEL;CAMPILLO DEL MUNDO NUEVO;CAMPILLO DEL MUNDO NUEVO;1
CALLE;DE LA;CAMPIÑA;CAMPIÑA;13
CALLE;DEL;CAMPO;CAMPO;12
AVENIDA;DEL;CAMPO DE CALATRAVA;CAMPO DE CALATRAVA;8
PLAZA;DEL;CAMPO DE CRIPTANA;CAMPO DE CRIPTANA;12
CALLE;DEL;CAMPO DE LA ESTRELLA;CAMPO DE LA ESTRELLA;8
CALLE;DEL;CAMPO DE LA PALOMA;CAMPO DE LA PALOMA;13
CALLE;DEL;CAMPO DE LA TORRE;CAMPO DE LA TORRE;19
CALLE;DEL;CAMPO DE MONTIEL;CAMPO DE MONTIEL;8
CALLE;DEL;CAMPO FLORIDO;CAMPO FLORIDO;10
CALLE;DE;CAMPO REAL;CAMPO REAL;6
PASAJE;DE;CAMPO REAL;CAMPO REAL;5
CALLE;DE;CAMPOAMOR;CAMPOAMOR;1
CALLE;DE;CAMPOMANES;CAMPOMANES;1
CALLE;DE;CAMPORREDONDO;CAMPORREDONDO;16
CALLE;DE LOS;CAMPOS DE CASTILLA;CAMPOS DE CASTILLA;11
CALLE;DE;CAMPOS IBAÑEZ;CAMPOS IBÁÑEZ;17
CALLE;DE;CAMPOTEJAR;CAMPOTEJAR;12
CALLE;DE;CAMPOTEJAR;CAMPOTEJAR;12
AVENIDA;DEL;CAMPUS SUR;CAMPUS SUR;13
CALLE;DE;CAMPUZANO;CAMPUZANO;15
PASAJE;DE;CAN MAYOR;CAN MAYOR;3
PASAJE;DE;CAN MENOR;CAN MENOR;3
CAMINO;DEL;CANAL;CANAL;8
CAMINO;DEL;CANAL;CANAL;8
PLAZA;DEL;CANAL DE ISABEL II;CANAL DE ISABEL II;6
CALLE;DEL;CANAL DE LA MANCHA;CANAL DE LA MANCHA;20
CALLE;DE;SAN GABRIEL;SAN GABRIEL;20
CALLE;DE;ZACARIAS HOMS;ZACARÍAS HOMS;20
CALLE;DEL;CANAL DE MOZAMBIQUE;CANAL DE MOZAMBIQUE;15
CALLE;DEL;CANAL DE PANAMA;CANAL DE PANAMÁ;15
CALLE;DEL;CANAL DE SUEZ;CANAL DE SUEZ;21
PASAJE;DEL;CANAL DE SUEZ;CANAL DE SUEZ;21
CALLE;DEL;CANAL DEL BOSFORO;CANAL DEL BÓSFORO;20
CAMINO;DE LA;CANALEJA;CANALEJA;10
CAMINO;DE LA;CANALEJA;CANALEJA;10
PLAZA;DE;CANALEJAS;CANALEJAS;1
PLAZA;DE;CANALEJAS;CANALEJAS;1
ARROYO;DEL;CANALILLO;CANALILLO;
CALLE;DEL;CANALILLO;CANALILLO;4
PASAJE;DE LA;CANALIZACION;CANALIZACIÓN;12
CALLE;DEL;CANAPIARE;CANAPIARE;16
CALLE;DE LAS;CANARIAS;CANARIAS;2
CALLE;DE LOS;CANARIOS;CANARIOS;19
CALLE;DE LOS;CANARIOS;CANARIOS;19
CALLE;DE;CANCER;CÁNCER;21
CALLE;DEL;CANCHAL;CANCHAL;17
CALLE;DE LAS;CANCHAS DEL MANZANARES;CANCHAS DEL MANZANARES;9
PLAZA;DE LA;CANCILLERIA;CANCILLERÍA;9
CALLE;DE;CANDELARIA MORA;CANDELARIA MORA;2
CALLE;DE;CANDELEDA;CANDELEDA;9
CALLE;DE;CANDIDO MATEOS;CÁNDIDO MATEOS;8
CALLE;DE;CANDILEJAS;CANDILEJAS;13
CALLE;DE LA;CANELA;CANELA;17
CALLE;DE;CANENCIA DE LA SIERRA;CANENCIA DE LA SIERRA;18
CALLE;DE;CANET DE MAR;CANET DE MAR;16
CALLE;DE;CANGAS DE ONIS;CANGAS DE ONÍS;20
CALLE;DE;CANGAS DEL NARCEA;CANGAS DEL NARCEA;20
CALLE;DEL;CANGREJO;CANGREJO;13
CALLE;DE;CANILLAS;CANILLAS;5
CAMINO;DE;CANILLAS;CANILLAS;4
CARRETERA;DE;CANILLAS;CANILLAS;16
AVENIDA;DE;CANILLEJAS A VICALVARO;CANILLEJAS A VICÁLVARO;19
AVENIDA;DE;CANILLEJAS A VICALVARO;CANILLEJAS A VICÁLVARO;19
AVENIDA;DE;CANILLEJAS A VICALVARO;CANILLEJAS A VICÁLVARO;20
AVENIDA;DE;CANILLEJAS A VICALVARO;CANILLEJAS A VICÁLVARO;20
AVENIDA;DE;CANILLEJAS A VICALVARO;CANILLEJAS A VICÁLVARO;20
AVENIDA;DE;CANILLEJAS A VICALVARO;CANILLEJAS A VICÁLVARO;20
AVENIDA;DE;CANILLEJAS A VICALVARO;CANILLEJAS A VICÁLVARO;20
AVENIDA;DE;CANILLEJAS A VICALVARO;CANILLEJAS A VICÁLVARO;21
AVENIDA;DE;CANILLEJAS A VICALVARO;CANILLEJAS A VICÁLVARO;21
CALLE;DE LA;CANOA;CANOA;21
PLAZA;DE;CANOVAS DEL CASTILLO;CÁNOVAS DEL CASTILLO;1
PLAZA;DE;CANOVAS DEL CASTILLO;CÁNOVAS DEL CASTILLO;3
AVENIDA;DE;CANTABRIA;CANTABRIA;21
CALLE;DE;CANTALAPIEDRA;CANTALAPIEDRA;13
CALLE;DE;CANTALEJO;CANTALEJO;8
CALLE;DE;CANTALEJO;CANTALEJO;8
CALLE;DEL;CANTARO;CÁNTARO;9
CAMINO;DE LAS;CANTERAS;CANTERAS;18
CALLE;DE LAS;CANTERAS DE LAS PEÑUELAS;CANTERAS DE LAS PEÑUELAS;19
CALLE;DE LAS;CANTERAS DE LAS PEÑUELAS;CANTERAS DE LAS PEÑUELAS;19
CALLE;DE LAS;CANTERAS DE TILLY;CANTERAS DE TILLY;19
CALLE;DE LOS;CANTEROS;CANTEROS;20
CARRETERA;DE;CANTO BLANCO;CANTO BLANCO;6
CARRETERA;DE;CANTO BLANCO;CANTO BLANCO;8
CARRETERA;DE;CANTO BLANCO;CANTO BLANCO;16
CARRETERA;DE;CANTO BLANCO;CANTO BLANCO;16
PASAJE;DE;CANTO DEL TOLMO;CANTO DEL TOLMO;9
PLAZA;DE;CANTORIA;CANTORÍA;11
CALLE;DE;CANTOS NEGROS;CANTOS NEGROS;9
CALLE;DEL;CANTUESO;CANTUESO;6
CALLE;DE LA;CAÑADA;CAÑADA;14
CAMINO;DE LA;CAÑADA;CAÑADA;8
CAMINO;DE LA;CAÑADA DE LAS CANTERAS;CAÑADA DE LAS CANTERAS;18
CALLE;DE LA;CAÑADA DE VICALVARO A SAN FERNANDO;CAÑADA DE VICÁLVARO A SAN FERNANDO;19
CALLE;DE LA;CAÑADA DEL SANTISIMO;CAÑADA DEL SANTÍSIMO;18
CALLE;DEL;CAÑAMAR;CAÑAMAR;16
CALLE;DE LAS;CAÑAS;CAÑAS;15
TRAVESÍA;DE LAS;CAÑAS;CAÑAS;15
CALLE;DEL;CAÑAVERAL;CAÑAVERAL;6
CALLE;DE;CAÑETE;CAÑETE;11
CALLE;DE LOS;CAÑIZARES;CAÑIZARES;1
TRAVESÍA;DEL;CAÑO;CAÑO;9
CALLE;DEL;CAÑON DEL RIO LOBOS;CAÑÓN DEL RÍO LOBOS;14
CALLE;DEL;CAÑON DEL RIO LOBOS;CAÑÓN DEL RÍO LOBOS;14
GLORIETA;DE LOS;CAÑOS;CAÑOS;9
PISTA;DE LOS;CAÑOS DE MANINA;CAÑOS DE MANINA;8
CALLE;DE LOS;CAÑOS DE SAN PEDRO;CAÑOS DE SAN PEDRO;19
CALLE;DE LOS;CAÑOS DEL PERAL;CAÑOS DEL PERAL;1
CUESTA;DE LOS;CAÑOS VIEJOS;CAÑOS VIEJOS;1
CALLE;DE LA;CAOBA;CAOBA;2
CALLE;DEL;CAOLIN;CAOLÍN;2
CAMINO;DE LA;CAPATAZA;CAPATAZA;8
CAMINO;DE LA;CAPATAZA;CAPATAZA;9
CALLE;DE;CAPISCOL;CAPISCOL;8
AVENIDA;DE LA;CAPITAL DE ESPAÑA MADRID;CAPITAL DE ESPAÑA MADRID;21
CALLE;DEL;CAPITAN BLANCO ARGIBAY;CAPITÁN BLANCO ARGIBAY;6
CALLE;DEL;CAPITAN DE LA GANDARA;CAPITÁN DE LA GÁNDARA;11
CALLE;DEL;CAPITAN DE ORO;CAPITÁN DE ORO;11
CALLE;DEL;CAPITAN SALAS;CAPITÁN SALAS;8
CALLE;DEL;CAPITAN SALAZAR MARTINEZ;CAPITÁN SALAZAR MARTÍNEZ;1
CALLEJÓN;DEL;CAPOTE;CAPOTE;15
CALLE;DE;CAPRI;CAPRI;20
TRAVESÍA;DE;CAPRI;CAPRI;20
AVENIDA;DE LOS;CAPRICHOS;CAPRICHOS;10
CALLE;DE;CAPRICORNIO;CAPRICORNIO;21
CALLE;DE LA;CAPUCHINA;CAPUCHINA;9
COSTANILLA;DE LOS;CAPUCHINOS;CAPUCHINOS;1
PLAZA;DE LOS;CAPUCHINOS;CAPUCHINOS;8
PUENTE;DE LOS;CAPUCHINOS;CAPUCHINOS;8
PUENTE;DE LOS;CAPUCHINOS;CAPUCHINOS;8
CALLE;DE;CAQUETA;CAQUETA;16
PLAZA;DE;CARABANCHEL;CARABANCHEL;11
CARRETERA;DE;CARABANCHEL A ARAVACA;CARABANCHEL A ARAVACA;10
CARRETERA;DE;CARABANCHEL A VILLAVERDE;CARABANCHEL A VILLAVERDE;17
AVENIDA;DE;CARABANCHEL ALTO;CARABANCHEL ALTO;11
CALLE;DE;CARABANCHEL BAJO;CARABANCHEL BAJO;11
CALLE;DE;CARABAÑA;CARABAÑA;2
CALLE;DE LA;CARABELA;CARABELA;21
CALLE;DE;CARABELOS;CARABELOS;12
CALLE;DE;CARABIAS;CARABIAS;10
CALLE;DEL;CARABO;CÁRABO;9
CALLE;DE;CARACAS;CARACAS;7
CALLE;DEL;CARACOLI;CARACOLÍ;16
CALLE;DE;CARAMANTA;CARAMANTA;16
CALLE;DE;CARAMUEL;CARAMUEL;10
CALLE;DE;CARAMUEL;CARAMUEL;10
CALLE;DE;CARAMUEL;CARAMUEL;10
CALLE;DE;CARANAVAJOS;CARANAVAJOS;18
CALLE;DEL;CARARE;CARARE;16
CALLE;DE;CARAVACA;CARAVACA;1
CALLE;DE;CARAZO;CARAZO;10
CALLE;DE;CARBALLIDO;CARBALLIDO;10
CALLE;DE;CARBALLINO;CARBALLINO;10
PLAZA;DE;CARBALLO;CARBALLO;8
CALLE;DE;CARBONERAS;CARBONERAS;10
CALLE;DE;CARBONERO Y SOL;CARBONERO Y SOL;5
CALLE;DE LOS;CARBONEROS;CARBONEROS;8
CALLE;DEL;CARBONO;CARBONO;17
CALLE;DEL;CARBURO;CARBURO;13
CALLE;DE;CARCAGENTE;CARCAGENTE;10
CALLE;DE;CARCASTILLO;CARCASTILLO;11
CALLE;DE;CARCASTILLO;CARCASTILLO;11
TRAVESÍA;DE;CARCASTILLO;CARCASTILLO;11
CALLE;DE;CARDAÑO;CARDAÑO;10
CALLE;DEL;CARDENAL BELLUGA;CARDENAL BELLUGA;4
CALLE;DEL;CARDENAL CISNEROS;CARDENAL CISNEROS;7
PLAZA;DEL;CARDENAL CISNEROS;CARDENAL CISNEROS;9
AVENIDA;DEL;CARDENAL HERRERA ORIA;CARDENAL HERRERA ORIA;8
AVENIDA;DEL;CARDENAL HERRERA ORIA;CARDENAL HERRERA ORIA;8
AVENIDA;DEL;CARDENAL HERRERA ORIA;CARDENAL HERRERA ORIA;8
AVENIDA;DEL;CARDENAL HERRERA ORIA;CARDENAL HERRERA ORIA;8
AVENIDA;DEL;CARDENAL HERRERA ORIA;CARDENAL HERRERA ORIA;8
AVENIDA;DEL;CARDENAL HERRERA ORIA;CARDENAL HERRERA ORIA;8
AVENIDA;DEL;CARDENAL HERRERA ORIA;CARDENAL HERRERA ORIA;9
CALLE;DEL;CARDENAL MARCELO SPINOLA;CARDENAL MARCELO SPÍNOLA;5
CALLE;DEL;CARDENAL MENDOZA;CARDENAL MENDOZA;10
PLAZA;DEL;CARDENAL PAMCILI;CARDENAL PAMCILI;11
CALLE;DEL;CARDENAL SILICEO;CARDENAL SILÍCEO;5
CALLE;DEL;CARDENAL SOLIS;CARDENAL SOLÍS;2
CALLE;DEL;CARDENAL TAVERA;CARDENAL TAVERA;16
CALLE;DEL;CARDENAL VICENTE ENRIQUE Y TARANCON;CARDENAL VICENTE ENRIQUE Y TARANCÓN;18
CALLE;DE LA;CARDENCHA;CARDENCHA;10
CALLE;DE;CARDENIO;CARDENIO;8
CALLE;DE;CARDEÑA;CARDEÑA;13
CALLE;DE;CARDEÑOSA;CARDEÑOSA;13
CALLE;DE;CARDEÑUELA RIOPICO;CARDEÑUELA RÍOPICO;8
PASAJE;DE;CARENA;CARENA;3
CALLE;DEL;CARIBE;CARIBE;15
CALLE;DE LA;CARIDAD;CARIDAD;3
CALLE;DE;CARIÑENA;CARIÑENA;10
CALLE;DE LA;CARLINA;CARLINA;10
CAMINO;DE;CARLOS;CARLOS;8
CAMINO;DE;CARLOS;CARLOS;8
CALLE;DE;CARLOS ARNICHES;CARLOS ARNICHES;1
CALLE;DE;CARLOS ARNICHES MOLTO;CARLOS ARNICHES MOLTÓ;21
CALLE;DE;CARLOS AURIOLES;CARLOS AURIOLES;13
CALLE;DE;CARLOS BALENCHANA;CARLOS BALENCHANA;5
CALLE;DE;CARLOS BRAVO;CARLOS BRAVO;8
CALLE;DE;CARLOS CAAMAÑO;CARLOS CAAMAÑO;5
PLAZA;DE;CARLOS CAMBRONERO;CARLOS CAMBRONERO;1
CALLE;DE;CARLOS DABAN;CARLOS DABÁN;11
CALLE;DE;CARLOS DOMINGO;CARLOS DOMINGO;10
CALLE;DE;CARLOS DUBOIS;CARLOS DUBOIS;9
CALLE;DE;CARLOS FERNANDEZ CASADO;CARLOS FERNÁNDEZ CASADO;16
CALLE;DE;CARLOS FERNANDEZ CASADO;CARLOS FERNÁNDEZ CASADO;21
CALLE;DE;CARLOS FUENTES;CARLOS FUENTES;10
CALLE;DE;CARLOS GARDEL;CARLOS GARDEL;9
CALLE;DE;CARLOS HEREDERO;CARLOS HEREDERO;11
CALLE;DE;CARLOS HERNANDEZ;CARLOS HERNÁNDEZ;15
CALLE;DE;CARLOS II;CARLOS II;20
TRAVESÍA;DE;CARLOS II;CARLOS II;20
CALLE;DE;CARLOS III;CARLOS III;1
PASEO;DE;CARLOS III;CARLOS III;3
CALLE;DE;CARLOS IV;CARLOS IV;20
CALLE;DE;CARLOS LATORRE;CARLOS LATORRE;6
GLORIETA;DE;CARLOS LLAMAS;CARLOS LLAMAS;20
PLAZA;DE;CARLOS MARIA DE CASTRO;CARLOS MARÍA DE CASTRO;5
CALLE;DE;CARLOS MARIN;CARLOS MARÍN;12
CALLE;DE;CARLOS MARTIN ALVAREZ;CARLOS MARTÍN ÁLVAREZ;13
CALLE;DE;CARLOS MARTIN ALVAREZ;CARLOS MARTÍN ÁLVAREZ;13
PARTICULAR;DE;CARLOS MARTIN ALVAREZ;CARLOS MARTÍN ÁLVAREZ;13
CALLE;DE;CARLOS MAURRAS;CARLOS MAURRÁS;5
CALLE;DE;CARLOS MORLA LYNCH;CARLOS MORLA LYNCH;8
CALLE;DE;CARLOS PAINO;CARLOS PAÍNO;11
CALLE;DE;CARLOS PEREYRA;CARLOS PEREYRA;5
CALLE;DE;CARLOS RUBIO;CARLOS RUBIO;6
CALLE;DE;CARLOS SAN JOSE;CARLOS SAN JOSÉ;9
CALLE;DE;CARLOS SOLE;CARLOS SOLÉ;13
CALLE;DE;CARLOS SOLE;CARLOS SOLÉ;13
PLAZA;DE;CARLOS TRIAS BERTRAN;CARLOS TRÍAS BERTRÁN;6
CALLE;DE;CARLOS Y GUILLERMO FERNANDEZ SHAW;CARLOS Y GUILLERMO FERNÁNDEZ SHAW;3
CALLE;DE;CARLOTA O'NEILL;CARLOTA O'NEILL;15
CALLE;DE;CARME CHACON;CARME CHACÓN;8
CALLE;DE LOS;CARMELITAS;CARMELITAS;17
CALLE;DEL;CARMEN;CARMEN;1
PLAZA;DEL;CARMEN;CARMEN;1
PLAZA;DEL;CARMEN;CARMEN;3
CALLE;DE;CARMEN AMAYA;CARMEN AMAYA;14
CALLE;DE;CARMEN BORDIU;CARMEN BORDIÚ;17
CALLE;DE;CARMEN BRAVO VILLASANTE;CARMEN BRAVO VILLASANTE;16
CALLE;DE;CARMEN BRUGUERA;CARMEN BRUGUERA;12
CALLE;DE;CARMEN COBEÑA;CARMEN COBEÑA;2
PLAZA;DE;CARMEN CONDE;CARMEN CONDE;16
CALLE;DE;CARMEN DE BURGOS;CARMEN DE BURGOS;17
PLAZA;DE;CARMEN DEL RIO;CARMEN DEL RÍO;12
CALLE;DE;CARMEN GARRIDO PEREZ;CARMEN GARRIDO PÉREZ;15
CALLE;DE;CARMEN LAFORET;CARMEN LAFORET;20
CALLE;DE;CARMEN LOPEZ;CARMEN LÓPEZ;6
CALLE;DE;CARMEN LOPEZ;CARMEN LÓPEZ;6
CALLE;DE;CARMEN MARTIN GAITE;CARMEN MARTÍN GAITE;10
CALLE;DE;CARMEN MONTOYA;CARMEN MONTOYA;6
CALLE;DE;CARMEN PORTONES;CARMEN PORTONES;6
CALLE;DE;CARMEN PORTONES;CARMEN PORTONES;6
CALLE;DE;CARMEN RICO GODOY;CARMEN RICO GODOY;16
CALLE;DE;CARMEN SANCHEZ CARRASCOSA;CARMEN SÁNCHEZ CARRASCOSA;5
PLAZA;DE;CARMONA;CARMONA;10
CALLE;DEL;CARNERO;CARNERO;1
CALLE;DE;CARNICER;CARNICER;6
CALLE;DE;CAROLI;CAROLI;9
CALLE;DE;JACINTO BENAVENTE;JACINTO BENAVENTE;9
TRAVESÍA;DE;CAROLI;CAROLI;9
CALLE;DE;CAROLINA BAEZA;CAROLINA BAEZA;11
CALLE;DE;CAROLINA CORONADO;CAROLINA CORONADO;15
CALLE;DE;CAROLINA CORONADO;CAROLINA CORONADO;15
CALLE;DE;CAROLINA PAINO;CAROLINA PAÍNO;11
CALLE;DE LAS;CAROLINAS;CAROLINAS;6
AVENIDA;DE;CARONDELET;CARONDELET;16
CALLE;DE;CARONTE;CARONTE;11
CALLE;DE;CARPESA;CARPESA;10
CALLE;DE LA;CARPINTERIA;CARPINTERÍA;20
CALLE;DE;CARPIO Y TORTA;CARPIO Y TORTA;11
TRAVESÍA;DE;CARPIO Y TORTA;CARPIO Y TORTA;11
CALLE;DE;CARRACEDO;CARRACEDO;10
CALLE;DE;CARRANQUE;CARRANQUE;11
CALLE;DE;CARRANZA;CARRANZA;1
CALLE;DE;CARRANZA;CARRANZA;7
CALLE;DE LA;CARRASCA;CARRASCA;18
CALLE;DE LOS;CARRASCALES;CARRASCALES;12
CALLE;DE;CARRERO JUAN RAMON;CARRERO JUAN RAMÓN;11
CALLE;DE LAS;CARRETAS;CARRETAS;1
CAMINO;DE LA;CARRETERA DE EL PARDO A COLMENAR VIEJO;CARRETERA DE EL PARDO A COLMENAR VIEJO;8
CALLE;DE LA;CARRETERIA;CARRETERÍA;20
CALLE;DEL;CARRIL DE LOS CALEROS;CARRIL DE LOS CALEROS;9
CALLE;DEL;CARRIL DEL CONDE;CARRIL DEL CONDE;15
CALLE;DEL;CARRIL DEL CONDE;CARRIL DEL CONDE;16
CALLE;DE;CARRION DE LOS CONDES;CARRIÓN DE LOS CONDES;16
CALLE;DE LA;CARROCERIA;CARROCERÍA;20
PLAZA;DE LOS;CARROS;CARROS;1
CALLE;DE;CARTAGENA;CARTAGENA;4
CALLE;DE;CARTAGENA;CARTAGENA;5
CALLE;DE;CARTAGENA;CARTAGENA;5
AVENIDA;DE;CARTAGENA DE INDIAS;CARTAGENA DE INDIAS;18
CALLE;DE;CARTAGO;CARTAGO;20
CALLE;DE;CARTAMA;CARTAMA;13
CALLE;DE;CARTAYA;CARTAYA;10
PLAZA;DE;CARTAYA;CARTAYA;10
CALLE;DE LOS;CARVAJALES;CARVAJALES;2
CAMINO;DE LA;CASA DE MURCIA;CASA DE MURCIA;18
CALLE;DE LA;CASA DE TILLY;CASA DE TILLY;19
CAMINO;DE LA;CASA DE TILLY A SAN FERNANDO DE HENARES;CASA DE TILLY A SAN FERNANDO DE HENARES;19
CARRETERA;DE LA;CASA DE TROFA;CASA DE TROFA;8
CAMINO;DE LA;CASA DE VACAS;CASA DE VACAS;9
CAMINO;DE LA;CASA DE VACAS;CASA DE VACAS;9
CAMINO;DE LA;CASA DEL ARCO;CASA DEL ARCO;8
CAMINO;DE LA;CASA DEL GUARDA;CASA DEL GUARDA;8
CAMINO;DE LA;CASA DEL GUARDA DE EL BODONAL;CASA DEL GUARDA DE EL BODONAL;8
CAMINO;DE LA;CASA DEL PORTILLO;CASA DEL PORTILLO;8
CAMINO;DE LA;CASA DEL PORTILLO;CASA DEL PORTILLO;16
CAMINO;DE LA;CASA DEL TORNEO A LA ATALAYA;CASA DEL TORNEO A LA ATALAYA;8
CAMINO;DE LA;CASA DEL TORO;CASA DEL TORO;8
CAMINO;DE LA;CASA FORESTAL DE VALDELATAS;CASA FORESTAL DE VALDELATAS;8
CALLE;DE LA;CASA MILA;CASA MILÁ;11
AVENIDA;DE LA;CASA QUEMADA;CASA QUEMADA;9
CAMINO;DE LA;CASA QUERADA;CASA QUERADA;8
CAMINO;DE LA;CASA VIEJA;CASA VIEJA;8
CALLE;DE;CASABERMEJA;CASABERMEJA;13
CALLE;DE;CASABLANCA;CASABLANCA;17
CALLE;DE;CASADO DEL ALISAL;CASADO DEL ALISAL;3
CALLE;DE;CASALARREINA;CASALARREINA;19
CALLE;DE;CASALARREINA;CASALARREINA;19
CALLE;DEL;CASANARE;CASANARE;16
PLAZA;DE;CASAR DE CACERES;CASAR DE CÁCERES;2
CALLE;DE;CASAR DE PALOMERO;CASAR DE PALOMERO;11
CALLE;DE;CASARABONELA;CASARABONELA;12
CALLE;DE;CASARRUBUELOS;CASARRUBUELOS;7
CALLE;DE;CASAS DE MIRAVETE;CASAS DE MIRAVETE;18
CALLE;DE;CASATEJADA;CASATEJADA;10
CALLE;DE;CASATEJADA;CASATEJADA;11
TRAVESÍA;DE LA;CASCADA;CASCADA;17
CALLE;DE;CASCAES;CASCAES;11
CALLE;DE;CASCAJARES;CASCAJARES;10
CALLE;DEL;CASCANUECES;CASCANUECES;16
CALLE;DEL;CASCO ANTIGUO;CASCO ANTIGUO;19
PLAZA;DE;CASCORRO;CASCORRO;1
CALLE;DE;CASILDEA DE VANDALIA;CASILDEA DE VANDALIA;8
CAMINO;DE LA;CASILLA DEL CEBO;CASILLA DEL CEBO;8
CALLE;DE;CASIMIRO ESCUDERO;CASIMIRO ESCUDERO;11
CALLE;DE;CASIMIRO MAHOU BIERHANS;CASIMIRO MAHOU BIERHANS;2
CALLE;DEL;CASINO;CASINO;1
CALLE;DE;CASIOPEA;CASIOPEA;9
CAMINO;DEL;CASON;CASÓN;9
PLAZA;DEL;CASON;CASÓN;9
CALLE;DEL;CASON DE COMEDIAS;CASÓN DE COMEDIAS;19
CALLE;DE;CASPE;CASPE;20
CALLE;DE;CASTALIA;CASTALIA;20
CALLE;DE;CASTALIA DE VALLECAS;CASTALIA DE VALLECAS;13
PLAZA;DE;CASTAÑARES;CASTAÑARES;15
PASEO;DE LOS;CASTAÑOS;CASTAÑOS;9
CALLE;DE;CASTEJON DE HENARES;CASTEJÓN DE HENARES;18
CALLE;DE;CASTELAR;CASTELAR;4
CALLE;DE;CASTELFLORITE;CASTELFLORITE;11
CALLE;DE LA;CASTELLANA;CASTELLANA;19
PASEO;DE LA;CASTELLANA;CASTELLANA;4
PASEO;DE LA;CASTELLANA;CASTELLANA;4
PASEO;DE LA;CASTELLANA;CASTELLANA;5
PASEO;DE LA;CASTELLANA;CASTELLANA;5
PASEO;DE LA;CASTELLANA;CASTELLANA;5
PASEO;DE LA;CASTELLANA;CASTELLANA;5
PASEO;DE LA;CASTELLANA;CASTELLANA;6
PASEO;DE LA;CASTELLANA;CASTELLANA;6
PASEO;DE LA;CASTELLANA;CASTELLANA;6
PASEO;DE LA;CASTELLANA;CASTELLANA;7
PASEO;DE LA;CASTELLANA;CASTELLANA;7
PASEO;DE LA;CASTELLANA;CASTELLANA;8
CALLE;DEL;CASTELLANO;CASTELLANO;11
PASEO;DE LOS;CASTELLANOS;CASTELLANOS;11
CALLE;DE;CASTELLO;CASTELLÓ;4
CALLE;DE;CASTELLO;CASTELLÓ;4
CALLE;DE;CASTELLO;CASTELLÓ;5
CALLE;DE;CASTELLON DE LA PLANA;CASTELLÓN DE LA PLANA;5
CALLE;DE;CASTELO BRANCO;CASTELO BRANCO;11
CALLE;DE;CASTIELLO DE JACA;CASTIELLO DE JACA;8
CALLE;DE;CASTILLA;CASTILLA;6
CARRETERA;DE;CASTILLA;CASTILLA;9
CARRETERA;DE;CASTILLA;CASTILLA;9
CARRETERA;DE;CASTILLA;CASTILLA;9
PLAZA;DE;CASTILLA;CASTILLA;5
PLAZA;DE;CASTILLA;CASTILLA;5
PLAZA;DE;CASTILLA;CASTILLA;6
PLAZA;DE;CASTILLA;CASTILLA;6
PUENTE;DE;CASTILLA;CASTILLA;9
CALLE;DE;CASTILLEJOS;CASTILLEJOS;6
CALLE;DEL;CASTILLO;CASTILLO;7
CAMINO;DEL;CASTILLO;CASTILLO;8
CALLE;DEL;CASTILLO DE AREVALO;CASTILLO DE ARÉVALO;20
CALLE;DEL;CASTILLO DE AYSA;CASTILLO DE AYSA;16
CALLE;DEL;CASTILLO DE CANDANCHU;CASTILLO DE CANDANCHÚ;8
CALLE;DEL;CASTILLO DE COCA;CASTILLO DE COCA;20
PLAZA;DEL;CASTILLO DE LA MOTA;CASTILLO DE LA MOTA;20
CALLE;DEL;CASTILLO DE MADRIGAL DE LAS ALTAS TORRES;CASTILLO DE MADRIGAL DE LAS ALTAS TORRES;20
CALLE;DEL;CASTILLO DE MADRIGAL DE LAS ALTAS TORRES;CASTILLO DE MADRIGAL DE LAS ALTAS TORRES;20
CALLE;DEL;CASTILLO DE MANZANARES;CASTILLO DE MANZANARES;20
CALLE;DEL;CASTILLO DE OROPESA;CASTILLO DE OROPESA;20
CALLE;DEL;CASTILLO DE PEÑAFIEL;CASTILLO DE PEÑAFIEL;20
CALLE;DEL;CASTILLO DE SIMANCAS;CASTILLO DE SIMANCAS;20
CALLE;DEL;CASTILLO DE UCLES;CASTILLO DE UCLÉS;20
CARRETERA;DEL;CASTILLO DE VIÑUELAS;CASTILLO DE VIÑUELAS;8
CARRETERA;DEL;CASTILLO DE VIÑUELAS;CASTILLO DE VIÑUELAS;8
CALLE;DE;CASTILLO PIÑEIRO;CASTILLO PIÑEIRO;6
PLAZA;DE;CASTO FERNANDEZ SHAW;CASTO FERNÁNDEZ SHAW;16
CALLE;DE;CASTO PLASENCIA;CASTO PLASENCIA;1
CALLE;DE;CASTOR;CÁSTOR;20
CALLE;DE;CASTOR Y POLUX;CÁSTOR Y POLUX;2
CALLE;DE;CASTREJON;CASTREJÓN;5
CALLE;DE;CASTREJON;CASTREJÓN;5
CALLE;DE;CASTRILLO DE AZA;CASTRILLO DE AZA;18
CALLE;DE;CASTRO DE ORO;CASTRO DE ORO;11
CUESTA;DE;CASTRO DE VIGO;CASTRO DE VIGO;10
CALLE;DE;CASTROBARTO;CASTROBARTO;21
CALLE;DE;CASTROJERIZ;CASTROJERIZ;11
CALLE;DE;CASTROMONTE;CASTROMONTE;16
CALLE;DE;CASTRONUÑO;CASTRONUÑO;16
CALLE;DE;CASTROPOL;CASTROPOL;20
CALLE;DE;CASTROSERNA;CASTROSERNA;10
CALLE;DE;CASTROVERDE;CASTROVERDE;20
CALLE;DE;CASTUERA;CASTUERA;10
CALLE;DE LA;CASUARINA;CASUARINA;10
CALLE;DEL;CASUARIO;CASUARIO;11
CALLE;DE;CATALINA DE AUSTRIA;CATALINA DE AUSTRIA;16
CALLE;DE;CATALINA SUAREZ;CATALINA SUÁREZ;3
PLAZA;DE;CATALUÑA;CATALUÑA;5
CALLE;DEL;CATAMARAN;CATAMARÁN;21
CALLE;DE;CATANIA;CATANIA;20
CALLE;DE LA;CATEDRAL DE BURGOS;CATEDRAL DE BURGOS;11
CALLE;DE LA;CATEDRAL DE CUENCA;CATEDRAL DE CUENCA;11
CALLE;DE LA;CATEDRAL DE SANTIAGO DE COMPOSTELA;CATEDRAL DE SANTIAGO DE COMPOSTELA;11
CALLE;DE LA;CATEDRAL DE TOLEDO;CATEDRAL DE TOLEDO;11
CALLE;DE LAS;CATORCE OLIVAS;CATORCE OLIVAS;11
CALLE;DE;CAUCA;CAUCA;16
CALLE;DEL;CAUCHO;CAUCHO;20
CALLE;DE;CAUNEDO;CAUNEDO;20
CALLE;DE LA;CAVA ALTA;CAVA ALTA;1
CALLE;DE LA;CAVA BAJA;CAVA BAJA;1
CALLE;DE LA;CAVA DE SAN MIGUEL;CAVA DE SAN MIGUEL;1
CALLE;DE LA;CAVA DE SAN MIGUEL;CAVA DE SAN MIGUEL;1
CALLE;DE;CAVANILLES;CAVANILLES;3
CALLEJÓN;DE;CAVANILLES;CAVANILLES;3
PARTICULAR;DE;CAVANILLES;CAVANILLES;3
PASAJE;DE;CAVANILLES;CAVANILLES;3
CALLE;DE;CAYETANO PANDO;CAYETANO PANDO;10
CALLE;DE;CAYETANO RODRIGUEZ;CAYETANO RODRÍGUEZ;10
PLAZA;DEL;CAZADOR;CAZADOR;11
CALLE;DE;CAZALEGAS;CAZALEGAS;5
CALLE;DE;CAZALEGAS;CAZALEGAS;11
CALLE;DE;CAZORLA;CAZORLA;13
CALLE;DE;CEA BERMUDEZ;CEA BERMÚDEZ;7
CALLE;DE;CEA BERMUDEZ;CEA BERMÚDEZ;7
CALLE;DE;CEA BERMUDEZ;CEA BERMÚDEZ;7
CALLE;DE LA;CEBADA;CEBADA;1
PLAZA;DE LA;CEBADA;CEBADA;1
CAMINO;DE LA;CEBOLLA;CEBOLLA;19
CALLE;DE;CEBREIRO;CEBREIRO;8
CALLE;DE;CEBREROS;CEBREROS;10
CALLE;DE;CEBREROS;CEBREROS;10
CALLE;DE;CECILIO PERUCHA;CECILIO PERUCHA;13
CALLE;DE;CEDACEROS;CEDACEROS;1
CALLE;DE;CEDILLO DEL CONDADO;CEDILLO DEL CONDADO;10
CALLE;DE LOS;CEDROS;CEDROS;6
CALLE;DE;CEFEO;CEFEO;11
CALLE;DE;CEFERINO AVILA;CEFERINO ÁVILA;10
CALLE;DE;CEFERINO RODRIGUEZ;CEFERINO RODRÍGUEZ;6
PLAZA;DE;CEFIRO;CÉFIRO;20
CALLE;DE LA;CEIBA;CEIBA;2
CALLE;DE;CELANOVA;CELANOVA;8
PLAZA;DE;CELENQUE;CELENQUE;1
CALLE;DE;CELEORAMA GOMEZ;CELEORAMA GÓMEZ;8
CALLE;DE;CELESTE;CELESTE;15
CALLE;DE LAS;CELINDAS;CELINDAS;5
AVENIDA;DE;CELIO VILLALBA;CELIO VILLALBA;16
CALLE;DE;CELLA;CELLA;17
CARRETERA;DEL;CEMENTERIO NUEVO;CEMENTERIO NUEVO;21
CARRETERA;DEL;CEMENTERIO NUEVO;CEMENTERIO NUEVO;21
CALLE;DEL;CEMENTO;CEMENTO;12
CAMINO;DE LOS;CENAGALES;CENAGALES;16
CALLE;DE;CENICERO;CENICERO;1
CALLE;DE;CENICIENTOS;CENICIENTOS;6
CALLE;DEL;CENSO;CENSO;12
CALLE;DEL;CENTAURO;CENTAURO;9
CALLE;DEL;CENTEN;CENTÉN;11
CALLE;DE;CENTENERA;CENTENERA;15
CALLE;DEL;CENTENO;CENTENO;12
AVENIDA;;CENTRAL;CENTRAL;21
CALLE;DE LA;CERAMICA;CERÁMICA;13
CALLE;DE LOS;CERAMISTAS;CERAMISTAS;20
CALLE;DE;CERCEDA;CERCEDA;19
CALLE;DE;CERCEDILLA;CERCEDILLA;7
CALLE;DE LA;CERCETA;CERCETA;9
CALLE;DE;CERCIS;CERCIS;9
CALLE;DE LOS;CEREALES;CEREALES;20
CALLE;DE;CERECINOS;CERECINOS;12
CALLE;DE;CEREDA;CEREDA;5
PLAZA;DE;CERES;CERES;19
CALLE;DE LA;CEREZA;CEREZA;12
CALLE;DEL;CEREZAL;CEREZAL;20
PASEO;DE LOS;CEREZOS;CEREZOS;5
CALLE;DE;CEREZUELA;CEREZUELA;9
CALLE;DE LAS;CERILLERAS;CERILLERAS;11
CALLE;DE;CERLER;CERLER;9
CALLE;DE LA;CERRAJA;CERRAJA;10
CALLE;DE LA;CERRAJERIA;CERRAJERÍA;20
CALLE;DEL;CERRILLO;CERRILLO;8
CALLE;DEL;CERRO;CERRO;15
CALLE;DEL;CERRO BERMEJO;CERRO BERMEJO;10
PLAZA;DEL;CERRO BERMEJO;CERRO BERMEJO;10
CALLE;DEL;CERRO BLANCO;CERRO BLANCO;12
PLAZA;DEL;CERRO CASTELO;CERRO CASTELO;13
CALLE;DEL;CERRO DE ALAMOS BLANCOS;CERRO DE ÁLAMOS BLANCOS;8
CALLE;DEL;CERRO DE ALMODOVAR;CERRO DE ALMODÓVAR;18
CALLE;DEL;CERRO DE ALMODOVAR;CERRO DE ALMODÓVAR;19
CALLE;DEL;CERRO DE LA ALCAZABA;CERRO DE LA ALCAZABA;13
CALLE;DEL;CERRO DE LA CARRASQUETA;CERRO DE LA CARRASQUETA;8
CALLE;DEL;CERRO DE LA GAVIA;CERRO DE LA GAVIA;18
CALLE;DEL;CERRO DE LA MICA;CERRO DE LA MICA;10
CALLE;DEL;CERRO DE LA PLATA;CERRO DE LA PLATA;3
CAMINO;DEL;CERRO DE LAS COVATILLAS;CERRO DE LAS COVATILLAS;9
AVENIDA;DEL;CERRO DE LOS ANGELES;CERRO DE LOS ÁNGELES;12
CALLE;DEL;CERRO DE LOS ANGELES;CERRO DE LOS ÁNGELES;17
CALLE;DEL;CERRO DE LOS HOMBRES;CERRO DE LOS HOMBRES;19
CAMINO;DEL;CERRO DE LOS INOCENTES;CERRO DE LOS INOCENTES;8
CALLE;DEL;CERRO DE VALDECAHONDE;CERRO DE VALDECAHONDE;9
CALLE;DEL;CERRO DE VALDEMARTIN;CERRO DE VALDEMARTÍN;8
CAMINO;DEL;CERRO DEL AGUILA;CERRO DEL ÁGUILA;9
CALLE;DEL;CERRO DEL CAMPO;CERRO DEL CAMPO;19
CALLE;DEL;CERRO DEL CAMPO;CERRO DEL CAMPO;19
CALLE;DEL;CERRO DEL CARRASCO;CERRO DEL CARRASCO;18
CALLE;DEL;CERRO DEL CASTAÑAR;CERRO DEL CASTAÑAR;8
CALLE;DEL;CERRO DEL MONTE;CERRO DEL MONTE;19
CALLE;DEL;CERRO DEL MONTE;CERRO DEL MONTE;19
CALLE;DEL;CERRO DEL MURMULLO;CERRO DEL MURMULLO;18
CALLE;DEL;CERRO DEL MURMULLO;CERRO DEL MURMULLO;18
CALLE;DEL;CERRO DEL TESORO;CERRO DEL TESORO;19
AVENIDA;DEL;CERRO MILANO;CERRO MILANO;18
AVENIDA;DEL;CERRO MILANO;CERRO MILANO;18
CALLE;DEL;CERRO MINGUETE;CERRO MINGUETE;8
CALLE;DEL;CERRO NEGRO;CERRO NEGRO;3
CALLE;DEL;CERRO ORTIGOSO;CERRO ORTIGOSO;8
CALLE;DEL;CERRO PIÑONERO;CERRO PIÑONERO;8
CALLE;DEL;CERRO SAN PEDRO;CERRO SAN PEDRO;9
CAMINO;DE LOS;CERROS;CERROS;19
CAMINO;DE LOS;CERROS;CERROS;19
AVENIDA;DE;CERVANTES;CERVANTES;8
CALLE;DE;CERVANTES;CERVANTES;1
CALLE;DE;CERVERA;CERVERA;16
CALLE;DE;CESAR CORT BOTI;CÉSAR CORT BOTÍ;16
CALLE;DE;CESAR GONZALEZ RUANO;CÉSAR GONZÁLEZ RUANO;15
TRAVESÍA;DE;CESAR GONZALEZ RUANO;CÉSAR GONZÁLEZ RUANO;15
CALLE;DE;CESAR MANRIQUE;CÉSAR MANRIQUE;8
CALLE;DE;CESAR PASTOR LLOPIS;CÉSAR PASTOR LLOPIS;18
CALLE;DE;CESTONA;CESTONA;12
CALLE;DE;CEUTA;CEUTA;6
PLAZA;DE;CHABUCA GRANDA;CHABUCA GRANDA;16
CARRETERA;DEL;CHALET;CHALET;8
PISTA;DEL;CHALET;CHALET;8
PLAZA;DE;CHAMBERI;CHAMBERÍ;7
AVENIDA;DE;CHAMPAGNAT;CHAMPAGNAT;16
CALLE;DE;CHANTADA;CHANTADA;8
CALLE;DE;CHANTADA;CHANTADA;8
CALLE;DE;CHAPARRAL;CHAPARRAL;16
CALLE;DE;CHAPINERIA;CHAPINERÍA;8
CALLE;DE LA;CHAPISTERIA;CHAPISTERÍA;20
GLORIETA;DE;CHARALA;CHARALÁ;16
CALLE;DE LA;CHARCA VERDE;CHARCA VERDE;5
PLAZA;DE LA;CHARCA VERDE;CHARCA VERDE;5
CALLE;DEL;CHARCO ALTO;CHARCO ALTO;19
CAMINO;DEL;CHARCO DEL SOMBRERO;CHARCO DEL SOMBRERO;18
CALLE;DEL;CHARCO HONDO;CHARCO HONDO;19
CAMINO;DE LOS;CHARCONES;CHARCONES;8
CALLE;DEL;CHARLEROI;CHARLEROI;13
CALLE;;CHARLIE;CHARLIE;21
CALLE;DE LA;CHARQUILLA;CHARQUILLA;19
CALLE;DE LA;CHAVASCA;CHAVASCA;8
CALLE;DE;CHICLANA;CHICLANA;11
CALLE;DE;CHICUELO;CHICUELO;16
CALLE;DE;CHILE;CHILE;5
CALLE;DE;CHILE;CHILE;5
PASEO;DE;CHILE;CHILE;3
CALLE;DE;CHIMA;CHIMA;16
CALLE;DEL;CHIMBO;CHIMBO;11
CALLE;DE LA;CHIMENEA;CHIMENEA;19
CALLE;DE;CHIMICHAGUA;CHIMICHAGUA;16
CAMINO;DE LA;CHINA A VALLECAS;CHINA A VALLECAS;18
CALLE;DE;CHINCHILLA;CHINCHILLA;1
PASAJE;DE;CHINCHON;CHINCHÓN;14
CALLE;DE;CHINDASVINTO;CHINDASVINTO;11
PASAJE;DE;CHINDASVINTO;CHINDASVINTO;11
CALLE;DE;CHIPIONA;CHIPIONA;16
CALLE;DE;CHIQUINQUIRA;CHIQUINQUIRA;16
CALLE;;CHIQUITA;CHIQUITA;17
CALLE;DE LA;CHIRIMOYA;CHIRIMOYA;11
CALLE;DE;CHIRIVEL;CHIRIVEL;16
CALLE;DE LA;CHIRIVITA;CHIRIVITA;11
CALLE;DE LOS;CHISPEROS;CHISPEROS;10
PLAZA;DE LOS;CHISPEROS DE CHAMBERI;CHISPEROS DE CHAMBERÍ;7
CALLE;DEL;CHOCO;CHOCO;16
CALLE;DE;CHOCONTA;CHOCONTA;16
PASEO;DE LA;CHOPERA;CHOPERA;2
CALLE;DEL;CHOPO;CHOPO;9
PASEO;DE LOS;CHOPOS;CHOPOS;9
CAMINO;DEL;CHORRILLO;CHORRILLO;6
PLAZA;DE;CHOZAS DE CANALES;CHOZAS DE CANALES;17
CALLE;DE;CHOZAS DE LA SIERRA;CHOZAS DE LA SIERRA;5
CALLE;DEL;CHUCURI;CHUCURI;16
PLAZA;DE;CHUECA;CHUECA;1
CALLE;DE LOS;CHULAPOS;CHULAPOS;2
CALLE;DE LA;CHUMBERA;CHUMBERA;6
CALLE;DE;CHURRUCA;CHURRUCA;1
PLAZA;DE;CIBELES;CIBELES;1
PLAZA;DE;CIBELES;CIBELES;1
PLAZA;DE;CIBELES;CIBELES;3
PLAZA;DE;CIBELES;CIBELES;4
CALLE;DE;CICERON;CICERÓN;6
CALLE;DEL;CICLON;CICLÓN;21
CALLE;DE;CICONIA;CICONIA;15
CALLE;DEL;CID;CID;4
CALLE;DEL;CIDACOS;CIDACOS;5
CALLE;DE;CIDAMON;CIDAMÓN;15
PLAZA;DE;CIDAMON;CIDAMÓN;15
CALLE;DE LA;CIDRA;CIDRA;15
CALLE;DEL;CIDRO;CIDRO;11
CUESTA;DE LOS;CIEGOS;CIEGOS;1
PLAZA;DE LAS;CIENCIAS;CIENCIAS;9
CALLE;;CIENTO CINCO;CIENTO CINCO;13
CALLE;;CIENTO CUATRO;CIENTO CUATRO;13
CALLE;;CIENTO DOS;CIENTO DOS;13
CALLE;;CIENTO SEIS;CIENTO SEIS;13
CALLE;;CIENTO SIETE;CIENTO SIETE;13
CALLE;;CIENTO TRES;CIENTO TRES;13
CALLE;;CIENTO UNO;CIENTO UNO;13
CALLE;DEL;CIERZO;CIERZO;21
PLAZA;DE;CIEZA;CIEZA;8
CALLE;DE;CIFUENTES;CIFUENTES;17
CALLE;DE LAS;CIGARRERAS;CIGARRERAS;2
CALLE;DE;CIGOITIA;CIGOITIA;20
CALLE;DE LA;CIGÜEÑA;CIGÜEÑA;11
CALLE;DEL;CILANTRO;CILANTRO;19
CALLE;DE;CIMARRA;CIMARRA;9
CALLE;DEL;CINABRIO;CINABRIO;9
CALLE;DEL;CINCA;CINCA;5
CALLE;DE LOS;CINCELADORES;CINCELADORES;20
CALLE;;CINCO;CINCO;20
CALLE;DE LAS;CINCO LAGUNAS;CINCO LAGUNAS;9
CALLE;DE LAS;CINCO LAGUNAS;CINCO LAGUNAS;9
CALLE;;CINCO MERCAMADRID;CINCO MERCAMADRID;18
CALLE;DE;CINCOVILLAS;CINCOVILLAS;18
CALLE;;CINCUENTA MERCAMADRID;CINCUENTA MERCAMADRID;18
CALLE;;CINCUENTA Y DOS MERCAMADRID;CINCUENTA Y DOS MERCAMADRID;18
CALLE;DEL;CINCUENTIN;CINCUENTÍN;11
CALLE;DEL;CINE;CINE;10
PLAZA;DEL;CINE;CINE;13
PLAZA;DEL;CINE PARIS;CINE PARÍS;13
CALLE;DE;CINTRA;CINTRA;11
CALLE;DE LOS;CIPRESES;CIPRESES;5
CALLE;DE;CIPRIANO SANCHO;CIPRIANO SANCHO;15
CALLE;DE;CIRAUQUI;CIRAUQUI;8
CALLE;DE;CIRCE;CIRCE;20
CALLE;DEL;CIRCON;CIRCÓN;2
CALLE;DE LA;CIRCONITA;CIRCONITA;2
PLAZA;;CIRCULAR;CIRCULAR;5
CALLE;DEL;CIRCULO;CÍRCULO;17
CARRETERA;DE;CIRCUNVALACION DE IBERIA;CIRCUNVALACIÓN DE IBERIA;8
CARRETERA;DE;CIRCUNVALACION DE IBERIA;CIRCUNVALACIÓN DE IBERIA;21
GLORIETA;DE;CIRILO MARTIN MARTIN;CIRILO MARTÍN MARTÍN;9
CALLE;DE;CIRILO MARTINEZ NOVILLO;CIRILO MARTÍNEZ NOVILLO;18
CALLE;DE LA;CIRUELA;CIRUELA;11
CALLE;DEL;CISNE;CISNE;9
CALLE;DE LA;CIUDAD DE AGUILAS;CIUDAD DE ÁGUILAS;14
AVENIDA;DE LA;CIUDAD DE BARCELONA;CIUDAD DE BARCELONA;2
AVENIDA;DE LA;CIUDAD DE BARCELONA;CIUDAD DE BARCELONA;3
AVENIDA;DE LA;CIUDAD DE BARCELONA;CIUDAD DE BARCELONA;3
AVENIDA;DE LA;CIUDAD DE BARCELONA;CIUDAD DE BARCELONA;3
CALLE;DE;CIUDAD DE FRIAS;CIUDAD DE FRÍAS;17
PASEO;DE LA;CIUDAD DE PLASENCIA;CIUDAD DE PLASENCIA;1
PLAZA;DE LA;CIUDAD DE SALTA;CIUDAD DE SALTA;15
PLAZA;DE LA;CIUDAD DE VIENA;CIUDAD DE VIENA;9
CALLE;DE LA;CIUDAD ENCANTADA;CIUDAD ENCANTADA;14
CALLE;DE LA;CIUDAD ENCANTADA;CIUDAD ENCANTADA;14
PLAZA;DE LA;CIUDAD LINEAL;CIUDAD LINEAL;15
CALLE;DE;CIUDAD REAL;CIUDAD REAL;2
CALLE;DE;CIUDAD RODRIGO;CIUDAD RODRIGO;1
CARRETERA;DE LA;CIUDAD UNIVERSITARIA;CIUDAD UNIVERSITARIA;9
CALLE;DE LA;CIUDAD VIEJA DE CACERES;CIUDAD VIEJA DE CÁCERES;11
CALLE;DE LA;CIUDADANIA;CIUDADANÍA;17
PLAZA;;CIVICA;CÍVICA;20
CALLEJÓN;DE LOS;CIVILES;CIVILES;13
CAMINO;DE LOS;CIVILES;CIVILES;9
CAMINO;DE LOS;CIVILES;CIVILES;9
CALLE;DE;CLARA CAMPOAMOR;CLARA CAMPOAMOR;11
CALLE;DE;CLARA DEL REY;CLARA DEL REY;5
CALLE;DE;CLARA SCHUMANN;CLARA SCHUMANN;17
CALLE;DE LOS;CLARINETES;CLARINETES;10
CALLE;DE LAS;CLARISAS;CLARISAS;11
CALLE;DE;CLAUDIO COELLO;CLAUDIO COELLO;4
CALLE;DE;CLAUDIO COELLO;CLAUDIO COELLO;4
CALLE;DE;CLAUDIO FERRERO FERRERO;CLAUDIO FERRERO FERRERO;18
CALLE;DE;CLAUDIO MOYANO;CLAUDIO MOYANO;3
CALLE;DE;CLAUDIO SANCHEZ ALBORNOZ;CLAUDIO SÁNCHEZ ALBORNOZ;10
CALLE;DEL;CLAVEL;CLAVEL;1
CALLE;DEL;CLAVEL;CLAVEL;1
CALLE;DEL;CLAVEL;CLAVEL;1
CALLE;DE LAS;CLAVELINAS;CLAVELINAS;6
CALLE;DE;CLAVIJO;CLAVIJO;19
CALLE;DE;CLAVILEÑO;CLAVILEÑO;5
PASAJE;DE;CLAVILEÑO;CLAVILEÑO;5
CALLE;DE;CLEMENTE ALONSO;CLEMENTE ALONSO;11
CALLE;DE;CLEMENTE FERNANDEZ;CLEMENTE FERNÁNDEZ;10
CALLE;DE;CLEOPATRA;CLEOPATRA;13
CALLE;DE LA;CLIVIA;CLIVIA;11
CARRETERA;DEL;CLUB DE CAMPO;CLUB DE CAMPO;9
CALLE;DE LA;COALICION;COALICIÓN;17
CALLE;DEL;COBALTO;COBALTO;17
PASAJE;DE;COBEÑA;COBEÑA;14
CALLE;DE;COBOS DE SEGOVIA;COBOS DE SEGOVIA;2
CALLE;DEL;COBRE;COBRE;2
CALLE;DE;COCA;COCA;10
CALLE;DE;COCHABAMBA;COCHABAMBA;5
CALLE;DE LAS;COCHERAS;COCHERAS;3
CALLE;DEL;COCHERON DE LA VILLA;COCHERÓN DE LA VILLA;13
CALLE;DE LOS;COCHEROS;COCHEROS;12
CALLE;DE;COCO CHANEL;COCO CHANEL;19
CALLE;DE;COCUY;COCUY;16
CALLE;DEL;CODO;CODO;1
CALLE;DEL;CODO;CODO;5
CALLE;DE LA;CODORNIZ;CODORNIZ;11
CALLE;DE;COGOLLUDO;COGOLLUDO;17
PASAJE;DE;COIMBRA;COIMBRA;11
PLAZA;DE;COIMBRA;COIMBRA;11
CALLE;DE;COIN;COÍN;13
PASEO;DE LOS;COLCHONEROS;COLCHONEROS;20
CALLE;DE LA;COLEGIATA;COLEGIATA;1
CALLE;DE LA;COLEGIATA DE CERVATOS;COLEGIATA DE CERVATOS;8
CALLE;DE LA;COLEGIATA DE ELINES;COLEGIATA DE ELINES;8
CALLE;DE LA;COLEGIATA DE ELINES;COLEGIATA DE ELINES;8
CALLE;DE LA;COLEGIATA DE LEBEÑA;COLEGIATA DE LEBEÑA;8
CALLE;DE LA;COLEGIATA DE SAR;COLEGIATA DE SAR;8
PLAZA;DEL;COLEGIO ATENEO POLITECNICO;COLEGIO ATENEO POLITÉCNICO;5
CALLE;DE LA;COLINA;COLINA;9
CALLE;DE;COLINDRES;COLINDRES;8
CALLE;DE LOS;COLIOS;COLIOS;16
CALLE;DEL;COLLADO ALBO;COLLADO ALBO;8
CALLE;DEL;COLLADO ALBO;COLLADO ALBO;8
CALLE;DEL;COLLADO BAJO;COLLADO BAJO;13
CALLE;DEL;COLLADO DE CERRO MALEJO;COLLADO DE CERRO MALEJO;8
CALLE;DEL;COLLADO DE LA MINA;COLLADO DE LA MINA;8
CALLE;DEL;COLLADO DE LAS VERTIENTES;COLLADO DE LAS VERTIENTES;13
CALLE;DEL;COLLADO DE MARICHIVA;COLLADO DE MARICHIVA;8
CALLE;DEL;COLLADO DE TIROBARRA;COLLADO DE TIROBARRA;8
CALLE;DEL;COLLADO DEL HORNILLO;COLLADO DEL HORNILLO;8
CALLE;DEL;COLLADO DEL MOSTAJO;COLLADO DEL MOSTAJO;8
CALLE;DEL;COLLADO DEL PIORNAL;COLLADO DEL PIORNAL;8
CALLE;DEL;COLLADO DEL VIENTO;COLLADO DEL VIENTO;8
CALLE;DE;COLLADO MEDIANO;COLLADO MEDIANO;8
PASAJE;DE;COLLADO VILLALBA;COLLADO VILLALBA;5
CALLE;DE LOS;COLLADOS;COLLADOS;15
CALLE;DE LOS;COLLADOS;COLLADOS;15
CALLE;DE;COLMENAR VIEJO;COLMENAR VIEJO;18
CARRETERA;DE;COLMENAR VIEJO;COLMENAR VIEJO;5
CARRETERA;DE;COLMENAR VIEJO;COLMENAR VIEJO;8
CARRETERA;DE;COLMENAR VIEJO;COLMENAR VIEJO;8
CARRETERA;DE;COLMENAR VIEJO;COLMENAR VIEJO;8
CARRETERA;DE;COLMENAR VIEJO;COLMENAR VIEJO;8
CARRETERA;DE;COLMENAR VIEJO;COLMENAR VIEJO;8
CALLE;DE;COLMENAREJO;COLMENAREJO;9
PASAJE;DE;COLMENAREJO;COLMENAREJO;9
CALLE;DE;COLMENARES;COLMENARES;1
CALLE;DE;COLOMBIA;COLOMBIA;5
PASEO;DE;COLOMBIA;COLOMBIA;3
CALLE;DE;COLOMER;COLOMER;4
CALLE;DE;COLON;COLÓN;1
PLAZA;DE;COLON;COLÓN;1
PLAZA;DE;COLON;COLÓN;4
PLAZA;DE;COLON;COLÓN;7
ACCESO;A LA;COLONIA MARCONI;COLONIA MARCONI;17
CALLE;DE LOS;COLORANTES;COLORANTES;20
CALLE;DE LOS;COLOREROS;COLOREROS;1
CALLE;DE;COLUMBA;COLUMBA;19
CALLE;DE;COLUMELA;COLUMELA;4
PLAZA;DE LAS;COLUMNAS;COLUMNAS;9
TRAVESÍA;DE LA;COMADRE;COMADRE;1
CALLE;DEL;COMANDANTE AZCARRAGA;COMANDANTE AZCÁRRAGA;5
CALLE;DEL;COMANDANTE BENITEZ;COMANDANTE BENÍTEZ;2
CALLE;DEL;COMANDANTE FONTANES;COMANDANTE FONTANES;11
PASEO;DEL;COMANDANTE FORTEA;COMANDANTE FORTEA;9
AVENIDA;DEL;COMANDANTE FRANCO;COMANDANTE FRANCO;5
PLAZA;DEL;COMANDANTE LAS MORENAS;COMANDANTE LAS MORENAS;1
PLAZA;DEL;COMANDANTE LAS MORENAS;COMANDANTE LAS MORENAS;1
CALLE;DEL;COMANDANTE VETERINARIO JOSE ANTONIO FERNANDEZ;COMANDANTE VETERINARIO JOSÉ ANTONIO FERNÁNDEZ;10
PLAZA;DE LAS;COMENDADORAS;COMENDADORAS;1
CALLE;;COMERCIAL;COMERCIAL;13
CALLE;DEL;COMERCIO;COMERCIO;2
CALLE;DEL;COMERCIO;COMERCIO;3
PASAJE;DEL;COMERCIO;COMERCIO;1
CALLE;DEL;COMETA;COMETA;21
AVENIDA;;COMPLUTENSE;COMPLUTENSE;9
CALLE;DE LOS;COMUNEROS DE CASTILLA;COMUNEROS DE CASTILLA;11
RONDA;DE LA;COMUNICACION;COMUNICACIÓN;8
AVENIDA;DE LAS;COMUNIDADES;COMUNIDADES;19
CALLE;DEL;CONCEJAL BENITO MARTIN LOZANO;CONCEJAL BENITO MARTÍN LOZANO;2
CALLE;DEL;CONCEJAL FRANCISCO JOSE JIMENEZ MARTIN;CONCEJAL FRANCISCO JOSÉ JIMÉNEZ MARTÍN;10
CALLE;DEL;CONCEJAL FRANCISCO JOSE JIMENEZ MARTIN;CONCEJAL FRANCISCO JOSÉ JIMÉNEZ MARTÍN;10
CALLE;DEL;CONCEJAL GINES MELENDEZ;CONCEJAL GINÉS MELÉNDEZ;20
CALLE;DEL;CONCEJAL JULIO GOMEZ;CONCEJAL JULIO GÓMEZ;15
CALLE;DEL;CONCEJAL TOMAS SERRANO GUIO;CONCEJAL TOMÁS SERRANO GUÍO;21
CALLE;DEL;CONCEJAL VICTORINO GRANIZO;CONCEJAL VICTORINO GRANIZO;19
CALLE;DE LOS;CONCEJALES;CONCEJALES;8
CAMINO;DEL;CONCEJO;CONCEJO;8
CALLE;DE;CONCEJO DE TEVERGA;CONCEJO DE TEVERGA;13
CALLE;DE LA;CONCEPCION;CONCEPCIÓN;13
CALLE;DE;CONCEPCION ARENAL;CONCEPCIÓN ARENAL;1
CALLE;DE;CONCEPCION AVILA;CONCEPCIÓN ÁVILA;10
CALLE;DE;CONCEPCION BAHAMONDE;CONCEPCIÓN BAHAMONDE;4
CALLE;DE;CONCEPCION DE LA OLIVA;CONCEPCIÓN DE LA OLIVA;17
CALLE;DE LA;CONCEPCION JERONIMA;CONCEPCIÓN JERÓNIMA;1
CALLE;DE LA;CONCEPCION JERONIMA;CONCEPCIÓN JERÓNIMA;1
CALLEJÓN;DE LA;CONCEPCION JERONIMA;CONCEPCIÓN JERÓNIMA;1
AVENIDA;DE;CONCHA ESPINA;CONCHA ESPINA;5
AVENIDA;DE;CONCHA ESPINA;CONCHA ESPINA;5
CALLE;DE LAS;CONCHAS;CONCHAS;1
CALLE;DE;CONCHITA MONTENEGRO;CONCHITA MONTENEGRO;19
CALLE;DE;CONCHITA MONTENEGRO;CONCHITA MONTENEGRO;19
CALLE;DE;CONCHITA MONTES;CONCHITA MONTES;16
CALLE;DEL;CONCIERTO;CONCIERTO;10
CALLE;DE LA;CONCILIACION;CONCILIACIÓN;17
CALLE;DE LA;CONCORDIA;CONCORDIA;13
CALLE;DEL;CONDADO DE TREVIÑO;CONDADO DE TREVIÑO;15
TRAVESÍA;DEL;CONDADO DE TREVIÑO;CONDADO DE TREVIÑO;15
CALLE;DEL;CONDE;CONDE;1
TRAVESÍA;DEL;CONDE;CONDE;1
PLAZA;DEL;CONDE BENAVENTE;CONDE BENAVENTE;11
CALLE;DEL;CONDE DE ARANDA;CONDE DE ARANDA;4
PLAZA;DEL;CONDE DE BARAJAS;CONDE DE BARAJAS;1
CALLE;DEL;CONDE DE BELCHITE;CONDE DE BELCHITE;15
PASAJE;DEL;CONDE DE BELCHITE;CONDE DE BELCHITE;15
CALLE;DEL;CONDE DE CARTAGENA;CONDE DE CARTAGENA;3
PLAZA;DEL;CONDE DE CASAL;CONDE DE CASAL;3
PLAZA;DEL;CONDE DE CASAL;CONDE DE CASAL;3
PLAZA;DEL;CONDE DE CASAL;CONDE DE CASAL;3
PLAZA;DEL;CONDE DE CASAL;CONDE DE CASAL;3
PLAZA;DEL;CONDE DE COVATILLAS;CONDE DE COVATILLAS;14
CALLE;DEL;CONDE DE ELDA;CONDE DE ELDA;4
CALLE;DEL;CONDE DE ELETA;CONDE DE ELETA;11
PLAZA;DEL;CONDE DE ELETA;CONDE DE ELETA;11
CALLE;DEL;CONDE DE LA CIMERA;CONDE DE LA CIMERA;9
CALLE;DEL;CONDE DE LAS POSADAS;CONDE DE LAS POSADAS;16
CALLE;DEL;CONDE DE LEMOS;CONDE DE LEMOS;1
CALLE;DEL;CONDE DE MIRANDA;CONDE DE MIRANDA;1
PLAZA;DEL;CONDE DE MIRANDA;CONDE DE MIRANDA;1
CALLE;DEL;CONDE DE MORPHY;CONDE DE MORPHY;11
CALLE;DEL;CONDE DE PEÑALVER;CONDE DE PEÑALVER;4
CALLE;DEL;CONDE DE PEÑALVER;CONDE DE PEÑALVER;4
CALLE;DEL;CONDE DE ROMANONES;CONDE DE ROMANONES;1
CALLE;DEL;CONDE DE SERRALLO;CONDE DE SERRALLO;6
CALLE;DEL;CONDE DE SERRALLO;CONDE DE SERRALLO;8
PLAZA;DEL;CONDE DE TORENO;CONDE DE TORENO;1
CALLE;DEL;CONDE DE TORRALBA;CONDE DE TORRALBA;5
CALLE;DEL;CONDE DE VALLELLANO;CONDE DE VALLELLANO;6
CALLE;DEL;CONDE DE VILCHES;CONDE DE VILCHES;4
CALLE;DEL;CONDE DE VISTAHERMOSA;CONDE DE VISTAHERMOSA;11
CALLE;DEL;CONDE DE XIQUENA;CONDE DE XIQUENA;1
PLAZA;DEL;CONDE DEL VALLE DE SUCHIL;CONDE DEL VALLE DE SÚCHIL;7
CALLE;DEL;CONDE DUQUE;CONDE DUQUE;1
TRAVESÍA;DEL;CONDE DUQUE;CONDE DUQUE;1
CALLE;DEL;CONDE RODRIGUEZ SAN PEDRO;CONDE RODRÍGUEZ SAN PEDRO;13
CALLE;DEL;CONDE RODRIGUEZ SAN PEDRO;CONDE RODRÍGUEZ SAN PEDRO;13
CALLE;DE LOS;CONDES DE BARCELONA;CONDES DE BARCELONA;11
CALLE;DE LOS;CONDES DE TORREANAZ;CONDES DE TORREANAZ;4
CALLE;DE LOS;CONDES DEL VAL;CONDES DEL VAL;5
PLAZA;DE LA;CONDESA DE GAVIA;CONDESA DE GAVIA;6
CALLE;DE LA;CONDESA DE SANTAMARCA;CONDESA DE SANTAMARCA;5
CALLE;DE LA;CONDESA DE TEBA;CONDESA DE TEBA;11
CALLE;DE LA;CONDESA DE VENADITO;CONDESA DE VENADITO;15
CALLE;DE LA;CONDESA TRIFALDI;CONDESA TRIFALDI;8
CALLE;DE LA;CONDESA TRIFALDI;CONDESA TRIFALDI;8
CALLE;DE LA;CONDESA VEGA DEL POZO;CONDESA VEGA DEL POZO;19
CALLE;DEL;CONDOR;CÓNDOR;11
CALLE;DE LA;CONFORMIDAD;CONFORMIDAD;17
CALLE;DE;CONFUCIO;CONFUCIO;8
CALLE;DEL;CONGOSTO;CONGOSTO;18
CAMINO;DEL;CONGOSTO;CONGOSTO;18
PASAJE;DEL;CONGOSTO;CONGOSTO;18
CALLE;DE LAS;CONIFERAS;CONÍFERAS;12
CALLE;DE;CONIL;CONIL;9
AVENIDA;DEL;CONOCIMIENTO;CONOCIMIENTO;13
CALLE;DE;CONRADO DEL CAMPO;CONRADO DEL CAMPO;20
AVENIDA;DEL;CONSEJO DE EUROPA;CONSEJO DE EUROPA;21
CALLE;DEL;CONSENSO;CONSENSO;17
CALLE;DE LOS;CONSERVEROS;CONSERVEROS;20
CALLE;DE LA;CONSTANCIA;CONSTANCIA;5
PLAZA;DE;"CONSTANTINO MARTINEZ """"TININ""""";"CONSTANTINO MARTÍNEZ """"TINÍN""""";18
CALLE;DE LA;CONSTELACION;CONSTELACIÓN;21
PLAZA;DE LA;CONSTITUCION;CONSTITUCIÓN;8
CALLE;DE;CONSUEGRA;CONSUEGRA;5
CALLE;DE;CONSUELO GUZMAN;CONSUELO GUZMÁN;11
CALLE;DE;CONSUELO RUBIO;CONSUELO RUBIO;20
CALLE;DEL;CONTINENTE;CONTINENTE;9
CALLE;DE LOS;CONTRABAJOS;CONTRABAJOS;10
CALLE;DEL;CONVENIO;CONVENIO;13
CALLE;DEL;CONVENTIN DE VALDEDIOS;CONVENTÍN DE VALDEDIÓS;8
PLAZA;DE LA;CONVIVENCIA;CONVIVENCIA;18
CALLE;DE LA;COOPERACION;COOPERACIÓN;11
CALLE;DE LA;COOPERATIVA ELECTRICA;COOPERATIVA ELÉCTRICA;13
RONDA;DE LAS;COOPERATIVAS;COOPERATIVAS;12
PLAZA;DE LOS;COOPERATIVISTAS;COOPERATIVISTAS;19
PLAZA;DE LOS;COOPERATIVISTAS;COOPERATIVISTAS;19
CALLE;DE;COPERNICO;COPÉRNICO;19
CALLE;DE LOS;CORACEROS;CORACEROS;10
CALLE;DEL;CORAZON DE MARIA;CORAZÓN DE MARÍA;5
PUENTE;DEL;CORAZON PARTIO;CORAZÓN PARTÍO;3
PUENTE;DEL;CORAZON PARTIO;CORAZÓN PARTÍO;14
CALLE;DE LA;CORBETA;CORBETA;21
PLAZA;DE;CORCUBION;CORCUBIÓN;8
CALLE;DE;CORDEL DE PAVONES;CORDEL DE PAVONES;19
CALLE;DE LA;CORDILLERA;CORDILLERA;9
CALLE;DE LA;CORDILLERA DE CUERA;CORDILLERA DE CUERA;13
AVENIDA;DE;CORDOBA;CÓRDOBA;12
AVENIDA;DE;CORDOBA;CÓRDOBA;12
AVENIDA;DE;CORDOBA;CÓRDOBA;12
CALLE;DE LOS;CORDOBANES;CORDOBANES;20
CALLE;DEL;CORDON;CORDÓN;1
PLAZA;DEL;CORDON;CORDÓN;1
CALLE;DE;CORDOVIN;CORDOVÍN;19
CALLE;DE;CORELLA;CORELLA;12
CALLE;DE;CORIA;CORIA;10
CALLE;DEL;CORINDON;CORINDÓN;12
CALLE;DEL;CORMORAN;CORMORÁN;15
CALLE;DE LA;CORNADA DE NAVARRA;CORNADA DE NAVARRA;11
CALLE;DE LA;CORONA;CORONA;11
CALLE;DE LA;CORONA AUSTRAL;CORONA AUSTRAL;9
PLAZA;DE LA;CORONA BOREAL;CORONA BOREAL;9
CALLE;DEL;CORONEL BLANCO;CORONEL BLANCO;4
CALLE;DEL;CORONEL VALENZUELA;CORONEL VALENZUELA;11
CALLE;DE LA;CORONILA;CORONILA;10
CALLE;DE;COROZAL;COROZAL;16
PLAZA;DE;CORPUS BARGA;CORPUS BARGA;13
CALLE;DE;CORRAL DE ALMAGUER;CORRAL DE ALMAGUER;18
CALLE;DE;CORRAL DE ALMAGUER;CORRAL DE ALMAGUER;18
CALLE;DEL;CORRAL DE CANTOS;CORRAL DE CANTOS;13
CAMINO;DEL;CORRAL DE LOS CHOTOS;CORRAL DE LOS CHOTOS;8
CALLE;DE LA;CORREDERA ALTA DE SAN PABLO;CORREDERA ALTA DE SAN PABLO;1
CALLE;DE LA;CORREDERA BAJA DE SAN PABLO;CORREDERA BAJA DE SAN PABLO;1
PLAZA;DEL;CORREGIDOR ALONSO DE AGUILAR;CORREGIDOR ALONSO DE AGUILAR;14
PLAZA;DEL;CORREGIDOR ALONSO DE AGUILAR;CORREGIDOR ALONSO DE AGUILAR;14
CALLE;DEL;CORREGIDOR ALONSO DE TOBAR;CORREGIDOR ALONSO DE TOBAR;14
PLAZA;DEL;CORREGIDOR ALONSO DE TOBAR;CORREGIDOR ALONSO DE TOBAR;14
PLAZA;DEL;CORREGIDOR ALONSO DE TOBAR;CORREGIDOR ALONSO DE TOBAR;14
PLAZA;DEL;CORREGIDOR CONDE DE MACEDA Y TABOADA;CORREGIDOR CONDE DE MACEDA Y TABOADA;14
PLAZA;DEL;CORREGIDOR CONDE DE MACEDA Y TABOADA;CORREGIDOR CONDE DE MACEDA Y TABOADA;14
CALLE;DEL;CORREGIDOR DIEGO CABEZA DE VACA;CORREGIDOR DIEGO CABEZA DE VACA;14
CALLE;DEL;CORREGIDOR DIEGO DE VALDERRABANO;CORREGIDOR DIEGO DE VALDERRÁBANO;14
CALLE;DEL;CORREGIDOR DIEGO DE VALDERRABANO;CORREGIDOR DIEGO DE VALDERRÁBANO;14
CALLE;DEL;CORREGIDOR JOSE DE PASAMONTE;CORREGIDOR JOSÉ DE PASAMONTE;14
CALLE;DEL;CORREGIDOR JUAN DE BOBADILLA;CORREGIDOR JUAN DE BOBADILLA;14
CALLE;DEL;CORREGIDOR JUAN FRANCISCO DE LUJAN;CORREGIDOR JUAN FRANCISCO DE LUJÁN;14
PLAZA;DEL;CORREGIDOR LICENCIADO ANTONIO DE MENA;CORREGIDOR LICENCIADO ANTONIO DE MENA;14
PLAZA;DEL;CORREGIDOR LICENCIADO ANTONIO DE MENA;CORREGIDOR LICENCIADO ANTONIO DE MENA;14
CALLE;DEL;CORREGIDOR MENDO DE ZUÑIGA;CORREGIDOR MENDO DE ZÚÑIGA;14
CALLE;DEL;CORREGIDOR RODRIGO RODRIGUEZ;CORREGIDOR RODRIGO RODRÍGUEZ;14
PLAZA;DEL;CORREGIDOR SANCHO DE CORDOBA;CORREGIDOR SANCHO DE CÓRDOBA;14
PLAZA;DEL;CORREGIDOR SANCHO DE CORDOBA;CORREGIDOR SANCHO DE CÓRDOBA;14
CALLE;DEL;CORREGIDOR SEÑOR DE LA ELIPA;CORREGIDOR SEÑOR DE LA ELIPA;14
CALLE;DEL;CORREO;CORREO;1
PLAZA;DE LAS;CORTES;CORTES;1
CALLE;DEL;CORTIJILLO;CORTIJILLO;19
CALLE;DEL;CORTIJILLO;CORTIJILLO;19
CALLE;DEL;CORTIJO;CORTIJO;17
CALLE;DE;CORUMBA;CORUMBA;20
CALLE;DE;COSLADA;COSLADA;4
CAMINO;DE;COSLADA;COSLADA;20
CAMINO;DE;COSLADA;COSLADA;20
CALLE;DEL;COSMOS;COSMOS;6
CALLE;DE LA;COSTA AZUL;COSTA AZUL;14
CALLE;DE LA;COSTA BLANCA;COSTA BLANCA;14
CALLE;DE LA;COSTA BRAVA;COSTA BRAVA;8
TRAVESÍA;DE LA;COSTA BRAVA;COSTA BRAVA;8
TRAVESÍA;DE LA;COSTA BRAVA;COSTA BRAVA;8
CALLE;DE LA;COSTA DEL SOL;COSTA DEL SOL;16
CALLE;DE;COSTA RICA;COSTA RICA;5
CALLE;DE;COSTA RICA;COSTA RICA;5
PLAZA;DE;COSTA RICA;COSTA RICA;3
PUENTE;DE;COSTA RICA;COSTA RICA;5
PUENTE;DE;COSTA RICA;COSTA RICA;5
PUENTE;DE;COSTA RICA;COSTA RICA;15
PUENTE;DE;COSTA RICA;COSTA RICA;15
CALLE;DE LA;COSTA VERDE;COSTA VERDE;6
CAMINO;DE LA;COSTANILLA;COSTANILLA;8
CALLE;DE;COSTILLARES;COSTILLARES;16
CALLE;DE LAS;COSTURERAS;COSTURERAS;20
CALLE;DE;COTOS;COTOS;5
CALLE;DE LAS;COVACHUELAS;COVACHUELAS;17
CALLE;DE;COVALEDA;COVALEDA;16
CALLE;DE;COVARRUBIAS;COVARRUBIAS;7
CALLE;DE;COVATILLAS;COVATILLAS;9
CAMINO;DE LAS;COVATILLAS;COVATILLAS;9
CAMINO;DE LAS;COVATILLAS;COVATILLAS;9
CALLE;DE;CRACOVIA;CRACOVIA;20
CALLE;DE;CREVILLENTE;CREVILLENTE;5
CALLE;DEL;CRISANTEMO;CRISANTEMO;6
PLAZA;DE;CRISTINA ARCE Y ROCIO OÑA;CRISTINA ARCE Y ROCIO OÑA;21
PLAZA;DE;CRISTINO MARTOS;CRISTINO MARTOS;1
CALLE;DEL;CRISTO;CRISTO;1
CAMINO;DEL;CRISTO ATADO;CRISTO ATADO;8
PISTA;DEL;CRISTO DE EL PARDO;CRISTO DE EL PARDO;8
CALLE;DEL;CRISTO DE LA FE;CRISTO DE LA FE;12
CALLE;DEL;CRISTO DE LA GUIA;CRISTO DE LA GUÍA;19
CALLE;DEL;CRISTO DE LA LUZ;CRISTO DE LA LUZ;12
CALLE;DEL;CRISTO DE LA VEGA;CRISTO DE LA VEGA;12
CALLE;DEL;CRISTO DE LA VERA CRUZ;CRISTO DE LA VERA CRUZ;8
CALLE;DEL;CRISTO DE LA VICTORIA;CRISTO DE LA VICTORIA;12
CALLE;DEL;CRISTO DE LA VICTORIA;CRISTO DE LA VICTORIA;12
CALLE;DEL;CRISTO DE LEPANTO;CRISTO DE LEPANTO;12
CALLE;DEL;CRISTO DE LIMPIAS;CRISTO DE LIMPIAS;12
CALLE;DEL;CRISTO DE SERRADILLA;CRISTO DE SERRADILLA;11
CALLE;DEL;CRISTO DEL CAMINO;CRISTO DEL CAMINO;2
PLAZA;DEL;CRISTO REY;CRISTO REY;7
PLAZA;DEL;CRISTO REY;CRISTO REY;7
PLAZA;DEL;CRISTO REY;CRISTO REY;9
CALLE;DE;CRISTOBAL AGUILERA;CRISTÓBAL AGUILERA;11
CALLE;DE;CRISTOBAL BORDIU;CRISTÓBAL BORDIÚ;7
CALLE;DEL;CROAT;CROAT;11
CALLE;DEL;CROMO;CROMO;2
PLAZA;DE LOS;CRONISTAS DE LA VILLA;CRONISTAS DE LA VILLA;1
CALLE;DE;CRONOS;CRONOS;20
PLAZA;DE;CRONOS;CRONOS;20
CALLE;DEL;CROTON;CROTÓN;6
CALLE;DEL;CRUCERO 25 DE MAYO;CRUCERO 25 DE MAYO;5
CALLE;DEL;CRUCERO BALEARES;CRUCERO BALEARES;13
CAMINO;DE LAS;CRUCES;CRUCES;11
CAMINO;DE LAS;CRUCES DE VALDEHERNANDO;CRUCES DE VALDEHERNANDO;18
CALLE;DE LA;CRUZ;CRUZ;1
CALLE;DE LA;CRUZ;CRUZ;1
CAMINO;DE LA;CRUZ;CRUZ;9
CALLE;DE LA;CRUZ DE LA MISA;CRUZ DE LA MISA;19
CALLE;DE LA;CRUZ DEL CARNERO;CRUZ DEL CARNERO;19
CAMINO;DE LA;CRUZ DEL CURA;CRUZ DEL CURA;8
CALLE;DE LA;CRUZ DEL SUR;CRUZ DEL SUR;3
PLAZA;DE LA;CRUZ LATINA;CRUZ LATINA;16
CALLE;DE LA;CRUZ VERDE;CRUZ VERDE;1
PLAZA;DE LA;CRUZ VERDE;CRUZ VERDE;1
TRAVESÍA;DE LA;CRUZ VERDE;CRUZ VERDE;1
CALLE;DE LA;CRUZADA;CRUZADA;1
PLAZA;DE;CUACOS DE YUSTE;CUACOS DE YUSTE;10
CALLE;;CUARENTA MERCAMADRID;CUARENTA MERCAMADRID;18
CALLE;;CUARENTA Y CINCO MERCAMADRID;CUARENTA Y CINCO MERCAMADRID;18
CALLE;;CUARENTA Y CUATRO MERCAMADRID;CUARENTA Y CUATRO MERCAMADRID;18
CALLE;;CUARENTA Y DOS MERCAMADRID;CUARENTA Y DOS MERCAMADRID;18
CALLE;;CUARENTA Y NUEVE MERCAMADRID;CUARENTA Y NUEVE MERCAMADRID;18
CALLE;;CUARENTA Y OCHO MERCAMADRID;CUARENTA Y OCHO MERCAMADRID;18
CALLE;;CUARENTA Y SEIS MERCAMADRID;CUARENTA Y SEIS MERCAMADRID;18
CALLE;;CUARENTA Y SIETE MERCAMADRID;CUARENTA Y SIETE MERCAMADRID;18
CALLE;;CUARENTA Y TRES MERCAMADRID;CUARENTA Y TRES MERCAMADRID;18
CALLE;;CUARENTA Y UNO MERCAMADRID;CUARENTA Y UNO MERCAMADRID;18
CALLE;DE;CUART DE POBLET;CUART DE POBLET;10
AVENIDA;;CUARTA;CUARTA;20
CALLE;;CUARTA;CUARTA;5
CAMINO;DEL;CUARTEL;CUARTEL;21
CAMINO;DEL;CUARTEL;CUARTEL;21
CALLE;DEL;CUARTEL DE SIMANCAS;CUARTEL DE SIMANCAS;13
CALLE;DEL;CUARTO;CUARTO;11
GLORIETA;DEL;CUARZO;CUARZO;4
CALLE;;CUATRO;CUATRO;20
CALLE;DE LOS;CUATRO AMIGOS;CUATRO AMIGOS;6
GLORIETA;DE;CUATRO CAMINOS;CUATRO CAMINOS;6
GLORIETA;DE;CUATRO CAMINOS;CUATRO CAMINOS;6
GLORIETA;DE;CUATRO CAMINOS;CUATRO CAMINOS;7
GLORIETA;DE;CUATRO CAMINOS;CUATRO CAMINOS;7
CALLE;;CUATRO MERCAMADRID;CUATRO MERCAMADRID;18
CALLE;DE;CUBILLOS;CUBILLOS;20
CALLE;DE LOS;CUCHILLEROS;CUCHILLEROS;1
CALLE;DE LOS;CUCHILLEROS;CUCHILLEROS;1
CALLE;DEL;CUCLILLO;CUCLILLO;11
CALLE;DE;CUCUTA;CÚCUTA;16
PLAZA;DEL;CUELGAMUROS;CUELGAMUROS;13
CALLE;DE;CUELLAR;CUELLAR;8
CALLE;DE;CUENCA;CUENCA;6
CAMINO;DE LA;CUERDA;CUERDA;15
CAMINO;DE LA;CUERDA DE LA HORCA;CUERDA DE LA HORCA;8
CAMINO;DE LA;CUERDA DE LA RETAMA;CUERDA DE LA RETAMA;8
CAMINO;;CUERDA DE LAS PILAS;CUERDA DE LAS PILAS;8
CAMINO;DE LA;CUERDA DE LOS LABRADORES;CUERDA DE LOS LABRADORES;8
CAMINO;DE LA;CUERDA DE VALDECORRAL;CUERDA DE VALDECORRAL;8
CALLE;DE LA;CUESTA;CUESTA;12
CALLE;DE LA;CUESTA DEL VILLORIO;CUESTA DEL VILLORIO;19
CALLE;DE LA;CUESTA NUEVA;CUESTA NUEVA;9
CALLE;DE LA;CUEVA DE MONTESINOS;CUEVA DE MONTESINOS;8
CALLE;DE;CUEVA VALIENTE;CUEVA VALIENTE;5
CALLE;DE LAS;CUEVAS;CUEVAS;6
CALLE;DE;CUEVAS BAJAS;CUEVAS BAJAS;12
CALLE;DE LAS;CUEVAS DE ALTAMIRA;CUEVAS DE ALTAMIRA;11
CALLE;DE;CUEVAS DEL ALMANZORA;CUEVAS DEL ALMANZORA;16
CALLE;DE;CUEVAS DEL VALLE;CUEVAS DEL VALLE;9
CALLE;DE;CULLA;CULLA;18
CALLE;DE;CULLERA;CULLERA;10
CALLE;DE LA;CULTURA;CULTURA;15
CALLE;DE;CUMARE;CUMARE;16
CALLE;DE;CUNDINAMARCA;CUNDINAMARCA;16
PLAZA;DE;CUPIDO;CUPIDO;20
CALLE;DE LA;CUQUEÑA VIEJA;CUQUEÑA VIEJA;19
PLAZUELA;DEL;CURA TOMAS RUBIO;CURA TOMÁS RUBIO;17
CALLE;DE;CURITI;CURITI;16
CALLEJÓN;DE LA;CURRUCA;CURRUCA;11
GLORIETA;DE;CUSTODIO MORENO;CUSTODIO MORENO;16
CALLE;DE;CUTANGA;CUTANGA;16
PLAZA;DE;CUZCO;CUZCO;5
PLAZA;DE;CUZCO;CUZCO;5
PLAZA;DE;CUZCO;CUZCO;6
CALLE;DE;CYESA;CYESA;15
CALLE;DE;DAGANZO;DAGANZO;5
CALLE;DE;DAGUA;DAGUA;16
CALLE;DE;DAIMIEL;DAIMIEL;10
CALLE;DE;DAIMIEL;DAIMIEL;10
CALLE;DE LA;DALIA;DALIA;15
CALLE;DE;DAMASCO;DAMASCO;14
CALLE;DE;DAMASO ALONSO;DÁMASO ALONSO;16
CALLE;DEL;DAMASQUILLO;DAMASQUILLO;10
CALLE;DE;DANIEL;DANIEL;5
CALLE;DE;DANIEL SEGOVIA;DANIEL SEGOVIA;2
CALLE;DE;DANIEL SEGOVIA;DANIEL SEGOVIA;10
CALLE;DE;DANIEL URRABIETA;DANIEL URRABIETA;5
CALLE;DE;DANIEL VAZQUEZ DIAZ;DANIEL VÁZQUEZ DÍAZ;5
PLAZA;DE;DANIEL ZUAZO;DANIEL ZUAZO;10
CALLE;DE;DANIEL ZULOAGA;DANIEL ZULOAGA;4
CALLE;DE;DANTE;DANTE;9
CALLE;DE;DANTE;DANTE;10
CALLE;DE LA;DANZA;DANZA;10
CALLE;DE;DAOIZ;DAOÍZ;1
PASEO;DE;DAOIZ;DAOÍZ;3
PLAZA;DE;DAOIZ Y VELARDE;DAOÍZ Y VELARDE;3
CALLE;DE;DARIO APARICIO;DARÍO APARICIO;9
CALLE;DE;DARIO APARICIO;DARÍO APARICIO;9
CALLE;DE;DARIO GAZAPO;DARÍO GAZAPO;10
AVENIDA;DE;DAROCA;DAROCA;15
AVENIDA;DE;DAROCA;DAROCA;15
AVENIDA;DE;DAROCA;DAROCA;19
CALLE;DEL;DARRO;DARRO;5
CALLE;DE;DARWIN;DARWIN;8
CALLE;DEL;DATIL;DÁTIL;11
CALLE;DE;DAVID LARA;DAVID LARA;13
PLAZA;DE LOS;DAVILA;DÁVILA;19
CALLE;;DECIMA;DÉCIMA;5
CALLE;DE LOS;DECORADORES;DECORADORES;20
CALLE;DE;DEDALO;DÉDALO;20
CAMINO;DE LA;DEHESA;DEHESA;8
CARRETERA;DE LA;DEHESA DE LA VILLA;DEHESA DE LA VILLA;9
CAMINO;DE LA;DEHESA DE LOS CALABOZOS;DEHESA DE LOS CALABOZOS;8
CALLE;DE LA;DEHESA DE VICALVARO;DEHESA DE VICÁLVARO;19
CALLE;DE LA;DEHESA VIEJA;DEHESA VIEJA;19
CAMINO;DE LAS;DEHESAS;DEHESAS;18
CALLE;DEL;DELFIN;DELFÍN;6
CALLE;DE LAS;DELICIAS;DELICIAS;2
PASEO;DE LAS;DELICIAS;DELICIAS;2
PASEO;DE LAS;DELICIAS;DELICIAS;2
PASEO;DE LAS;DELICIAS;DELICIAS;2
CALLE;DE LOS;DELINEANTES;DELINEANTES;20
CALLE;DE;DELMIRA AGUSTINI;DELMIRA AGUSTINI;17
CALLE;;DELTA;DELTA;21
CALLE;DE;DEMETRIO LOPEZ;DEMETRIO LÓPEZ;15
CALLE;DE;DEMETRIO SANCHEZ;DEMETRIO SÁNCHEZ;4
AVENIDA;DE LA;DEMOCRACIA;DEMOCRACIA;13
AVENIDA;DE LA;DEMOCRACIA;DEMOCRACIA;18
AVENIDA;DE LA;DEMOCRACIA;DEMOCRACIA;19
AVENIDA;DE LA;DEMOCRACIA;DEMOCRACIA;19
AVENIDA;DE LA;DEMOCRACIA;DEMOCRACIA;20
CALLE;DE;DENIA;DENIA;9
CALLE;DE LOS;DEPORTISTAS;DEPORTISTAS;20
CALLE;DE LA;DEPORTIVIDAD;DEPORTIVIDAD;16
CALLE;DEL;DEPOSITO DEL AGUA;DEPÓSITO DEL AGUA;13
CALLE;DE LOS;DERECHOS HUMANOS;DERECHOS HUMANOS;15
CALLE;DEL;DESAGÜE DEL CANAL;DESAGÜE DEL CANAL;16
COSTANILLA;DE LOS;DESAMPARADOS;DESAMPARADOS;1
PLAZA;DE LAS;DESCALZAS;DESCALZAS;1
CUESTA;DE LAS;DESCARGAS;DESCARGAS;1
PLAZA;DEL;DESCUBRIDOR DIEGO DE ORDAS;DESCUBRIDOR DIEGO DE ORDÁS;7
CALLE;DEL;DESENGAÑO;DESENGAÑO;1
TRAVESÍA;DEL;DESFILADERO;DESFILADERO;17
CALLE;DE LAS;DESTILERIAS;DESTILERÍAS;20
CALLE;DE;DEUSTO;DEUSTO;9
CALLE;DE;DEVA;DEVA;12
CALLE;DE;DEYANIRA;DEYANIRA;20
CALLE;;DIAGONAL;DIAGONAL;6
CALLE;DEL;DIALOGO;DIÁLOGO;19
CALLE;DEL;DIALOGO;DIÁLOGO;19
CALLE;DEL;DIAMANTE;DIAMANTE;17
CALLE;DE;DIANA;DIANA;20
CALLE;DEL;DIARIO LA NACION;DIARIO LA NACIÓN;11
CALLE;DE;DIAZ ZORITA;DÍAZ ZORITA;5
CALLE;DE LOS;DIBUJANTES;DIBUJANTES;20
CALLE;DE;DICIEMBRE;DICIEMBRE;20
CALLE;DE;DIEGO AYLLON;DIEGO AYLLÓN;15
CALLE;DE;DIEGO BAHAMONDE;DIEGO BAHAMONDE;4
CALLE;DE;DIEGO DE LEON;DIEGO DE LEÓN;4
CALLE;DE;DIEGO DE LEON;DIEGO DE LEÓN;4
CALLE;DE;DIEGO DE VARGAS;DIEGO DE VARGAS;20
CALLE;DE;DIEGO HURTADO DE MENDOZA;DIEGO HURTADO DE MENDOZA;16
CALLE;DE;DIEGO LOPEZ GARCIA-GALLO;DIEGO LÓPEZ GARCÍA-GALLO;9
CALLE;DE;DIEGO MANCHADO;DIEGO MANCHADO;13
CALLE;DE;DIEGO OLIVERA VICTORIO;DIEGO OLIVERA VICTORIO;18
CALLE;DE;DIEGO TORRES VILLARROEL;DIEGO TORRES VILLARROEL;11
CALLE;;DIEZ;DÍEZ;20
CALLE;;DIEZ MERCAMADRID;DIEZ MERCAMADRID;18
CALLE;;DIGITAL;DIGITAL;10
PLAZA;DE;DINAMARCA;DINAMARCA;9
CALLE;DEL;DINERO;DINERO;11
CALLE;DE;DIONISIO INCA YUPANQUI;DIONISIO INCA YUPANQUI;16
CALLE;DE;DIONISIO RIDRUEJO;DIONISIO RIDRUEJO;8
CALLE;DE LOS;DIPLOMATICOS;DIPLOMÁTICOS;9
PASEO;DE LA;DIRECCION;DIRECCIÓN;6
PASEO;DE LA;DIRECCION;DIRECCIÓN;6
PASEO;DE LA;DIRECCION;DIRECCIÓN;6
PASEO;DE LA;DIRECCION;DIRECCIÓN;8
CALLE;DEL;DISCOBOLO;DISCÓBOLO;20
PLAZA;;DISTRITO LATINA;DISTRITO LATINA;10
CALLE;DE LA;DIVINA PASTORA;DIVINA PASTORA;8
CALLE;DEL;DIVINO PASTOR;DIVINO PASTOR;1
CALLE;DEL;DIVINO REDENTOR;DIVINO REDENTOR;6
CALLE;DEL;DIVINO VALLES;DIVINO VALLÉS;2
CALLE;DEL;DIVINO VALLES;DIVINO VALLÉS;2
CALLE;DE LA;DOBLA;DOBLA;11
CALLE;;DOBLADA;DOBLADA;21
CALLE;DEL;DOBLER;DOBLER;11
CALLE;DEL;DOBLON;DOBLÓN;21
CALLE;DEL;DOCE DE OCTUBRE;DOCE DE OCTUBRE;3
CALLE;DEL;DOCE DE OCTUBRE;DOCE DE OCTUBRE;3
PASEO;DE LAS;DOCE ESTRELLAS;DOCE ESTRELLAS;21
CALLE;DEL;DOCTOR ALVAREZ SIERRA;DOCTOR ÁLVAREZ SIERRA;15
AVENIDA;DEL;DOCTOR ARCE;DOCTOR ARCE;5
CALLE;DEL;DOCTOR BALMIS;DOCTOR BALMIS;9
PLAZA;DEL;DOCTOR BARRAQUER;DOCTOR BARRAQUER;8
CALLE;DEL;DOCTOR BELLIDO;DOCTOR BELLIDO;13
CALLE;DEL;DOCTOR BLANCO NAJERA;DOCTOR BLANCO NÁJERA;10
CALLE;DEL;DOCTOR BLANCO SOLER;DOCTOR BLANCO SOLER;10
PLAZA;DEL;DOCTOR CALVO PEREZ;DOCTOR CALVO PÉREZ;16
CALLE;DEL;DOCTOR CARMENA RUIZ;DOCTOR CARMENA RUIZ;12
CALLE;DEL;DOCTOR CARRACIDO;DOCTOR CARRACIDO;1
CALLE;DEL;DOCTOR CASAL;DOCTOR CASAL;9
CALLE;DEL;DOCTOR CASTELO;DOCTOR CASTELO;3
CALLE;DEL;DOCTOR CIRAJAS;DOCTOR CIRAJAS;15
PLAZA;DEL;DOCTOR CORTES;DOCTOR CORTÉS;8
CALLE;DEL;DOCTOR CORTEZO;DOCTOR CORTEZO;1
CALLE;DEL;DOCTOR CRIADO;DOCTOR CRIADO;17
CALLE;DEL;DOCTOR DRUMEN;DOCTOR DRUMEN;1
CALLE;DEL;DOCTOR ESPINA;DOCTOR ESPINA;11
CALLE;DEL;DOCTOR ESQUERDO;DOCTOR ESQUERDO;3
CALLE;DEL;DOCTOR ESQUERDO;DOCTOR ESQUERDO;3
CALLE;DEL;DOCTOR ESQUERDO;DOCTOR ESQUERDO;3
CALLE;DEL;DOCTOR ESQUERDO;DOCTOR ESQUERDO;3
CALLE;DEL;DOCTOR ESQUERDO;DOCTOR ESQUERDO;3
CALLE;DEL;DOCTOR ESQUERDO;DOCTOR ESQUERDO;4
CALLE;DEL;DOCTOR ESQUERDO;DOCTOR ESQUERDO;4
PASAJE;DEL;DOCTOR ESQUERDO;DOCTOR ESQUERDO;4
AVENIDA;DEL;DOCTOR FEDERICO RUBIO Y GALI;DOCTOR FEDERICO RUBIO Y GALÍ;6
AVENIDA;DEL;DOCTOR FEDERICO RUBIO Y GALI;DOCTOR FEDERICO RUBIO Y GALÍ;9
CALLE;DEL;DOCTOR FERNANDO CASTRO RODRIGUEZ;DOCTOR FERNANDO CASTRO RODRÍGUEZ;9
CALLE;DEL;DOCTOR FERNANDO PRIMO DE RIVERA;DOCTOR FERNANDO PRIMO DE RIVERA;13
CALLE;DEL;DOCTOR FERRAN;DOCTOR FERRÁN;12
CALLE;DEL;DOCTOR FIDEL PAGES MIRAVE;DOCTOR FIDEL PAGÉS MIRAVÉ;10
CALLE;DEL;DOCTOR FLEMING;DOCTOR FLEMING;5
CALLE;DEL;DOCTOR FLEMING;DOCTOR FLEMING;5
TRAVESÍA;DEL;DOCTOR FLEMING;DOCTOR FLEMING;5
CALLE;DEL;DOCTOR FOURQUET;DOCTOR FOURQUET;1
AVENIDA;DEL;DOCTOR GARCIA TAPIA;DOCTOR GARCÍA TAPIA;14
AVENIDA;DEL;DOCTOR GARCIA TAPIA;DOCTOR GARCÍA TAPIA;14
AVENIDA;DEL;DOCTOR GARCIA TAPIA;DOCTOR GARCÍA TAPIA;14
AVENIDA;DEL;DOCTOR GARCIA TAPIA;DOCTOR GARCÍA TAPIA;14
AVENIDA;DEL;DOCTOR GARCIA TAPIA;DOCTOR GARCÍA TAPIA;14
AVENIDA;DEL;DOCTOR GARCIA TAPIA;DOCTOR GARCÍA TAPIA;19
AVENIDA;DEL;DOCTOR GARCIA TAPIA;DOCTOR GARCÍA TAPIA;19
CALLE;DEL;DOCTOR GOMEZ ULLA;DOCTOR GÓMEZ ULLA;4
CALLE;DEL;DOCTOR GUIU;DOCTOR GUÍU;8
CALLE;DEL;DOCTOR HUERTAS;DOCTOR HUERTAS;5
CALLE;DEL;DOCTOR IGLESIAS FERNANDEZ;DOCTOR IGLESIAS FERNÁNDEZ;17
CALLE;DEL;DOCTOR JERONIMO IBORRA;DOCTOR JERÓNIMO IBORRA;11
CALLE;DEL;DOCTOR JERONIMO IBORRA;DOCTOR JERÓNIMO IBORRA;11
CALLE;DEL;DOCTOR JIMENEZ DIAZ;DOCTOR JIMÉNEZ DÍAZ;9
CALLE;DEL;DOCTOR JOSE EUGENIO DE OLAVIDE;DOCTOR JOSÉ EUGENIO DE OLAVIDE;9
CALLE;DEL;DOCTOR JUAN BRAVO;DOCTOR JUAN BRAVO;8
CALLE;DEL;DOCTOR JUAN JOSE LOPEZ IBOR;DOCTOR JUAN JOSÉ LÓPEZ IBOR;8
CALLE;DEL;DOCTOR JUAN JOSE LOPEZ IBOR;DOCTOR JUAN JOSÉ LÓPEZ IBOR;9
CALLE;DEL;DOCTOR JUAN JOSE LOPEZ IBOR;DOCTOR JUAN JOSÉ LÓPEZ IBOR;9
CALLE;DEL;DOCTOR JUAN PEDRO MORENO GONZALEZ;DOCTOR JUAN PEDRO MORENO GONZÁLEZ;9
PLAZA;DEL;DOCTOR LAGUNA;DOCTOR LAGUNA;3
CALLE;DEL;DOCTOR LARRA Y CEREZO;DOCTOR LARRA Y CEREZO;10
CALLE;DEL;DOCTOR LETAMENDI;DOCTOR LETAMENDI;1
CALLE;DEL;DOCTOR LOZANO;DOCTOR LOZANO;13
PLAZA;DEL;DOCTOR LOZANO;DOCTOR LOZANO;13
GLORIETA;DEL;DOCTOR LUIS MONTES MIEZA;DOCTOR LUIS MONTES MIEZA;8
GLORIETA;DEL;DOCTOR LUIS MONTES MIEZA;DOCTOR LUIS MONTES MIEZA;9
PLAZA;DEL;DOCTOR MARAÑON;DOCTOR MARAÑÓN;4
PLAZA;DEL;DOCTOR MARAÑON;DOCTOR MARAÑÓN;5
PLAZA;DEL;DOCTOR MARAÑON;DOCTOR MARAÑÓN;7
PLAZA;DEL;DOCTOR MARAÑON;DOCTOR MARAÑÓN;7
CALLE;DEL;DOCTOR MARCO CORERA;DOCTOR MARCO CORERA;5
CALLE;DEL;DOCTOR MARIANI;DOCTOR MARIANI;6
CALLE;DEL;DOCTOR MARTIN AREVALO;DOCTOR MARTÍN ARÉVALO;17
CALLE;DEL;DOCTOR MATA;DOCTOR MATA;1
CALLE;DEL;DOCTOR MAZUCHELLI;DOCTOR MAZUCHELLI;8
CALLE;DEL;DOCTOR MEDIAVILLA;DOCTOR MEDIAVILLA;8
CALLE;DEL;DOCTOR OLORIZ;DOCTOR OLÓRIZ;4
CALLE;DEL;DOCTOR PEREZ DOMINGUEZ;DOCTOR PÉREZ DOMÍNGUEZ;17
CALLE;DEL;DOCTOR PIGA;DOCTOR PIGA;1
CALLE;DEL;DOCTOR RAMON CASTROVIEJO;DOCTOR RAMÓN CASTROVIEJO;8
CALLE;DEL;DOCTOR RAMON CASTROVIEJO;DOCTOR RAMÓN CASTROVIEJO;8
CALLE;DEL;DOCTOR RAMON CASTROVIEJO;DOCTOR RAMÓN CASTROVIEJO;9
CALLE;DEL;DOCTOR RAMON CASTROVIEJO;DOCTOR RAMÓN CASTROVIEJO;9
CALLE;DEL;DOCTOR REINOSA;DOCTOR REINOSA;8
CALLE;DEL;DOCTOR SALGADO;DOCTOR SALGADO;13
CALLE;DEL;DOCTOR SANCHEZ;DOCTOR SÁNCHEZ;13
CALLE;DEL;DOCTOR SANCHEZ;DOCTOR SÁNCHEZ;13
TRAVESÍA;DEL;DOCTOR SANCHEZ;DOCTOR SÁNCHEZ;13
CALLE;DEL;DOCTOR SANCHIS BANUS;DOCTOR SANCHÍS BANÚS;12
CALLE;DEL;DOCTOR SANTERO;DOCTOR SANTERO;6
CALLE;DEL;DOCTOR SEVERO OCHOA;DOCTOR SEVERO OCHOA;9
CALLE;DEL;DOCTOR TEOFILO HERNANDO ORTEGA;DOCTOR TEÓFILO HERNANDO ORTEGA;9
CALLE;DEL;DOCTOR THEBUSSEN;DOCTOR THEBUSSEN;4
CALLE;DEL;DOCTOR TOLOSA LATOUR;DOCTOR TOLOSA LATOUR;12
CALLE;DEL;DOCTOR TOLOSA LATOUR;DOCTOR TOLOSA LATOUR;12
CALLE;DEL;DOCTOR TOLOSA LATOUR;DOCTOR TOLOSA LATOUR;12
CALLE;DEL;DOCTOR URQUIOLA;DOCTOR URQUIOLA;11
CALLE;DEL;DOCTOR VALLEJO;DOCTOR VALLEJO;15
CALLE;DEL;DOCTOR VALLEJO;DOCTOR VALLEJO;15
CALLE;DEL;DOCTOR VELASCO;DOCTOR VELASCO;3
CALLE;DEL;DOCTOR ZAMENHOF;DOCTOR ZAMENHOF;20
CALLE;DEL;DOCTOR ZOFIO;DOCTOR ZOFÍO;11
PLAZUELA;DE LA;DOCTORA GABRIELA MORREALE;DOCTORA GABRIELA MORREALE;3
CALLE;DEL;DODGE;DODGE;12
CALLE;DE;DOLORES;DOLORES;6
PASAJE;DE;DOLORES;DOLORES;5
CALLE;DE;DOLORES ARMENGOT;DOLORES ARMENGOT;11
CALLE;DE;DOLORES BARRANCO;DOLORES BARRANCO;12
CALLE;DE;DOLORES BARRANCO;DOLORES BARRANCO;12
CALLE;DE;DOLORES BEJARANO;DOLORES BEJARANO;6
CALLE;DE;DOLORES COCA;DOLORES COCA;11
CALLE;DE;DOLORES FOLGUERAS;DOLORES FOLGUERAS;13
CALLE;DE;DOLORES ROMERO;DOLORES ROMERO;4
CALLE;DE;DOLORES SANCHEZ CARRASCOSA;DOLORES SÁNCHEZ CARRASCOSA;5
CALLE;DE;DOLORES SOPEÑA;DOLORES SOPEÑA;12
CALLE;DE;DOMENICO SCARLATTI;DOMENICO SCARLATTI;7
CALLEJÓN;DE;DOMINE;DÓMINE;8
CALLE;DE;DOMINGO ALVAREZ;DOMINGO ÁLVAREZ;9
CALLE;DE;DOMINGO DE ALBORAYA;DOMINGO DE ALBORAYA;11
CALLE;DE;DOMINGO DE SILVA;DOMINGO DE SILVA;10
CALLE;DE;DOMINGO DE ZAIZITA;DOMINGO DE ZAIZITA;10
CALLE;DE;DOMINGO FERNANDEZ;DOMINGO FERNÁNDEZ;5
CALLE;DE;DOMINGO FONTAN;DOMINGO FONTÁN;4
CALLE;DE;DOMINGO GARRIDO;DOMINGO GARRIDO;9
PLAZA;DE;DOMINGO MENDIZABAL;DOMINGO MENDIZÁBAL;20
CALLE;DE;DOMINGO PARRAGA;DOMINGO PÁRRAGA;17
CALLE;DE;DOMINGO PEREZ DEL VAL;DOMINGO PÉREZ DEL VAL;2
CALLE;DE;DON ALVARO DE BAZAN;DON ÁLVARO DE BAZÁN;7
PLAZA;DE;DON ANTONIO DE ANDRES;DON ANTONIO DE ANDRÉS;19
RONDA;DE;DON BOSCO;DON BOSCO;11
CALLE;DE;DON FELIPE;DON FELIPE;1
CALLE;DE;DON JUSTO;DON JUSTO;5
CALLE;DE;DON PEDRO;DON PEDRO;1
CALLE;DE;DON QUIJOTE;DON QUIJOTE;6
CALLE;DE;DON RAMON DE LA CRUZ;DON RAMÓN DE LA CRUZ;4
CALLE;DE;DON RAMON DE LA CRUZ;DON RAMÓN DE LA CRUZ;4
CALLE;DE;DON RAMON DE LA CRUZ;DON RAMÓN DE LA CRUZ;4
CALLE;DE;DON RAMON DE LA CRUZ;DON RAMÓN DE LA CRUZ;4
CALLE;DE;DON RAMON MENENDEZ PIDAL;DON RAMÓN MENÉNDEZ PIDAL;9
CALLE;DE;DON RODRIGO;DON RODRIGO;11
CALLE;DE LOS;DONADOS;DONADOS;1
CALLE;DE;DONATO BAÑARES;DONATO BAÑARES;8
CALLE;DE;DONDIEGO;DONDIEGO;10
CALLE;DE;DONFLOR;DONFLOR;17
PLAZA;DE;DONOSO;DONOSO;6
CALLE;DE;DONOSO CORTES;DONOSO CORTÉS;7
CALLE;DE;DONOSO CORTES;DONOSO CORTÉS;7
CALLE;DE;DONOSO MONTESINOS;DONOSO MONTESINOS;5
AVENIDA;;DONOSTIARRA;DONOSTIARRA;15
CALLE;DE;DOÑA BERENGUELA;DOÑA BERENGUELA;10
PASAJE;DE;DOÑA CARLOTA;DOÑA CARLOTA;5
CALLE;DE;DOÑA FRANCISQUITA;DOÑA FRANCISQUITA;17
CALLE;DE;DOÑA GUIOMAR;DOÑA GUIOMAR;16
CALLE;DE;DOÑA JUANA I DE CASTILLA;DOÑA JUANA I DE CASTILLA;20
CALLE;DE;DOÑA LEONOR DE CORTINA;DOÑA LEONOR DE CORTINA;21
CALLE;DE;DOÑA MENCIA;DOÑA MENCÍA;10
CALLE;DE;DOÑA URRACA;DOÑA URRACA;10
CALLE;DE;DORA;DORA;11
PASAJE;DEL;DORADO;DORADO;3
PASAJE;DE;DORE;DORÉ;1
CALLE;DE;DOROTEA;DOROTEA;8
CALLE;DE;DOROTEO BENACHE;DOROTEO BENACHE;9
CALLE;DE;DOROTEO LABORDA;DOROTEO LABORDA;17
CALLE;;DOS;DOS;10
CALLE;DE LOS;DOS AMIGOS;DOS AMIGOS;1
CALLE;DEL;DOS CABALLOS;DOS CABALLOS;12
PLAZA;DE LAS;DOS CASTILLAS;DOS CASTILLAS;15
CALLE;;DOS CIUDAD PEGASO;DOS CIUDAD PEGASO;20
CALLE;DEL;DOS DE MAYO;DOS DE MAYO;1
PLAZA;DEL;DOS DE MAYO;DOS DE MAYO;1
CALLE;DE LAS;DOS HERMANAS;DOS HERMANAS;1
CALLE;;DOS MERCAMADRID;DOS MERCAMADRID;18
CALLE;DE LOS;DOS RIOS;DOS RÍOS;8
CALLE;DE LA;DRACENA;DRÁCENA;5
CALLE;DEL;DRAGON;DRAGÓN;9
CALLE;DE;DRESDE;DRESDE;20
CALLE;DE LOS;DROGUEROS;DROGUEROS;20
CALLE;DEL;DUCADO;DUCADO;11
CALLE;DEL;DULCE;DULCE;12
CALLE;DE;DULCE CHACON;DULCE CHACÓN;16
CALLE;DE;DULCE CHACON;DULCE CHACÓN;16
CALLE;DEL;DULCE NOMBRE DE MARIA;DULCE NOMBRE DE MARÍA;13
CALLE;DE;DULCINEA;DULCINEA;6
CALLE;DE LA;DULZAINA;DULZAINA;15
CALLE;DE LA;DULZURA;DULZURA;17
CALLE;DEL;DUQUE;DUQUE;21
CALLE;DEL;DUQUE DE ALBA;DUQUE DE ALBA;1
PLAZA;DEL;DUQUE DE ALBA;DUQUE DE ALBA;1
CALLE;DEL;DUQUE DE FERNAN NUÑEZ;DUQUE DE FERNÁN NÚÑEZ;1
CALLE;DEL;DUQUE DE LIRIA;DUQUE DE LIRIA;1
CALLE;DEL;DUQUE DE MEDINACELI;DUQUE DE MEDINACELI;1
PLAZA;DEL;DUQUE DE MODENA;DUQUE DE MÓDENA;11
CALLE;DEL;DUQUE DE NAJERA;DUQUE DE NÁJERA;1
CALLE;DEL;DUQUE DE OSUNA;DUQUE DE OSUNA;1
PLAZA;DEL;DUQUE DE PASTRANA;DUQUE DE PASTRANA;5
CALLE;DEL;DUQUE DE RIVAS;DUQUE DE RIVAS;1
CALLE;DEL;DUQUE DE SESTO;DUQUE DE SESTO;4
CALLE;DEL;DUQUE DE SEVILLA;DUQUE DE SEVILLA;5
CALLE;DEL;DUQUE DE TAMAMES;DUQUE DE TAMAMES;15
CALLE;DEL;DUQUE DE TOVAR;DUQUE DE TOVAR;2
CALLE;DEL;DUQUE DEL SEVILLANO;DUQUE DEL SEVILLANO;19
CALLE;DE LA;DUQUESA DE CASTREJON;DUQUESA DE CASTREJÓN;15
CALLE;DE LA;DUQUESA DE CASTREJON;DUQUESA DE CASTREJÓN;16
CALLE;DE LA;DUQUESA DE PARCENT;DUQUESA DE PARCENT;10
CALLE;DE LA;DUQUESA DE PARCENT;DUQUESA DE PARCENT;10
CALLE;DE LA;DUQUESA DE SANTOÑA;DUQUESA DE SANTOÑA;12
CALLE;DE LA;DUQUESA DE TAMAMES;DUQUESA DE TAMAMES;11
CALLE;DE;DURAN;DURÁN;5
CALLE;DE;DURANGO;DURANGO;9
CALLE;DE;DURATON;DURATÓN;10
CALLE;DEL;DURAZNO;DURAZNO;11
CALLE;DE;DURCAL;DÚRCAL;12
CALLE;DEL;DURO;DURO;11
CALLE;DE LA;EBANISTERIA;EBANISTERÍA;20
CALLE;DEL;EBANO;ÉBANO;9
CALLE;DEL;EBRO;EBRO;5
CALLE;DE;ECHEGARAY;ECHEGARAY;1
CALLE;;ECHO;ECHO;21
CALLE;DE;ECIJA;ÉCIJA;9
CALLE;DE;EDGAR NEVILLE;EDGAR NEVILLE;6
GLORIETA;DE;EDIMBURGO;EDIMBURGO;16
GLORIETA;DE;EDIMBURGO;EDIMBURGO;16
GLORIETA;DE;EDIMBURGO;EDIMBURGO;21
CALLE;DE;EDISON;EDISON;5
CALLE;DE;EDUARDO ADARO;EDUARDO ADARO;6
CALLE;DE;EDUARDO BARREIROS;EDUARDO BARREIROS;12
CALLE;DE;EDUARDO BARREIROS;EDUARDO BARREIROS;17
CALLE;DE;EDUARDO BARREIROS;EDUARDO BARREIROS;17
CALLE;DE;EDUARDO BENOT;EDUARDO BENOT;9
CALLE;DE;EDUARDO CHILLIDA;EDUARDO CHILLIDA;18
PASEO;DE;EDUARDO DATO;EDUARDO DATO;4
PASEO;DE;EDUARDO DATO;EDUARDO DATO;7
CALLE;DE;EDUARDO DEL PALACIO;EDUARDO DEL PALACIO;5
CALLEJÓN;DE;"EDUARDO GARCIA """"EL CHATA""""";"EDUARDO GARCÍA """"EL CHATA""""";19
CALLE;DE;EDUARDO HARO TECGLEN;EDUARDO HARO TECGLEN;16
CALLE;DE;EDUARDO MARISTANY;EDUARDO MARISTANY;17
CALLE;DE;EDUARDO MARQUINA;EDUARDO MARQUINA;11
CALLE;DE;EDUARDO MAZON;EDUARDO MAZÓN;16
CALLE;DE;EDUARDO MINGUITO;EDUARDO MINGUITO;17
CALLE;DE;EDUARDO MORALES;EDUARDO MORALES;11
CALLE;DE;EDUARDO REQUENAS;EDUARDO REQUENAS;13
CALLE;DE;EDUARDO RIVAS;EDUARDO RIVAS;11
CALLE;DE;EDUARDO ROJO;EDUARDO ROJO;13
CALLE;DE;EDUARDO SAAVEDRA;EDUARDO SAAVEDRA;9
CALLE;DE;EDUARDO SANZ;EDUARDO SANZ;13
CALLE;DE;EDUARDO TERAN;EDUARDO TERÁN;20
CALLE;DE;EDUARDO TERAN;EDUARDO TERÁN;20
CALLE;DE;EDUARDO UROSA;EDUARDO UROSA;11
CALLE;DE;EDUARDO VELA;EDUARDO VELA;9
CALLE;DE;EDUARDO VICENTE;EDUARDO VICENTE;4
CALLE;DE LA;EDUCACION;EDUCACIÓN;15
CALLE;DE;EFIGENIA;EFIGENIA;19
CALLE;DE;EFIGENIA;EFIGENIA;19
CALLE;DEL;EGA;EGA;5
PLAZA;DE;EGABRO;EGABRO;10
CALLE;DE;EGEA;EGEA;20
CALLE;DE;EGICA;ÉGICA;10
CALLE;DE;EGIPTO;EGIPTO;20
CALLE;DE;EGUILAZ;EGUÍLAZ;7
CALLE;DE;EIBAR;EIBAR;9
CALLE;DE;EIDER;EIDER;15
CALLE;DE;EINSTEIN;EINSTEIN;8
PLAZA;DE;EISENHOWER;EISENHOWER;20
PLAZA;DE;EISENHOWER;EISENHOWER;21
CALLE;;EJE 1;EJE 1;18
CALLE;;EJE 10;EJE 10;18
CALLE;;EJE 11;EJE 11;18
CALLE;;EJE 2;EJE 2;18
CALLE;;EJE 3;EJE 3;18
CALLE;;EJE 4;EJE 4;18
CALLE;;EJE 5;EJE 5;18
CALLE;;EJE 6;EJE 6;18
CALLE;;EJE 7;EJE 7;18
CALLE;;EJE 8;EJE 8;18
CALLE;;EJE 9;EJE 9;18
AVENIDA;;EJE CENTRAL;EJE CENTRAL;18
GLORIETA;DEL;EJERCITO;EJÉRCITO;10
GLORIETA;DEL;EJERCITO;EJÉRCITO;11
CALLE;DE;EL ALGABEÑO;EL ALGABEÑO;16
CALLE;DE;EL ALGABEÑO;EL ALGABEÑO;16
CALLE;DE;EL ASOMBRO DE DAMASCO;EL ASOMBRO DE DAMASCO;17
CALLE;DE;EL ATAZAR;EL ATAZAR;2
CALLE;DE;EL BARRACO;EL BARRACO;18
CALLE;DE;EL BERRUECO;EL BERRUECO;17
CALLE;DE;EL BOALO;EL BOALO;18
CALLE;DE;EL BOSCO;EL BOSCO;13
CALLE;DE;EL BOSCO;EL BOSCO;13
CALLE;DE;EL BOYERO;EL BOYERO;9
CALLE;DE;EL CAIRO;EL CAIRO;14
CALLE;DE;EL CAIRO;EL CAIRO;14
CAMINO;DE;EL CALVERON;EL CALVERÓN;8
PLAZA;DE;EL CAPRICHO;EL CAPRICHO;21
CALLE;DE;EL CASERIO;EL CASERÍO;17
CALLE;DE;EL ESCORIAL;EL ESCORIAL;1
CALLE;DE;EL ESPAÑOLETO;EL ESPAÑOLETO;7
CALLE;DE;EL ESPINAR;EL ESPINAR;11
CALLE;DE;EL ESPINAR;EL ESPINAR;11
AVENIDA;DE;EL FERROL;EL FERROL;8
CALLE;DE;EL GALLO;EL GALLO;16
CALLE;DE;EL GOLOSO;EL GOLOSO;5
CALLE;DE;EL GOLOSO;EL GOLOSO;9
CAMINO;DE;EL GOLOSO;EL GOLOSO;8
CAMINO;DE;EL GOLOSO;EL GOLOSO;8
CALLE;DE;EL GRECO;EL GRECO;10
CALLE;DE;EL HUESPED DEL SEVILLANO;EL HUÉSPED DEL SEVILLANO;17
CALLE;DE;EL LAZARILLO DE TORMES;EL LAZARILLO DE TORMES;19
CALLE;DE;EL LUCERO DEL ALBA;EL LUCERO DEL ALBA;17
CALLE;DE;EL MOLAR;EL MOLAR;6
CALLE;DE;EL PADRINO;EL PADRINO;13
CARRETERA;DE;EL PARDO;EL PARDO;8
CARRETERA;DE;EL PARDO;EL PARDO;8
CARRETERA;DE;EL PARDO;EL PARDO;8
CARRETERA;DE;EL PARDO;EL PARDO;9
PASEO;DE;EL PARDO;EL PARDO;8
PLAZA;DE;EL PARDO;EL PARDO;8
CARRETERA;DE;EL PARDO A COLMENAR VIEJO;EL PARDO A COLMENAR VIEJO;8
CARRETERA;DE;EL PARDO A COLMENAR VIEJO;EL PARDO A COLMENAR VIEJO;8
CARRETERA;DE;EL PARDO A COLMENAR VIEJO;EL PARDO A COLMENAR VIEJO;9
CARRETERA;DE;EL PARDO A FUENCARRAL;EL PARDO A FUENCARRAL;8
CARRETERA;DE;EL PARDO A FUENCARRAL;EL PARDO A FUENCARRAL;8
CARRETERA;DE;EL PARDO A FUENCARRAL;EL PARDO A FUENCARRAL;8
CARRETERA;DE;EL PARDO A LA PLAYA;EL PARDO A LA PLAYA;8
CARRETERA;DE;EL PARDO A LA PLAYA;EL PARDO A LA PLAYA;9
CARRETERA;DE;EL PARDO A LA PLAYA;EL PARDO A LA PLAYA;9
CAMINO;DE;EL PARDO AL GOLOSO;EL PARDO AL GOLOSO;8
CALLE;DE;EL PAULAR;EL PAULAR;14
PLAZA;DE;EL PAULAR;EL PAULAR;15
CALLE;DE;EL PEDERNOSO;EL PEDERNOSO;16
CALLE;DE;EL PINGARRON;EL PINGARRÓN;13
CALLE;DE;EL PROVENCIO;EL PROVENCIO;16
CALLE;DE;EL REAL DE SAN VICENTE;EL REAL DE SAN VICENTE;18
CALLE;DE;EL SALVADOR;EL SALVADOR;1
PASEO;DE;EL SALVADOR;EL SALVADOR;3
PLAZA;DE;EL SALVADOR;EL SALVADOR;3
CALLE;DE;EL SANTO DE LA ISIDRA;EL SANTO DE LA ISIDRA;17
CALLE;DE;EL SIGLO FUTURO;EL SIGLO FUTURO;11
CALLE;DE;EL SITIO DE BALER;EL SITIO DE BALER;18
CALLE;DE;EL SOTO;EL SOTO;2
CALLE;DE;EL TATO;EL TATO;16
CALLE;DE;EL TIEMBLO;EL TIEMBLO;9
CALLE;DE;EL TOBOSO;EL TOBOSO;11
CALLE;DE;EL VELLON;EL VELLÓN;8
CALLE;DE;EL YESERO;EL YESERO;13
CALLE;DE;ELADIO LOPEZ VILCHES;ELADIO LÓPEZ VILCHES;15
CALLE;DE;ELADIO LOPEZ VILCHES;ELADIO LÓPEZ VILCHES;16
CALLE;DE;ELBA;ELBA;20
CALLE;DE;ELCHE;ELCHE;17
PLAZA;DE;ELCIEGO;ELCIEGO;12
CALLE;DE;ELDA;ELDA;17
CALLE;DE LOS;ELECTRICISTAS;ELECTRICISTAS;20
CALLE;DE LA;ELECTRONICA;ELECTRÓNICA;15
CALLE;DE;ELENA CORNARO;ELENA CORNARO;16
CALLE;DE;ELENA FORTUN;ELENA FORTÚN;16
CALLE;DEL;ELFO;ELFO;15
CALLE;DEL;ELFO;ELFO;15
CALLE;DE;ELGOIBAR;ELGÓIBAR;9
GLORIETA;DE;ELIAS AHUJA Y ANDRIA;ELÍAS AHÚJA Y ANDRÍA;9
CALLE;DE;ELIAS DUPUY;ELÍAS DUPUY;15
PLAZA;;ELIPTICA;ELÍPTICA;11
PLAZA;;ELIPTICA;ELÍPTICA;11
PLAZA;;ELIPTICA;ELÍPTICA;11
PLAZA;;ELIPTICA;ELÍPTICA;12
PLAZA;;ELIPTICA;ELÍPTICA;12
CALLE;DE;ELISA;ELISA;12
CALLE;DE;ELISA OCHOA;ELISA OCHOA;12
CALLE;DE;ELIZONDO;ELIZONDO;12
CALLE;DE;ELOISA DE LA HERA;ELOÍSA DE LA HERA;9
CALLE;DE;ELOY GONZALO;ELOY GONZALO;7
CALLE;DE;ELVAS;ELVAS;11
CALLE;DE;ELVIRA;ELVIRA;4
CALLE;DE;ELVIRA BARRIOS;ELVIRA BARRIOS;11
CALLE;DE;EMBAJADORES;EMBAJADORES;1
CALLE;DE;EMBAJADORES;EMBAJADORES;2
CALLE;DE;EMBAJADORES;EMBAJADORES;2
CALLE;DE;EMBAJADORES;EMBAJADORES;2
CALLE;DE;EMBAJADORES;EMBAJADORES;2
CALLE;DE;EMBAJADORES;EMBAJADORES;2
CALLE;DE;EMBAJADORES;EMBAJADORES;13
GLORIETA;DE;EMBAJADORES;EMBAJADORES;1
GLORIETA;DE;EMBAJADORES;EMBAJADORES;2
GLORIETA;DE;EMBAJADORES;EMBAJADORES;2
CALLE;DEL;EMBALSE DE EL VELLON;EMBALSE DE EL VELLÓN;18
CALLE;DEL;EMBALSE DE LA JAROSA;EMBALSE DE LA JAROSA;18
CALLE;DEL;EMBALSE DE MANZANARES;EMBALSE DE MANZANARES;18
CALLE;DEL;EMBALSE DE NAVACERRADA;EMBALSE DE NAVACERRADA;18
CALLE;DEL;EMBALSE DE PICADAS;EMBALSE DE PICADAS;18
CALLE;DEL;EMBALSE DE PINILLA;EMBALSE DE PINILLA;18
CALLE;DEL;EMBALSE DE PINILLA;EMBALSE DE PINILLA;18
CALLE;DEL;EMBALSE DE SAN JUAN;EMBALSE DE SAN JUAN;18
CALLE;DEL;EMBALSE DE VALMAYOR;EMBALSE DE VALMAYOR;18
PASEO;DEL;EMBARCADERO;EMBARCADERO;9
CALLE;DE;EMERENCIANA ZURILLA;EMERENCIANA ZURILLA;9
CALLE;DE;EMETERIO CASTAÑOS;EMETERIO CASTAÑOS;15
CALLE;DE;EMETERIO CASTAÑOS;EMETERIO CASTAÑOS;15
CALLE;DE;EMETERIO CASTAÑOS;EMETERIO CASTAÑOS;16
CALLE;DE;EMETERIO CASTAÑOS;EMETERIO CASTAÑOS;16
CALLE;DE;EMILIA;EMILIA;6
CALLE;DE;EMILIA BALLESTER;EMILIA BALLESTER;17
GLORIETA;DE;EMILIA PARDO-BAZAN;EMILIA PARDO-BAZÁN;8
CALLE;DE;EMILIANO BARRAL;EMILIANO BARRAL;9
CALLE;DE;EMILIANO BARRAL;EMILIANO BARRAL;15
CALLE;DE;EMILIO CAMPION;EMILIO CAMPIÓN;5
CALLE;DE;EMILIO CARRERE;EMILIO CARRERE;7
GLORIETA;DE;EMILIO CASTELAR;EMILIO CASTELAR;4
GLORIETA;DE;EMILIO CASTELAR;EMILIO CASTELAR;7
CALLE;DE;EMILIO DE LA TEJERA;EMILIO DE LA TEJERA;10
CALLE;DE;EMILIO DE LA TEJERA;EMILIO DE LA TEJERA;10
CALLE;DE;EMILIO DOMINGUEZ;EMILIO DOMÍNGUEZ;8
CALLE;DE;EMILIO FERRARI;EMILIO FERRARI;15
CALLE;DE;EMILIO GASTESI FERNANDEZ;EMILIO GASTESI FERNÁNDEZ;15
CALLE;DE;EMILIO MARIO;EMILIO MARIO;5
CALLE;DE;EMILIO MUÑOZ;EMILIO MUÑOZ;20
CALLE;DE;EMILIO ORTUÑO;EMILIO ORTUÑO;13
CALLE;DE;EMILIO RABOSO;EMILIO RABOSO;13
CALLE;DE;EMILIO RUBIN;EMILIO RUBÍN;15
CALLE;DE;EMILIO VARGAS;EMILIO VARGAS;15
CALLE;DE;EMMA PENELLA;EMMA PENELLA;16
CALLE;;EMPEDRADA;EMPEDRADA;21
PLAZA;DEL;EMPERADOR CARLOS V;EMPERADOR CARLOS V;1
PLAZA;DEL;EMPERADOR CARLOS V;EMPERADOR CARLOS V;1
PLAZA;DEL;EMPERADOR CARLOS V;EMPERADOR CARLOS V;2
PLAZA;DEL;EMPERADOR CARLOS V;EMPERADOR CARLOS V;2
PLAZA;DEL;EMPERADOR CARLOS V;EMPERADOR CARLOS V;3
PLAZA;DE LA;EMPERATRIZ;EMPERATRIZ;11
AVENIDA;DE LA;EMPERATRIZ ISABEL;EMPERATRIZ ISABEL;11
CALLE;DEL;EMPLEO JUVENIL;EMPLEO JUVENIL;12
CALLE;DE LAS;ENCAJERAS;ENCAJERAS;20
CALLE;DE LA;ENCARNACION;ENCARNACIÓN;1
PLAZA;DE LA;ENCARNACION;ENCARNACIÓN;1
CALLE;DE;ENCARNACION ANDRES;ENCARNACIÓN ANDRÉS;9
CALLE;DE;ENCARNACION DEL PINO;ENCARNACIÓN DEL PINO;17
CALLE;DE;ENCARNACION GONZALEZ;ENCARNACIÓN GONZÁLEZ;13
CALLE;DE;ENCARNACION LOPEZ ARGENTINITA;ENCARNACIÓN LÓPEZ ARGENTINITA;8
CALLE;DE;ENCARNACION OVIOL;ENCARNACIÓN OVIOL;17
GLORIETA;DE LA;ENCINA DEL TRILLO;ENCINA DEL TRILLO;9
CAMINO;DEL;ENCINAR;ENCINAR;16
PUENTE;DEL;ENCINAR;ENCINAR;
CALLE;DE LAS;ENCINAS;ENCINAS;5
TRAVESÍA;DE LAS;ENCINAS;ENCINAS;5
CALLE;DE;ENCISO;ENCISO;19
CALLE;DE LA;ENCOMIENDA;ENCOMIENDA;1
TRAVESÍA;DE LA;ENCOMIENDA;ENCOMIENDA;1
CALLE;DE LA;ENCOMIENDA DE PALACIOS;ENCOMIENDA DE PALACIOS;14
CALLE;DE LA;ENCOMIENDA DE PALACIOS;ENCOMIENDA DE PALACIOS;14
CALLE;DE LA;ENCOMIENDA DE PALACIOS;ENCOMIENDA DE PALACIOS;14
CALLE;DE LA;ENCOMIENDA DE PALACIOS;ENCOMIENDA DE PALACIOS;14
PLAZA;DEL;ENCUENTRO;ENCUENTRO;14
PLAZA;DEL;ENCUENTRO;ENCUENTRO;14
PLAZA;DEL;ENCUENTRO;ENCUENTRO;14
CALLE;DE LAS;ENDRINAS;ENDRINAS;5
CALLE;DEL;ENEBRO;ENEBRO;9
CALLE;DE;ENERO;ENERO;20
CALLE;DE;ENRIQUE AGUILAR;ENRIQUE AGUILAR;6
CALLE;DE;ENRIQUE AZCOAGA;ENRIQUE AZCOAGA;16
CALLE;DE;ENRIQUE BORRAS;ENRIQUE BORRÁS;10
CALLE;DE;ENRIQUE D'ALMONTE;ENRIQUE D'ALMONTE;4
CALLE;DE;ENRIQUE DE ALDAMA;ENRIQUE DE ALDAMA;8
PASO ELEVADO;DE;ENRIQUE DE LA MATA GOROSTIZAGA;ENRIQUE DE LA MATA GOROSTIZAGA;4
PASO ELEVADO;DE;ENRIQUE DE LA MATA GOROSTIZAGA;ENRIQUE DE LA MATA GOROSTIZAGA;7
PLAZA;DE;ENRIQUE DE MESA;ENRIQUE DE MESA;18
CALLE;DEL;ENRIQUE DE ORO;ENRIQUE DE ORO;11
CALLE;DE;ENRIQUE DE PRADA;ENRIQUE DE PRADA;16
CALLE;DE;ENRIQUE FUENTES;ENRIQUE FUENTES;12
CALLE;DE;ENRIQUE GARCIA ALVAREZ;ENRIQUE GARCÍA ÁLVAREZ;18
CALLE;DE;ENRIQUE GRANADOS;ENRIQUE GRANADOS;10
CALLE;DE;ENRIQUE I;ENRIQUE I;6
CALLE;DE;ENRIQUE JARDIEL PONCELA;ENRIQUE JARDIEL PONCELA;5
CALLE;DE;ENRIQUE LAFUENTE FERRARI;ENRIQUE LAFUENTE FERRARI;16
CALLE;DE;ENRIQUE LARRETA;ENRIQUE LARRETA;5
CALLE;DE;ENRIQUE LEYRA;ENRIQUE LEYRA;8
CALLE;DE;ENRIQUE LOPEZ;ENRIQUE LÓPEZ;20
CALLE;DE;ENRIQUE MARTINEZ;ENRIQUE MARTÍNEZ;11
CALLE;DE;ENRIQUE MOYANO;ENRIQUE MOYANO;11
CALLE;DE;ENRIQUE PEREZ;ENRIQUE PÉREZ;11
PASAJE;DE;ENRIQUE RUANO;ENRIQUE RUANO;4
CALLE;DE;ENRIQUE RUIZ;ENRIQUE RUIZ;6
CALLE;DE;ENRIQUE RUIZ;ENRIQUE RUIZ;16
CALLE;DE;ENRIQUE SIMONIS;ENRIQUE SIMONIS;2
CALLE;DE;ENRIQUE TROMPETA;ENRIQUE TROMPETA;2
CALLE;DE;ENRIQUE URQUIJO;ENRIQUE URQUIJO;19
CALLE;DE;ENRIQUE URQUIJO;ENRIQUE URQUIJO;19
CALLE;DE;ENRIQUE VELASCO;ENRIQUE VELASCO;13
PASAJE;DE;ENRIQUE VELASCO;ENRIQUE VELASCO;13
TRAVESÍA;DE;ENRIQUE VELASCO;ENRIQUE VELASCO;13
AVENIDA;DEL;ENSANCHE DE VALLECAS;ENSANCHE DE VALLECAS;18
AVENIDA;DEL;ENSANCHE DE VALLECAS;ENSANCHE DE VALLECAS;18
POLÍGONO;;ENSANCHE DE VALLECAS;ENSANCHE DE VALLECAS;
PLAZA;DE;ENSIDESA;ENSIDESA;20
CALLE;;ENTRE ARROYOS;ENTRE ARROYOS;14
CALLE;DE;ENTRENA;ENTRENA;15
CALLE;DE;ENTREPEÑAS;ENTREPEÑAS;18
AVENIDA;;ENTREVIAS;ENTREVÍAS;13
AVENIDA;;ENTREVIAS;ENTREVÍAS;13
GLORIETA;DE;EOLO;EOLO;20
CALLE;DE LA;EPIFANIA;EPIFANÍA;20
CALLE;DE LAS;ERAS;ERAS;16
CALLE;DE LAS;ERAS ALTAS;ERAS ALTAS;18
CALLE;DE;ERASMO DE ROTTERDAM;ERASMO DE ROTTERDAM;8
CALLE;DE;ERASO;ERASO;4
CALLE;DE;ERCILLA;ERCILLA;2
CALLE;DEL;ERESMA;ERESMA;5
CALLE;DEL;ERIAL DE LA ABUELA;ERIAL DE LA ABUELA;19
CALLE;DEL;ERIAL DE LA ABUELA;ERIAL DE LA ABUELA;19
CALLE;DEL;ERICA;ERICA;11
CALLE;DE;ERIDANO;ERÍDANO;9
CAMINO;DE LA;ERMITA;ERMITA;19
PASEO;DE LA;ERMITA;ERMITA;9
CALLE;DE LA;ERMITA DE LA SOLEDAD;ERMITA DE LA SOLEDAD;19
CALLE;DE LA;ERMITA DE LA SOLEDAD;ERMITA DE LA SOLEDAD;19
GLORIETA;DE LA;ERMITA DE LA VIRGEN DE LA SOLEDAD;ERMITA DE LA VIRGEN DE LA SOLEDAD;21
GLORIETA;DE LA;ERMITA DE LA VIRGEN DE LA SOLEDAD;ERMITA DE LA VIRGEN DE LA SOLEDAD;21
GLORIETA;DE LA;ERMITA DE LA VIRGEN DE LA SOLEDAD;ERMITA DE LA VIRGEN DE LA SOLEDAD;21
CAMINO;DE LA;ERMITA DE LA VIRGEN DE LA TORRE;ERMITA DE LA VIRGEN DE LA TORRE;19
PASEO;DE LA;ERMITA DEL SANTO;ERMITA DEL SANTO;8
PASEO;DE LA;ERMITA DEL SANTO;ERMITA DEL SANTO;10
PASEO;DE LA;ERMITA DEL SANTO;ERMITA DEL SANTO;10
PASEO;DE LA;ERMITA DEL SANTO;ERMITA DEL SANTO;11
PLAZA;DE;ERMUA;ERMUA;12
CALLE;DE;ERNEST HEMINGWAY;ERNEST HEMINGWAY;11
CALLE;DE;ERNESTINA MANUEL DE VILLENA;ERNESTINA MANUEL DE VILLENA;12
CALLE;DE;EROS;EROS;2
CALLE;DE;ERVIGIO;ERVIGIO;11
CALLE;DE LA;ESCALERILLA DE PIEDRA;ESCALERILLA DE PIEDRA;1
CALLE;DE LA;ESCALINATA;ESCALINATA;1
CALLE;DE;ESCALONA;ESCALONA;10
CALLE;DE;ESCALONILLA;ESCALONILLA;10
CALLE;DEL;ESCANDON;ESCANDÓN;17
CALLE;DEL;ESCARAMUJO;ESCARAMUJO;6
PLAZA;DE LAS;ESCLAVAS DEL SAGRADO CORAZON DE JESUS;ESCLAVAS DEL SAGRADO CORAZÓN DE JESÚS;7
CALLE;DE;ESCOCIA;ESCOCIA;11
CALLE;DE;ESCOCIA;ESCOCIA;11
CALLE;DE;ESCORIAZA;ESCORIAZA;17
CALLE;DEL;ESCORPION;ESCORPIÓN;21
CALLE;DE;ESCOSURA;ESCOSURA;7
CALLE;DE LOS;ESCRIBANOS;ESCRIBANOS;17
CALLE;DEL;ESCRITOR;ESCRITOR;13
CALLE;DE LA;ESCUADRA;ESCUADRA;1
CALLE;DEL;ESCUADRON;ESCUADRÓN;8
PASAJE;DEL;ESCUDO;ESCUDO;3
CALLE;DEL;ESCUDO DE ORO;ESCUDO DE ORO;11
CALLE;DE LA;ESCUELA DE VALLECAS;ESCUELA DE VALLECAS;18
CALLE;DE LA;ESCUELA DE VALLECAS;ESCUELA DE VALLECAS;18
CALLE;DE LAS;ESCUELAS;ESCUELAS;12
CALLE;DE;ESCULANO;ESCULANO;20
CALLE;DEL;ESCULTOR PERESEJO;ESCULTOR PERESEJO;9
CALLE;DE LOS;ESCULTORES;ESCULTORES;20
CALLE;DE LOS;ESENCIEROS;ESENCIEROS;20
CALLE;DE LA;ESFINGE;ESFINGE;20
CALLE;DE LA;ESGRIMA;ESGRIMA;1
CALLE;DE LA;ESMALTINA;ESMALTINA;17
CALLE;DE LA;ESMERALDA;ESMERALDA;12
CALLE;DE LA;ESPADA;ESPADA;1
CALLE;DE;ESPALTER;ESPALTER;3
PLAZA;DE;ESPAÑA;ESPAÑA;1
PLAZA;DE;ESPAÑA;ESPAÑA;1
PLAZA;DE;ESPAÑA;ESPAÑA;9
PASAJE;DEL;ESPAÑOL;ESPAÑOL;11
CALLE;DE;ESPARTA;ESPARTA;20
CALLE;DE;ESPARTA;ESPARTA;20
CALLE;DE;ESPARTEROS;ESPARTEROS;1
CALLE;DE;ESPARTINAS;ESPARTINAS;4
CALLE;DEL;ESPEJO;ESPEJO;1
CALLE;DE;ESPERANZA;ESPERANZA;1
PASEO;DE LA;ESPERANZA;ESPERANZA;2
CALLE;DE;ESPERANZA GARCIA;ESPERANZA GARCÍA;18
CALLE;DE;ESPERANZA MACARENA;ESPERANZA MACARENA;17
CALLE;DE;ESPERANZA SANCHEZ CARRASCOSA;ESPERANZA SÁNCHEZ CARRASCOSA;6
CALLE;DE;ESPINAL;ESPINAL;8
AVENIDA;DE LA;ESPINELA;ESPINELA;17
CAMINO;DEL;ESPINILLO;ESPINILLO;8
CAMINO;DEL;ESPINILLO;ESPINILLO;18
CAMINO;DEL;ESPINILLO;ESPINILLO;19
CALLE;DEL;ESPINO;ESPINO;1
CALLE;DE LOS;ESPINOS;ESPINOS;9
CALLE;DE LA;ESPIREA;ESPIREA;16
CALLE;DEL;ESPIRITU SANTO;ESPÍRITU SANTO;1
CALLE;DEL;ESPLIEGO;ESPLIEGO;15
CALLE;DEL;ESPLIEGO;ESPLIEGO;16
CALLE;DE;ESPOZ Y MINA;ESPOZ Y MINA;1
CALLE;DE;ESPOZ Y MINA;ESPOZ Y MINA;1
CALLE;DE;ESPRONCEDA;ESPRONCEDA;7
CALLE;DE LA;ESPUELA;ESPUELA;16
CALLE;DE;ESQUILACHE;ESQUILACHE;7
CALLE;DE;ESQUIVEL;ESQUIVEL;7
PLAZA;DE;ESQUIVIAS;ESQUIVIAS;8
AVENIDA;DE LA;ESTACION;ESTACIÓN;9
CARRETERA;DE LA;ESTACION;ESTACIÓN;9
PASEO;DE LA;ESTACION;ESTACIÓN;17
CARRETERA;DE LA;ESTACION DE CONTENEDORES;ESTACIÓN DE CONTENEDORES;17
CARRETERA;A LA;ESTACION DE HORTALEZA;ESTACIÓN DE HORTALEZA;16
CARRETERA;A LA;ESTACION DE HORTALEZA;ESTACIÓN DE HORTALEZA;16
CARRETERA;A LA;ESTACION DE HORTALEZA;ESTACIÓN DE HORTALEZA;16
CALLE;DE LA;ESTACION DE LA RISTRA;ESTACIÓN DE LA RISTRA;19
CARRETERA;DE LA;ESTACION VALDELATAS;ESTACIÓN VALDELATAS;8
CALLE;DE LA;ESTAFETA;ESTAFETA;12
CALLE;DE;ESTANISLAO FIGUERAS;ESTANISLAO FIGUERAS;9
CALLE;DE;ESTANISLAO GOMEZ;ESTANISLAO GÓMEZ;16
CALLE;DE;ESTANISLAO PEREZ PITA;ESTANISLAO PÉREZ PITA;16
CALLE;DE;ESTANISLAO PEREZ PITA;ESTANISLAO PÉREZ PITA;21
CAMINO;DEL;ESTANQUE REPARTIDOR;ESTANQUE REPARTIDOR;9
CALLE;DEL;ESTAÑO;ESTAÑO;17
PLAZA;DEL;ESTE;ESTE;6
PLAZA;DEL;ESTE;ESTE;21
CALLE;DE;ESTEBAN CARROS;ESTEBAN CARROS;13
CALLE;DE;ESTEBAN COLLANTES;ESTEBAN COLLANTES;15
CALLE;DE;ESTEBAN DE ARTEAGA;ESTEBAN DE ARTEAGA;11
CALLE;DE;ESTEBAN MORA;ESTEBAN MORA;15
CALLE;DE;ESTEBAN PALACIOS;ESTEBAN PALACIOS;16
CALLE;DE;ESTEBAN TERRADAS;ESTEBAN TERRADAS;5
CALLE;DE;ESTEBANEZ CALDERON;ESTÉBANEZ CALDERÓN;6
CALLE;DE LA;ESTEFANITA;ESTEFANITA;17
CALLE;DE;ESTELLA;ESTELLA;8
CALLE;DE;ESTEVEZ;ESTÉVEZ;5
CALLE;DE;ESTIBALIZ;ESTÍBALIZ;16
CALLE;DE;ESTIBALIZ;ESTÍBALIZ;16
CALLE;DEL;ESTIGIA;ESTIGIA;20
CALLE;DE;ESTOCOLMO;ESTOCOLMO;20
CALLE;DE;ESTORIL;ESTORIL;11
PASAJE;DE;ESTORIL;ESTORIL;11
PLAZA;DE;ESTORIL;ESTORIL;11
CALLE;DE;ESTRASBURGO;ESTRASBURGO;21
CALLE;DEL;ESTRECHO DE COREA;ESTRECHO DE COREA;15
CALLE;DEL;ESTRECHO DE GIBRALTAR;ESTRECHO DE GIBRALTAR;15
CALLE;DEL;ESTRECHO DE MESINA;ESTRECHO DE MESINA;15
CALLE;DEL;ESTRECHO DE MESINA;ESTRECHO DE MESINA;16
CALLE;DEL;ESTRECHO DE ORMUZ;ESTRECHO DE ORMUZ;16
CALLE;DEL;ESTRECHO DE TORRES;ESTRECHO DE TORRES;16
CALLE;DE LA;ESTRELLA;ESTRELLA;1
CALLE;DE LA;ESTRELLA DENEBOLA;ESTRELLA DENÉBOLA;2
CALLE;DE LA;ESTRELLA HADAR;ESTRELLA HADAR;2
CALLE;DE LA;ESTRELLA NAOS;ESTRELLA NAOS;2
CALLE;DE LA;ESTRELLA POLAR;ESTRELLA POLAR;3
CALLE;DE LA;ESTRELLA SHAULA;ESTRELLA SHAULA;2
CALLE;DE;ESTRELLITA CASTRO;ESTRELLITA CASTRO;19
CALLE;DE;ESTREMERA;ESTREMERA;18
CALLE;DEL;ESTRONCIO;ESTRONCIO;17
CALLE;DE LOS;ESTUDIANTES;ESTUDIANTES;9
CALLE;DEL;ESTUDIO;ESTUDIO;9
CALLE;DE LOS;ESTUDIOS;ESTUDIOS;1
CALLE;DEL;ETNA;ETNA;13
CALLE;DE;ETREROS;ETREROS;2
CALLE;DE;ETRURIA;ETRURIA;20
CALLE;DEL;EUCALIPTO;EUCALIPTO;5
CALLE;DE;EUCLIDES;EUCLIDES;8
CALLE;DE;EUGENIA DE MONTIJO;EUGENIA DE MONTIJO;11
CALLE;DE;EUGENIA DE MONTIJO;EUGENIA DE MONTIJO;11
CALLE;DE;EUGENIA DE MONTIJO;EUGENIA DE MONTIJO;11
CALLE;DE;EUGENIO;EUGENIO;6
CALLE;DE;EUGENIO CAXES;EUGENIO CAXES;12
CALLE;DE;EUGENIO D'ORS;EUGENIO D'ORS;14
PLAZA;DE;EUGENIO MARIA DE HOSTOS;EUGENIO MARÍA DE HOSTOS;9
CALLE;DE;EUGENIO PEREZ;EUGENIO PÉREZ;8
CALLE;DE;EUGENIO SALAZAR;EUGENIO SALAZAR;5
CALLE;DE;EUGENIO SALAZAR;EUGENIO SALAZAR;5
CALLE;DE;EUGENIO SELLES;EUGENIO SELLÉS;2
CALLE;DE;EUGENIO ZUBIA;EUGENIO ZUBÍA;13
CALLE;DE;EULALIA GIL;EULALIA GIL;11
CALLE;DE;EULALIA PAINO;EULALIA PAÍNO;11
CALLE;DE;EULOGIO PEDRERO;EULOGIO PEDRERO;18
CALLE;DE;EUNATE;EUNATE;8
CALLE;DE;EURICO;EURICO;11
PLAZA;DE;EURIPIDES;EURÍPIDES;20
AVENIDA;DEL;EURO;EURO;11
AVENIDA;DE;EUROPA;EUROPA;9
CALLE;DE;EUROPA;EUROPA;5
CALLE;DE;EUSEBIO BLASCO;EUSEBIO BLASCO;11
CALLE;DE;EUSEBIO ISIDRO;EUSEBIO ISIDRO;8
CALLE;DE;EUSEBIO MARTINEZ BARONA;EUSEBIO MARTÍNEZ BARONA;15
CALLE;DE;EUSEBIO MORAN;EUSEBIO MORÁN;11
CALLE;DE;EUSKALDUNA;EUSKALDUNA;17
CALLE;DE;EUSTAQUIO RODRIGUEZ;EUSTAQUIO RODRÍGUEZ;7
CALLE;DE;EUTERPE;EUTERPE;20
CALLE;DE;EVANGELINA SOBREDO GALANES;EVANGELINA SOBREDO GALANES;9
CALLE;DE LOS;EVANGELIOS;EVANGELIOS;12
CALLE;DE;EVARISTO SAN MIGUEL;EVARISTO SAN MIGUEL;9
CALLE;DE;EVORA;ÉVORA;11
CALLE;DEL;EXCELENTE;EXCELENTE;11
CALLE;DE LA;EXPLANADA;EXPLANADA;9
CALLE;DE LA;EXPROPIACION;EXPROPIACIÓN;12
PASEO;DE;EXTREMADURA;EXTREMADURA;9
PASEO;DE;EXTREMADURA;EXTREMADURA;10
PASEO;DE;EXTREMADURA;EXTREMADURA;10
PASEO;DE;EXTREMADURA;EXTREMADURA;10
PASEO;DE;EXTREMADURA;EXTREMADURA;10
PASEO;DE;EXTREMADURA;EXTREMADURA;10
PASEO;DE;EXTREMADURA;EXTREMADURA;10
CALLE;DE LOS;EXTREMEÑOS;EXTREMEÑOS;13
CALLE;DE;EZCARAY;EZCARAY;19
CALLE;DE;EZEQUIEL PEÑALVER;EZEQUIEL PEÑALVER;21
CALLE;DE;EZEQUIEL SOLANA;EZEQUIEL SOLANA;15
CALLE;DE;EZEQUIEL SOLANA;EZEQUIEL SOLANA;15
PLAZA;;FABIAN FERNANDEZ ALARCON;FABIÁN FERNÁNDEZ ALARCÓN;13
CALLE;DE LA;FABRICA DE MOSAICOS;FÁBRICA DE MOSAICOS;17
CALLE;DEL;FACTOR;FACTOR;1
CALLE;DEL;FAGOT;FAGOT;10
CALLE;DE LOS;FAISANES;FAISANES;19
CALLE;DEL;FALCINELO;FALCINELO;11
CALLE;DE LA;FALUA;FALÚA;21
CALLE;DE;FANTASIA;FANTASÍA;13
CALLE;DE;FARADAY;FARADAY;8
CALLE;DE LA;FARMACIA;FARMACIA;1
CALLE;DE;FARO;FARO;11
CALLE;DEL;FAROLILLO;FAROLILLO;11
CALLE;DE;FAUSTA ELORZ;FAUSTA ELORZ;12
CALLE;DE;FAUSTINA CALVO;FAUSTINA CALVO;10
CALLE;DE;FAUSTINA MENA;FAUSTINA MENA;8
CALLE;DE;FAUSTINA MENA;FAUSTINA MENA;8
CALLE;DE;FAUSTINA PEÑALVER;FAUSTINA PEÑALVER;15
CALLE;DE;FAUSTINO CORDON BONET;FAUSTINO CORDÓN BONET;10
CALLE;DE;FAUSTINO GARIJO;FAUSTINO GARIJO;9
CALLE;DE;FAUSTINO OSORIO;FAUSTINO OSORIO;10
CALLE;DE;FAUSTO DOMINGO;FAUSTO DOMINGO;11
CALLE;DE;FAUSTO ELVIRA SANCHEZ;FAUSTO ELVIRA SÁNCHEZ;10
CALLE;DE;FAVILA;FAVILA;11
CALLE;DE LA;FE;FE;1
CALLE;DE;FEBRERO;FEBRERO;20
CALLE;DE;FEDERICA MONTSENY;FEDERICA MONTSENY;8
CALLE;DE;FEDERICO AGUSTI;FEDERICO AGUSTÍ;9
CALLE;DE;FEDERICO CARLOS SAINZ DE ROBLES;FEDERICO CARLOS SAINZ DE ROBLES;9
PASEO;DE;FEDERICO GARCIA LORCA;FEDERICO GARCÍA LORCA;18
CALLE;DE;FEDERICO GARCIA SANCHIZ;FEDERICO GARCÍA SANCHÍZ;5
CALLE;DE;FEDERICO GRASES;FEDERICO GRASES;11
CALLE;DE;FEDERICO GUTIERREZ;FEDERICO GUTIÉRREZ;15
CALLE;DE;FEDERICO MAYO;FEDERICO MAYO;10
CALLE;DE;FEDERICO MOMPOU;FEDERICO MOMPOU;8
CALLE;DE;FEDERICO MORENO TORROBA;FEDERICO MORENO TORROBA;3
CALLE;DE;FEDERICO NUÑEZ;FEDERICO NÚÑEZ;16
CALLE;DE;FEDERICO ORIOL;FEDERICO ORIOL;9
CALLE;DE;FEDERICO ROMERO;FEDERICO ROMERO;9
CALLE;DE;FEDERICO SALMON;FEDERICO SALMÓN;5
CALLE;DE;FEIJOO;FEIJOO;7
AVENIDA;DE LA;FELICIDAD;FELICIDAD;17
CALLE;DE;FELIPE ALVAREZ;FELIPE ÁLVAREZ;18
CALLE;DE;FELIPE CAMPOS;FELIPE CAMPOS;5
CALLE;DE;FELIPE CASTRO;FELIPE CASTRO;12
CALLE;DE;FELIPE DE DIEGO;FELIPE DE DIEGO;13
TRAVESÍA;DE;FELIPE DE DIEGO;FELIPE DE DIEGO;13
CALLE;DE;FELIPE DIAZ;FELIPE DÍAZ;12
CALLE;DE;FELIPE EL HERMOSO;FELIPE EL HERMOSO;7
CALLE;DE;FELIPE FRAILE;FELIPE FRAILE;13
CALLE;DE;FELIPE HERRANZ;FELIPE HERRANZ;16
AVENIDA;DE;FELIPE II;FELIPE II;4
CALLE;DE;FELIPE III;FELIPE III;1
CALLE;DE;FELIPE IV;FELIPE IV;3
PUENTE;DE;FELIPE JUVARA;FELIPE JUVARA;
CALLE;DE;FELIPE MORA;FELIPE MORA;6
CALLE;DE;FELIPE MORATILLA;FELIPE MORATILLA;9
CALLE;DE;FELIPE PEREZ Y GONZALEZ;FELIPE PÉREZ Y GONZÁLEZ;5
CALLE;DE;FELIPE PINGARRON;FELIPE PINGARRÓN;17
CALLE;DE;FELIPE TRIGO;FELIPE TRIGO;15
CALLE;DE;FELIPE V;FELIPE V;1
CALLE;DE;FELISA MENDEZ;FELISA MÉNDEZ;13
CALLE;DE;FELISA PIZARRO;FELISA PIZARRO;8
PASEO;DE;FELIX AVELLAR BROTERO;FÉLIX AVELLAR BROTERO;3
CALLE;DE;FELIX BOIX;FÉLIX BOIX;5
CALLE;DE;FELIX CANDELA;FÉLIX CANDELA;16
CALLE;DE;FELIX LOPEZ;FÉLIX LÓPEZ;11
CALLE;DE;FELIX PORTONES;FÉLIX PORTONES;6
CALLE;DE;FELIX RODRIGUEZ DE LA FUENTE;FÉLIX RODRÍGUEZ DE LA FUENTE;14
CALLE;DE;FELIX RODRIGUEZ DE LA FUENTE;FÉLIX RODRÍGUEZ DE LA FUENTE;15
CALLE;DE;FENELON;FENELÓN;20
CALLE;DEL;FENIX;FÉNIX;9
CALLE;DE;FERELUZ;FERELUZ;6
CALLE;DE;FERENC PUSKAS;FERENC PUSKÁS;19
CALLE;DE;FERENC PUSKAS;FERENC PUSKÁS;19
CALLE;DE LA;FERIA;FERIA;20
CALLE;DEL;FERIAL;FERIAL;9
CALLE;DE LOS;FERIANTES;FERIANTES;21
CALLE;DE;FERMIN CABALLERO;FERMÍN CABALLERO;8
CALLE;DE;FERMIN CABALLERO;FERMÍN CABALLERO;8
CALLE;DE;FERMIN CABALLERO;FERMÍN CABALLERO;8
CALLE;DE;FERMIN DOMINGUEZ ORTIZ;FERMÍN DOMÍNGUEZ ORTIZ;15
CALLE;DE;FERMIN DONAIRE;FERMÍN DONAIRE;12
CALLE;DE;FERMIN IZQUIERDO;FERMÍN IZQUIERDO;6
AVENIDA;DE;FERMINA SEVILLANO;FERMINA SEVILLANO;8
AVENIDA;DE;FERMINA SEVILLANO;FERMINA SEVILLANO;20
CALLE;DE;FERNAN CABALLERO;FERNÁN CABALLERO;11
CALLE;DE;FERNAN GONZALEZ;FERNÁN GONZÁLEZ;3
CALLE;DE;FERNAN GONZALEZ;FERNÁN GONZÁLEZ;4
CALLE;DE;FERNAN NUÑEZ;FERNÁN NÚÑEZ;5
PASEO;DE;FERNAN NUÑEZ;FERNÁN NÚÑEZ;3
CALLE;DE;FERNANDEZ CANCELA;FERNÁNDEZ CANCELA;5
CALLE;DE;FERNANDEZ CARO;FERNÁNDEZ CARO;15
CALLE;DE;FERNANDEZ CID;FERNÁNDEZ CID;8
CALLE;DE;FERNANDEZ DE LA HOZ;FERNÁNDEZ DE LA HOZ;7
CALLE;DE;FERNANDEZ DE LA HOZ;FERNÁNDEZ DE LA HOZ;7
CALLE;DE;FERNANDEZ DE LOS RIOS;FERNÁNDEZ DE LOS RÍOS;7
CALLE;DE;FERNANDEZ DE LOS RIOS;FERNÁNDEZ DE LOS RÍOS;7
CALLE;DE;FERNANDEZ DE NAVARRETE;FERNÁNDEZ DE NAVARRETE;20
CALLE;DE;FERNANDEZ DE OVIEDO;FERNÁNDEZ DE OVIEDO;5
CALLE;DE;FERNANDEZ LLAMAZARES;FERNÁNDEZ LLAMAZARES;16
CALLE;DE;FERNANDEZ SILVESTRE;FERNÁNDEZ SILVESTRE;5
GLORIETA;DE;FERNANDO ARBOS;FERNANDO ARBÓS;16
CALLE;DE;FERNANDO CHUECA GOITIA;FERNANDO CHUECA GOITIA;18
CALLE;DE;FERNANDO CHUECA GOITIA;FERNANDO CHUECA GOITIA;18
CALLE;DE;FERNANDO DE ROJAS;FERNANDO DE ROJAS;16
CALLE;DE;FERNANDO DELGADO;FERNANDO DELGADO;11
CALLE;DE;FERNANDO DIAZ DE MENDOZA;FERNANDO DÍAZ DE MENDOZA;11
PASAJE;DE;FERNANDO DIAZ DE MENDOZA;FERNANDO DÍAZ DE MENDOZA;11
CALLE;DE;FERNANDO EL CATOLICO;FERNANDO EL CATÓLICO;7
CALLE;DE;FERNANDO EL CATOLICO;FERNANDO EL CATÓLICO;7
CALLE;DE;FERNANDO EL SANTO;FERNANDO EL SANTO;7
CALLE;DE;FERNANDO GABRIEL;FERNANDO GABRIEL;15
CALLE;DE;FERNANDO GABRIEL;FERNANDO GABRIEL;15
PLAZA;DE;FERNANDO GARCIA MERCADAL;FERNANDO GARCÍA MERCADAL;16
CALLE;DE;FERNANDO GARRIDO;FERNANDO GARRIDO;7
CALLE;DE;FERNANDO GIRALDEZ;FERNANDO GIRÁLDEZ;13
CALLE;DE;FERNANDO GONZALEZ;FERNANDO GONZÁLEZ;11
CALLE;DE;FERNANDO HIGUERAS;FERNANDO HIGUERAS;16
CALLE;DE;FERNANDO HIGUERAS;FERNANDO HIGUERAS;21
CALLE;DE;FERNANDO LAZARO CARRETER;FERNANDO LÁZARO CARRETER;9
CALLE;DE;FERNANDO MIJARES;FERNANDO MIJARES;20
CALLE;DE;FERNANDO MIJARES;FERNANDO MIJARES;20
CALLE;DE;FERNANDO MORA;FERNANDO MORA;11
CALLE;DE;FERNANDO ORIOL;FERNANDO ORIOL;9
CALLE;DE;FERNANDO ORTIZ;FERNANDO ORTIZ;12
CALLE;DE;FERNANDO OSSORIO;FERNANDO OSSORIO;6
CALLE;DE;FERNANDO PASTOR;FERNANDO PASTOR;13
CALLE;DE;FERNANDO PESSOA;FERNANDO PESSOA;15
CALLE;DE;FERNANDO POO;FERNANDO POO;2
CALLE;DE;FERNANDO VI;FERNANDO VI;1
CALLE;DE;FERNANDO VII;FERNANDO VII;20
CALLE;DE;FERNANDO VIZCAINO CASAS;FERNANDO VIZCAÍNO CASAS;9
CALLE;DE;FERNANFLOR;FERNANFLOR;1
CALLE;DE;FERRAZ;FERRAZ;9
CALLE;DE;FERRAZ;FERRAZ;9
CALLE;DE;FERRAZ;FERRAZ;9
CALLE;DE;FERREIRA;FERREIRA;11
CALLE;DE;FERRER DEL RIO;FERRER DEL RÍO;4
CALLE;DE LA;FERRETERIA;FERRETERÍA;20
CALLE;DEL;FERROCARRIL;FERROCARRIL;2
CALLE;DEL;FERROCARRIL;FERROCARRIL;2
CALLE;DEL;FERROCARRIL DEL TAJUÑA;FERROCARRIL DEL TAJUÑA;19
CALLE;DE LOS;FERROVIARIOS;FERROVIARIOS;12
CALLE;DE LOS;FERROVIARIOS;FERROVIARIOS;12
CALLE;DE LOS;FERROVIARIOS;FERROVIARIOS;12
PASEO;DE LOS;FERROVIARIOS;FERROVIARIOS;17
CALLE;DE;FIDIAS;FIDIAS;10
CALLE;DE;FIGUERAS;FIGUERAS;13
CALLE;DE;FILADELFIA;FILADELFIA;20
AVENIDA;DE;FILIPINAS;FILIPINAS;7
CALLE;DE;FILIPINAS;FILIPINAS;5
CALLE;DE LA;FILOSOFA SIMONE WEIL;FILÓSOFA SIMONE WEIL;13
AVENIDA;;FIN DE SEMANA;FIN DE SEMANA;20
CALLE;DE;FINA DE CALDERON;FINA DE CALDERÓN;16
CALLE;DE;FINISTERRE;FINISTERRE;8
CALLE;DE;FINLANDIA;FINLANDIA;20
CALLE;DE;FITERO;FITERO;12
CALLE;DE;FIVE;FIVÉ;5
CALLE;DEL;FLAMISELL;FLAMISELL;9
CALLE;DE;FLANDES;FLANDES;14
CALLE;DE;FLANDES;FLANDES;14
CALLE;DE LAS;FLAUTAS;FLAUTAS;10
CALLE;DE LA;FLECHA;FLECHA;5
CALLE;DE LA;FLOR ALTA;FLOR ALTA;1
CALLE;DE LA;FLOR BAJA;FLOR BAJA;1
CALLE;DE LA;FLOR DE LIS;FLOR DE LIS;6
CALLE;DE LA;FLOR DE PASCUA;FLOR DE PASCUA;10
CALLE;DE LA;FLOR DEL CORAL;FLOR DEL CORAL;10
CALLE;DE LA;FLORA;FLORA;1
CALLE;DE;FLORA TRISTAN;FLORA TRISTÁN;17
CALLE;DE;FLORENCIA;FLORENCIA;14
CALLE;DE;FLORENCIA PINAR;FLORENCIA PINAR;8
CALLE;DE;FLORENCIO CANO CRISTOBAL;FLORENCIO CANO CRISTÓBAL;14
CALLE;DE;FLORENCIO CASTILLO;FLORENCIO CASTILLO;16
CALLE;DE;FLORENCIO DIAZ;FLORENCIO DÍAZ;4
CALLE;DE;FLORENCIO GARCIA;FLORENCIO GARCÍA;15
CALLE;DE;FLORENCIO LLORENTE;FLORENCIO LLORENTE;15
CALLE;DE;FLORENCIO RODRIGUEZ;FLORENCIO RODRÍGUEZ;9
PLAZA;DE;FLORENCIO SANCHEZ ROPERO;FLORENCIO SÁNCHEZ ROPERO;10
CALLE;DE;FLORENCIO SANZ;FLORENCIO SANZ;11
CALLE;DE;FLORENTINO GASCON;FLORENTINO GASCÓN;16
CALLE;DE;FLORENTINO RODRIGUEZ ALONSO;FLORENTINO RODRÍGUEZ ALONSO;16
RONDA;DE LAS;FLORES;FLORES;9
CALLE;DE;FLORESTAN AGUILAR;FLORESTAN AGUILAR;4
PASEO;DE LA;FLORIDA;FLORIDA;9
PASEO;DE LA;FLORIDA;FLORIDA;21
TRAVESÍA;DE LA;FLORIDA;FLORIDA;1
CALLE;DEL;FLORIN;FLORÍN;11
CALLE;DE LA;FLUORITA;FLUORITA;9
CALLE;DE;FOBOS;FOBOS;14
CALLE;DE LA;FOCHA;FOCHA;9
CALLE;DE;FOMENTO;FOMENTO;1
CALLE;DE;FOMPEDRAZA;FOMPEDRAZA;16
CALLE;DE;FOMPEDRAZA;FOMPEDRAZA;16
CALLE;DE;FONDON;FONDÓN;16
PLAZA;DE;FONSAGRADA;FONSAGRADA;8
CALLE;DE LA;FONTANERIA;FONTANERÍA;16
CALLE;DE;FONTIVEROS;FONTIVEROS;11
CALLE;DE LA;FORESTA;FORESTA;8
CALLE;DE;FORGES;FORGES;19
CALLE;DE;FORGES;FORGES;19
CALLE;DE LAS;FORJAS;FORJAS;19
CALLE;DE;FORMENT;FORMENT;15
CALLE;DE;FORMIGAL;FORMIGAL;9
CALLE;DE;FORNILLOS;FORNILLOS;12
CALLE;DE LA;FORNITURA;FORNITURA;20
CALLE;DE;FORONDA;FORONDA;8
CALLE;DE LA;FORSITIA;FORSITIA;11
CALLE;DE LA;FORTALEZA;FORTALEZA;8
CALLE;DEL;FORTIN;FORTÍN;8
CALLE;DE LA;FORTUNA;FORTUNA;10
CAMINO;DE LA;FORTUNA;FORTUNA;19
PASAJE;;FORTUNA;FORTUNA;11
CALLE;DE;FORTUNATA Y JACINTA;FORTUNATA Y JACINTA;6
CALLE;DE;FORTUNY;FORTUNY;7
CALLE;DEL;FOSFORO;FÓSFORO;2
CALLE;DEL;FOSIL;FÓSIL;12
CALLE;DE LA;FOTOGRAFIA;FOTOGRAFÍA;20
CALLE;;FOXTROT;FOXTROT;21
CALLE;DE;FRAGA;FRAGA;20
CALLE;DE LA;FRAGATA;FRAGATA;11
CALLE;DE LAS;FRAGUAS;FRAGUAS;21
CALLE;DE LA;FRAMBUESA;FRAMBUESA;11
PUENTE;DE LOS;FRANCESES;FRANCESES;9
CALLE;DE;FRANCFORT;FRANCFORT;20
CALLE;DE;FRANCISCA ARMADA;FRANCISCA ARMADA;10
CALLE;DE;FRANCISCA CALONGE;FRANCISCA CALONGE;6
CALLE;DE;FRANCISCA CONDE;FRANCISCA CONDE;6
CALLE;DE;FRANCISCA DE TORRES CATALAN;FRANCISCA DE TORRES CATALÁN;19
CALLE;DE;FRANCISCA MORENO;FRANCISCA MORENO;4
PLAZA;DE;FRANCISCA PACHECO;FRANCISCA PACHECO;11
PLAZA;DE LOS;FRANCISCANOS;FRANCISCANOS;10
CALLE;DE;FRANCISCO ABRIL;FRANCISCO ABRIL;3
CALLE;DE;FRANCISCO ALCANTARA;FRANCISCO ALCÁNTARA;5
CALLE;DE;FRANCISCO ALTIMIRAS;FRANCISCO ALTIMIRAS;4
CALLE;DE;FRANCISCO ALVAREZ;FRANCISCO ÁLVAREZ;18
CALLE;DE;FRANCISCO ANDRES;FRANCISCO ANDRÉS;9
CALLE;DE;FRANCISCO BALSEIRO;FRANCISCO BALSEIRO;6
GLORIETA;DE;FRANCISCO BAYEU Y SUBIAS;FRANCISCO BAYEU Y SUBÍAS;8
GLORIETA;DE;FRANCISCO BAYEU Y SUBIAS;FRANCISCO BAYEU Y SUBÍAS;9
CALLE;DE;FRANCISCO BRIZUELA;FRANCISCO BRIZUELA;10
CALLE;DE;FRANCISCO CABO;FRANCISCO CABO;6
CALLE;DE;FRANCISCO CAMPOS;FRANCISCO CAMPOS;5
PLAZA;DE;FRANCISCO DE ASIS CABRERO;FRANCISCO DE ASÍS CABRERO;16
CALLE;DE;FRANCISCO DE ASIS MENDEZ CASARIEGO;FRANCISCO DE ASÍS MÉNDEZ CASARIEGO;5
CALLE;DE;FRANCISCO DE DIEGO;FRANCISCO DE DIEGO;9
CALLE;DE;FRANCISCO DE GOYA;FRANCISCO DE GOYA;5
CALLE;DE;FRANCISCO DE ICAZA;FRANCISCO DE ICAZA;11
CALLE;DE;FRANCISCO DE LA FUENTE;FRANCISCO DE LA FUENTE;18
GLORIETA;DE;FRANCISCO DE LAS CABEZAS;FRANCISCO DE LAS CABEZAS;20
CALLE;DE;FRANCISCO DE ROJAS;FRANCISCO DE ROJAS;7
CALLE;DE;FRANCISCO DE TEJADA;FRANCISCO DE TEJADA;10
CALLE;DE;FRANCISCO DEL PINO;FRANCISCO DEL PINO;17
CALLE;DE;FRANCISCO DEL POZO;FRANCISCO DEL POZO;8
CALLE;DE;FRANCISCO DIAZ DE MADRID;FRANCISCO DÍAZ DE MADRID;8
CALLE;DE;FRANCISCO FATOU;FRANCISCO FATOU;18
GLORIETA;DE;FRANCISCO FERNANDEZ ORDOÑEZ;FRANCISCO FERNÁNDEZ ORDOÑEZ;16
GLORIETA;DE;FRANCISCO FERNANDEZ ORDOÑEZ;FRANCISCO FERNÁNDEZ ORDOÑEZ;16
CALLE;DE;FRANCISCO GARCIA;FRANCISCO GARCÍA;11
CALLE;DE;FRANCISCO GERVAS;FRANCISCO GERVÁS;6
CALLE;DE;FRANCISCO GINER DE LOS RIOS;FRANCISCO GINER DE LOS RÍOS;15
CALLE;DE;FRANCISCO GIRALTE;FRANCISCO GIRALTE;5
CALLE;DE;FRANCISCO GRANDE COVIAN;FRANCISCO GRANDE COVIÁN;19
CALLE;DE;FRANCISCO GRANDE COVIAN;FRANCISCO GRANDE COVIÁN;19
CALLE;DE;FRANCISCO GUTIERREZ;FRANCISCO GUTIÉRREZ;15
CALLE;DE;FRANCISCO GUZMAN;FRANCISCO GUZMÁN;11
CALLE;DE;FRANCISCO GUZMAN;FRANCISCO GUZMÁN;11
CALLE;DE;FRANCISCO HUESCA;FRANCISCO HUESCA;15
CALLE;DE;FRANCISCO IGLESIAS;FRANCISCO IGLESIAS;13
CALLE;DE;FRANCISCO IÑIGUEZ ALMECH;FRANCISCO ÍÑIGUEZ ALMECH;20
GLORIETA;DE;FRANCISCO JAREÑO;FRANCISCO JAREÑO;16
AVENIDA;DE;FRANCISCO JAVIER SAENZ DE OIZA;FRANCISCO JAVIER SÁENZ DE OIZA;16
CALLE;DE;FRANCISCO JAVIER TORRONTERAS GADEA;FRANCISCO JAVIER TORRONTERAS GADEA;11
CALLE;DE;FRANCISCO JOSE ARROYO;FRANCISCO JOSÉ ARROYO;16
CALLE;DE;FRANCISCO LAGUNA;FRANCISCO LAGUNA;13
CALLE;DE;FRANCISCO LARGO CABALLERO;FRANCISCO LARGO CABALLERO;15
CALLE;DE;FRANCISCO LASTRES;FRANCISCO LASTRES;4
CALLE;DE;FRANCISCO LIZCANO;FRANCISCO LIZCANO;11
CALLE;DE;FRANCISCO LOPEZ;FRANCISCO LÓPEZ;12
CALLE;DE;FRANCISCO LOZANO;FRANCISCO LOZANO;9
CALLE;DE;FRANCISCO LUJAN;FRANCISCO LUJÁN;15
CALLE;DE;FRANCISCO MADARIAGA;FRANCISCO MADARIAGA;15
CALLE;DE;FRANCISCO MEDRANO;FRANCISCO MEDRANO;6
PLAZA;DE;FRANCISCO MORANO;FRANCISCO MORANO;2
CALLE;DE;FRANCISCO MOREJON;FRANCISCO MOREJÓN;16
CALLE;DE;FRANCISCO MOSQUEDA;FRANCISCO MOSQUEDA;16
CALLE;DE;FRANCISCO MOSQUEDA;FRANCISCO MOSQUEDA;16
CALLE;DE;FRANCISCO NAVACERRADA;FRANCISCO NAVACERRADA;4
CALLE;DE;FRANCISCO NIEVA;FRANCISCO NIEVA;2
CALLE;DE;FRANCISCO ORDOÑEZ;FRANCISCO ORDÓÑEZ;17
CALLE;DE;FRANCISCO PAINO;FRANCISCO PAÍNO;11
CALLE;DE;FRANCISCO PALOMO;FRANCISCO PALOMO;16
AVENIDA;DE;FRANCISCO PI Y MARGALL;FRANCISCO PI Y MARGALL;8
AVENIDA;DE;FRANCISCO PI Y MARGALL;FRANCISCO PI Y MARGALL;16
CALLE;DE;FRANCISCO PIQUER;FRANCISCO PIQUER;1
CALLE;DE;FRANCISCO PUERTAS;FRANCISCO PUERTAS;11
CALLE;DE;FRANCISCO REMIRO;FRANCISCO REMIRO;4
CALLE;DE;FRANCISCO REQUENA;FRANCISCO REQUENA;15
CALLE;DE;FRANCISCO RICCI;FRANCISCO RICCI;7
CALLE;DE;FRANCISCO RIOJA;FRANCISCO RIOJA;15
CALLE;DE;FRANCISCO RODRIGUEZ;FRANCISCO RODRÍGUEZ;11
CALLE;DE;FRANCISCO ROMERO;FRANCISCO ROMERO;11
CALLE;DE;FRANCISCO RONQUILLO;FRANCISCO RONQUILLO;10
PLAZA;DE;FRANCISCO RUANO;FRANCISCO RUANO;12
CALLE;DE;FRANCISCO RUIZ;FRANCISCO RUIZ;12
CALLE;DE;FRANCISCO RUIZ;FRANCISCO RUIZ;12
CALLE;DE;FRANCISCO RUIZ;FRANCISCO RUIZ;12
CALLE;DE;FRANCISCO SALAS;FRANCISCO SALAS;6
CALLE;DE;FRANCISCO SANCHA;FRANCISCO SANCHA;8
CALLE;DE;FRANCISCO SANFIZ;FRANCISCO SANFIZ;9
CALLE;DE;FRANCISCO SANTOS;FRANCISCO SANTOS;4
CALLE;DE;FRANCISCO SILVELA;FRANCISCO SILVELA;4
CALLE;DE;FRANCISCO SILVELA;FRANCISCO SILVELA;4
CALLE;DE;FRANCISCO SILVELA;FRANCISCO SILVELA;5
CALLE;DE;FRANCISCO SILVELA;FRANCISCO SILVELA;5
CALLE;DE;FRANCISCO SUAREZ;FRANCISCO SUÁREZ;5
CALLE;DE;FRANCISCO TARREGA;FRANCISCO TÁRREGA;8
CALLE;DE;FRANCISCO TOMAS Y VALIENTE;FRANCISCO TOMÁS Y VALIENTE;8
CALLE;DE;FRANCISCO UMBRAL;FRANCISCO UMBRAL;16
CALLE;DE;FRANCISCO UMBRAL;FRANCISCO UMBRAL;21
CALLE;DE;FRANCISCO UMBRAL;FRANCISCO UMBRAL;21
CALLE;DE;FRANCISCO VILLAESPESA;FRANCISCO VILLAESPESA;15
CALLE;DE;FRANCISCO VILLAESPESA;FRANCISCO VILLAESPESA;15
CALLE;DE;FRANCISCO VITORIA;FRANCISCO VITORIA;3
CALLE;DE;FRANCISCO VIVANCOS;FRANCISCO VIVANCOS;5
CALLE;DE;FRANCISCO Y JACINTO ALCANTARA;FRANCISCO Y JACINTO ALCÁNTARA;9
CALLE;DE;FRANCISCO ZEA;FRANCISCO ZEA;4
CALLE;DE;FRANCO;FRANCO;5
CALLE;DEL;FRANCOLIN;FRANCOLÍN;11
CALLE;DE;FRANCOS RODRIGUEZ;FRANCOS RODRÍGUEZ;6
CALLE;DE;FRANCOS RODRIGUEZ;FRANCOS RODRÍGUEZ;6
CALLE;DE;FRANCOS RODRIGUEZ;FRANCOS RODRÍGUEZ;9
CALLE;DE;FRANCOS RODRIGUEZ;FRANCOS RODRÍGUEZ;9
CALLE;DE;FRASCUELO;FRASCUELO;16
CALLE;DE;FRAY BERNARDINO SAHAGUN;FRAY BERNARDINO SAHAGÚN;5
CALLE;DE;FRAY CEFERINO GONZALEZ;FRAY CEFERINO GONZÁLEZ;1
CALLE;DE;FRAY JOSE CERDEIRIÑA;FRAY JOSÉ CERDEIRIÑA;10
CALLE;DE;FRAY JUAN GIL;FRAY JUAN GIL;5
CALLE;DE;FRAY JUNIPERO SERRA;FRAY JUNÍPERO SERRA;6
CALLE;DE;FRAY LUIS DE LEON;FRAY LUIS DE LEÓN;2
CALLE;DE LA;FRESA;FRESA;1
CALLE;DE;FRESNEDILLAS;FRESNEDILLAS;8
CALLE;DE;FRESNO DE CANTESPINO;FRESNO DE CANTESPINO;18
CALLE;DE;FRESNO DE LA VEGA;FRESNO DE LA VEGA;16
CALLE;DE;FREUD;FREUD;8
CALLE;DE;FRIAS;FRÍAS;21
CALLE;DE;FRIDA KAHLO;FRIDA KAHLO;18
CALLE;DE;FRIDA KAHLO;FRIDA KAHLO;18
CALLE;DE;FRIGILIANA;FRIGILIANA;2
CALLE;DE;FROMISTA;FRÓMISTA;8
CALLE;DE LAS;FRONTERAS DE PORTUGAL;FRONTERAS DE PORTUGAL;21
CALLE;DE;FRUELA;FRUELA;
CALLE;DE;FUCAR;FÚCAR;1
CALLE;DE LA;FUCSIA;FUCSIA;9
CALLE;DE;FUEMBELLIDA;FUEMBELLIDA;20
CALLE;DE;FUENCALIENTE;FUENCALIENTE;15
CALLE;DE;FUENCARRAL;FUENCARRAL;1
CALLE;DE;FUENCARRAL;FUENCARRAL;1
CALLE;DE;FUENCARRAL;FUENCARRAL;7
CAMINO;DE;FUENCARRAL;FUENCARRAL;8
CAMINO;DE;FUENCARRAL;FUENCARRAL;16
CALLE;DEL;MAR DE LAS ANTILLAS;MAR DE LAS ANTILLAS;16
CARRETERA;DE;FUENCARRAL A ALCOBENDAS;FUENCARRAL A ALCOBENDAS;5
CARRETERA;DE;FUENCARRAL A ALCOBENDAS;FUENCARRAL A ALCOBENDAS;5
CARRETERA;DE;FUENCARRAL A ALCOBENDAS;FUENCARRAL A ALCOBENDAS;5
CARRETERA;DE;FUENCARRAL A ALCOBENDAS;FUENCARRAL A ALCOBENDAS;8
CARRETERA;DE;FUENCARRAL A ALCOBENDAS;FUENCARRAL A ALCOBENDAS;8
CARRETERA;DE;FUENCARRAL A HORTALEZA;FUENCARRAL A HORTALEZA;8
POBLADO DE ABSORCIÓN;DE;FUENCARRAL B;FUENCARRAL B;
CALLE;DE;FUENCEMILLAN;FUENCEMILLÁN;20
CALLE;DE;FUENDETODOS;FUENDETODOS;10
CALLE;DE;FUENGIROLA;FUENGIROLA;13
CALLE;DE;FUENLABRADA;FUENLABRADA;11
CALLE;DE;FUENLABRADA;FUENLABRADA;11
CALLE;DE;FUENSALIDA;FUENSALIDA;9
CALLE;DE;FUENSAVIÑAN;FUENSAVIÑÁN;20
CALLE;DE LA;FUENTE;FUENTE;17
CAMINO;DE LA;FUENTE;FUENTE;9
CAMINO;DE LA;FUENTE;FUENTE;9
PLAZA;DE LA;FUENTE;FUENTE;21
CALLE;DE LA;FUENTE CARRANTONA;FUENTE CARRANTONA;14
CALLE;DE LA;FUENTE CARRANTONA;FUENTE CARRANTONA;14
CALLE;DE LA;FUENTE CARRANTONA;FUENTE CARRANTONA;14
CALLE;DE LA;FUENTE CARRANTONA;FUENTE CARRANTONA;14
CALLE;DE LA;FUENTE CARRANTONA;FUENTE CARRANTONA;14
CALLE;DE LA;FUENTE CARRANTONA;FUENTE CARRANTONA;15
CALLE;DE LA;FUENTE CARRANTONA;FUENTE CARRANTONA;15
CALLE;DE LA;FUENTE CHICA;FUENTE CHICA;8
CALLE;DE LA;FUENTE DE ARAVACA;FUENTE DE ARAVACA;9
CAMINO;DE LA;FUENTE DE ARRIBA;FUENTE DE ARRIBA;19
CAMINO;DE LA;FUENTE DE EL GOLOSO;FUENTE DE EL GOLOSO;8
CALLE;DE LA;FUENTE DE LA CAPONA;FUENTE DE LA CAPONA;17
GLORIETA;DE LA;FUENTE DE LA CARRA;FUENTE DE LA CARRA;8
CALLE;DE LA;FUENTE DE LA CUESTA;FUENTE DE LA CUESTA;9
AVENIDA;DE LA;FUENTE DE LA MORA;FUENTE DE LA MORA;16
CAMINO;DE LA;FUENTE DE LA MORA;FUENTE DE LA MORA;16
CALLE;DE LA;FUENTE DE LIMA;FUENTE DE LIMA;10
CALLE;DE LA;FUENTE DE LOS CINCO CAÑOS;FUENTE DE LOS CINCO CAÑOS;19
CAMINO;DE LA;FUENTE DE LOS MOCHUELOS;FUENTE DE LOS MOCHUELOS;8
CALLE;DE;FUENTE DE PIEDRA;FUENTE DE PIEDRA;13
CALLE;DE LA;FUENTE DE SAN JUAN;FUENTE DE SAN JUAN;19
CALLE;DE LA;FUENTE DE SAN PEDRO;FUENTE DE SAN PEDRO;19
CALLE;DE LA;FUENTE DE SAN PEDRO;FUENTE DE SAN PEDRO;19
CALLE;DE LA;FUENTE DE TORREJONA;FUENTE DE TORREJONA;21
CALLE;DE LA;FUENTE DEL BERRO;FUENTE DEL BERRO;4
CALLE;DE LA;FUENTE DEL CAROLO;FUENTE DEL CAROLO;9
CALLE;DE LA;FUENTE DEL MOLINO;FUENTE DEL MOLINO;9
CALLE;DE LA;FUENTE DEL PAVO;FUENTE DEL PAVO;21
CALLE;DE LA;FUENTE DEL PERAL;FUENTE DEL PERAL;9
CAMINO;DE LA;FUENTE DEL PIEJO;FUENTE DEL PIEJO;8
CALLE;DE LA;FUENTE DEL REY;FUENTE DEL REY;9
CALLE;DE LA;FUENTE DEL ROMERO;FUENTE DEL ROMERO;9
CALLE;DE;FUENTE DEL SAZ;FUENTE DEL SAZ;5
CALLE;DE LA;FUENTE DEL TIRO;FUENTE DEL TIRO;10
CALLE;DE;FUENTELAHIGUERA;FUENTELAHIGUERA;20
CALLE;DE;FUENTELAPEÑA;FUENTELAPEÑA;20
AVENIDA;DE;FUENTELARREYNA;FUENTELARREYNA;9
CALLE;DE;FUENTELENCINA;FUENTELENCINA;20
CALLE;DE;FUENTELVIEJO;FUENTELVIEJO;20
CALLE;DE;FUENTEMILANOS;FUENTEMILANOS;8
CALLE;DE;FUENTENEBRO;FUENTENEBRO;21
CALLE;DE;FUENTENOVILLA;FUENTENOVILLA;20
CALLE;DE;FUENTEOVEJUNA;FUENTEOVEJUNA;10
CALLE;DE;FUENTEPELAYO;FUENTEPELAYO;8
CALLE;DE;FUENTERRABIA;FUENTERRABÍA;3
CALLE;DE LAS;FUENTES;FUENTES;1
CALLE;DE LAS;FUENTES;FUENTES;1
PLAZA;DE LAS;FUENTES CLARAS;FUENTES CLARAS;20
CALLE;DE LAS;FUENTES DE SAN JORGE;FUENTES DE SAN JORGE;19
CALLE;DE;FUENTESAUCO;FUENTESAÚCO;10
CALLE;DE;FUENTESPINA;FUENTESPINA;18
CALLE;DE;FUENTIDUEÑA;FUENTIDUEÑA;18
GLORIETA;DE;FUENTIDUEÑAS;FUENTIDUEÑAS;3
AVENIDA;DE LOS;FUEROS;FUEROS;12
CALLE;DEL;FUERTE DE NAVIDAD;FUERTE DE NAVIDAD;10
CALLE;DE;FULGENCIO DE MIGUEL;FULGENCIO DE MIGUEL;6
CALLE;DE LA;FUMISTERIA;FUMISTERÍA;20
PASAJE;DE LA;FUNDACION;FUNDACIÓN;4
CALLE;DE LOS;FUNDADORES;FUNDADORES;4
CALLE;DE LAS;FUNDICIONES;FUNDICIONES;19
CALLE;DE;FURELOS;FURELOS;8
CALLE;;G;G;13
TRAVESÍA;;G;G;13
CALLE;DE;GABASTI;GABASTI;15
CALLE;DE;GABINO JIMENO;GABINO JIMENO;12
CALLE;DE;GABRIEL ABREU;GABRIEL ABRÉU;4
CALLE;DE;GABRIEL CISNEROS;GABRIEL CISNEROS;18
CALLE;DE;GABRIEL DIEZ;GABRIEL DÍEZ;6
CALLE;DE;GABRIEL GOMEZ;GABRIEL GÓMEZ;11
CALLE;DE;GABRIEL LOBO;GABRIEL LOBO;5
PLAZA;DE;GABRIEL MIRO;GABRIEL MIRÓ;1
CALLE;DE;GABRIEL MONTERO;GABRIEL MONTERO;15
CALLE;DE;GABRIEL PORTADALES;GABRIEL PORTADALES;6
CALLE;DE;GABRIEL RUIZ;GABRIEL RUIZ;12
CALLE;DE;GABRIEL USERA;GABRIEL USERA;12
CALLE;DE;GABRIEL USERA;GABRIEL USERA;12
CALLE;DE;GABRIEL Y GALAN;GABRIEL Y GALÁN;5
CALLE;DE;GABRIELA MISTRAL;GABRIELA MISTRAL;8
CALLE;DE;GABRIELA MISTRAL;GABRIELA MISTRAL;8
CALLE;DE;GAINZA;GAÍNZA;12
CALLE;DE;GAIRA;GAIRA;16
CALLE;DE;GALAPA;GALAPA;16
CALLE;DE;GALATEA;GALATEA;16
AVENIDA;DE LA;GALAXIA;GALAXIA;9
CUESTA;DEL;GALBAN;GALBÁN;9
CALLE;DE;GALDO;GALDO;1
CALLE;DE LA;GALENA;GALENA;17
CALLE;DEL;GALEON;GALEÓN;21
CALLE;DE LA;GALERA;GALERA;21
CALLE;DE LA;GALERIA DE ROBLES;GALERÍA DE ROBLES;1
CALLE;DE;GALES;GALES;19
CALLE;DE;GALES;GALES;19
CALLE;DE;GALIANA;GALIANA;10
CALLE;DE;GALICIA;GALICIA;10
PLAZA;DE;GALICIA;GALICIA;3
CALLE;DE;GALILEO;GALILEO;7
CALLE;DE;GALILEO;GALILEO;7
CALLE;DE;GALLARZA;GALLARZA;5
CALLE;DE LOS;GALLEGOS;GALLEGOS;19
CALLE;DEL;GALLO;GALLO;19
CALLE;DE;GALLUR;GALLUR;10
CALLE;DE;GALVEZ;GÁLVEZ;11
CALLE;DEL;GAMONAL;GAMONAL;18
CALLE;DE LA;GANADERIA;GANADERÍA;9
CALLE;DE LOS;GANADOS DEL SALOBRAL;GANADOS DEL SALOBRAL;17
CAMINO;DE;GANAPANES;GANAPANES;8
CAMINO;DE;GANAPANES;GANAPANES;8
PLAZA;DE;GANDARA DE ORO;GÁNDARA DE ORO;11
CALLE;DE;GANDHI;GANDHI;15
CALLE;DE;GANDIA;GANDÍA;3
CALLE;DE;GANDO;GANDO;10
CALLE;DEL;GANGES;GANGES;15
CALLE;DE;GANIMEDES;GANÍMEDES;9
TRAVESÍA;DE;GANIMEDES;GANÍMEDES;9
TRAVESÍA;DE;GANIMEDES;GANÍMEDES;9
CAMINO;DEL;GARABITAS;GARABITAS;9
CARRETERA;DEL;GARABITAS;GARABITAS;9
PASEO;DEL;GARABITAS;GARABITAS;9
CALLE;DEL;GARAPALO;GARAPALO;10
CALLE;DE LA;GARCETA;GARCETA;11
CALLEJÓN;DE;GARCIA CEA;GARCÍA CEA;6
CALLE;DE;GARCIA DE LA PARRA;GARCÍA DE LA PARRA;9
CALLE;DE;GARCIA DE PAREDES;GARCÍA DE PAREDES;7
CALLE;DE;GARCIA DE PAREDES;GARCÍA DE PAREDES;7
CALLE;DE;GARCIA GUTIERREZ;GARCÍA GUTIÉRREZ;1
PLAZA;DE;GARCIA IBARROLA;GARCÍA IBARROLA;5
CALLE;DE;GARCIA LLAMAS;GARCÍA LLAMAS;13
CALLE;DE;GARCIA LUNA;GARCÍA LUNA;5
CALLE;DE;GARCIA MIRANDA;GARCÍA MIRANDA;13
CALLE;DE;GARCIA MOLINAS;GARCÍA MOLINAS;1
GLORIETA;DE;GARCIA PLAZA;GARCÍA PLAZA;11
CALLE;DE;GARCIA QUINTANILLA;GARCÍA QUINTANILLA;15
CALLE;DE;GARCIA SALAZAR;GARCÍA SALAZAR;15
CALLE;DE;GARCIA TREVIÑO;GARCÍA TREVIÑO;9
CALLE;DE;GARCILASO;GARCILASO;7
CALLE;DE;GARCI-NUÑO;GARCI-NUÑO;6
CALLE;DE LAS;GARDENIAS;GARDENIAS;6
CALLE;DEL;GARELLANO;GARELLANO;6
CALLE;DE;GARGANCHON;GARGANCHÓN;21
CALLE;DE LA;GARGANTA DE AISA;GARGANTA DE AISA;13
CALLE;DE;GARGANTA DE LOS MONTES;GARGANTA DE LOS MONTES;2
CALLE;DE LAS;GARGANTAS;GARGANTAS;5
CALLE;DE;GARGANTILLA;GARGANTILLA;2
CALLE;DE;GARIBAY;GARIBAY;3
CALLE;DE LA;GARITA;GARITA;8
CALLE;DE;GARMUR;GARMUR;15
CALLE;DE;GARROVILLAS;GARROVILLAS;10
CALLE;DE LA;GARZA;GARZA;9
CALLE;DE;GASCONES;GASCONES;8
CALLE;DE;GASCONES;GASCONES;8
CALLE;DE;GASCUEÑA;GASCUEÑA;20
CALLE;DEL;GASOMETRO;GASÓMETRO;2
CALLE;DEL;GASOMETRO;GASÓMETRO;2
CALLE;DEL;GASOMETRO;GASÓMETRO;2
CALLE;DEL;GASOMETRO;GASÓMETRO;2
CALLE;DEL;GASOMETRO;GASÓMETRO;2
CALLE;DE;GASPAR MORALES;GASPAR MORALES;11
CALLE;DEL;GASTERIA;GASTERÍA;11
TRAVESÍA;DE LA;GAVIA;GAVIA;18
CALLE;DE LA;GAVIA SECA;GAVIA SECA;18
TRAVESÍA;DE LA;GAVIA SECA;GAVIA SECA;18
CALLE;DE;GAVILANES;GAVILANES;8
CALLE;DE;GAVILANES;GAVILANES;8
CALLE;DE LA;GAVIOTA;GAVIOTA;11
CALLE;DE LA;GAZANIA;GAZANIA;9
CALLE;DE;GAZTAMBIDE;GAZTAMBIDE;7
CALLE;DE;GAZTAMBIDE;GAZTAMBIDE;7
PLAZA;DE;GELSA DE EBRO;GELSA DE EBRO;10
CALLE;DE;GEMINIS;GÉMINIS;21
CALLE;DE LA;GENCIANA;GENCIANA;6
AVENIDA;;GENERAL;GENERAL;21
CALLE;DEL;GENERAL ALVAREZ DE CASTRO;GENERAL ÁLVAREZ DE CASTRO;7
GLORIETA;DEL;GENERAL ALVAREZ DE CASTRO;GENERAL ÁLVAREZ DE CASTRO;7
CALLE;DEL;GENERAL AMPUDIA;GENERAL AMPUDIA;7
CALLE;DEL;GENERAL ARANAZ;GENERAL ARANAZ;15
CALLE;DEL;GENERAL ARANAZ;GENERAL ARANAZ;15
CALLE;DEL;GENERAL ARANAZ;GENERAL ARANAZ;15
CALLE;DEL;GENERAL ARANAZ;GENERAL ARANAZ;15
CALLE;DEL;GENERAL ARANAZ;GENERAL ARANAZ;16
CALLE;DEL;GENERAL ARANAZ;GENERAL ARANAZ;20
CALLE;DEL;GENERAL ARRANDO;GENERAL ARRANDO;7
CALLE;DEL;GENERAL CABRERA;GENERAL CABRERA;6
CALLE;DEL;GENERAL CADENAS CAMPOS;GENERAL CADENAS CAMPOS;9
CALLE;DEL;GENERAL CASTAÑOS;GENERAL CASTAÑOS;1
CALLE;DEL;GENERAL DIAZ PORLIER;GENERAL DÍAZ PORLIER;4
CALLE;DEL;GENERAL DIAZ PORLIER;GENERAL DÍAZ PORLIER;4
CALLE;DEL;GENERAL GALLEGOS;GENERAL GALLEGOS;5
CALLE;DEL;GENERAL IBAÑEZ DE IBERO;GENERAL IBÁÑEZ DE ÍBERO;7
CALLE;DEL;GENERAL JUAN VAN-HALEN;GENERAL JUAN VAN-HALEN;14
CALLE;DEL;GENERAL LACY;GENERAL LACY;2
CALLE;DEL;GENERAL LACY;GENERAL LACY;2
CALLE;DEL;GENERAL LOPEZ POZAS;GENERAL LÓPEZ POZAS;5
CALLE;DEL;GENERAL LORENZO;GENERAL LORENZO;10
CALLE;DEL;GENERAL MANSO;GENERAL MANSO;10
CALLE;DEL;GENERAL MARGALLO;GENERAL MARGALLO;6
PLAZA;DEL;GENERAL MAROTO;GENERAL MAROTO;2
CALLE;DEL;GENERAL MARTIN CEREZO;GENERAL MARTÍN CEREZO;11
PASEO;DEL;GENERAL MARTINEZ CAMPOS;GENERAL MARTÍNEZ CAMPOS;7
CALLE;DEL;GENERAL MARVA;GENERAL MARVÁ;12
CALLE;DEL;GENERAL MILLAN ASTRAY;GENERAL MILLÁN ASTRAY;10
CALLE;DEL;GENERAL MITRE;GENERAL MITRE;1
CALLE;DEL;GENERAL ORAA;GENERAL ORÁA;4
CALLE;DEL;GENERAL ORAA;GENERAL ORÁA;4
CALLE;DEL;GENERAL PALANCA;GENERAL PALANCA;2
CALLE;DEL;GENERAL PALANCA;GENERAL PALANCA;2
CALLE;DEL;GENERAL PARDIÑAS;GENERAL PARDIÑAS;4
CALLE;DEL;GENERAL PARDIÑAS;GENERAL PARDIÑAS;4
AVENIDA;DEL;GENERAL PERON;GENERAL PERÓN;6
CALLE;DEL;GENERAL PINTOS;GENERAL PINTOS;6
CALLE;DEL;GENERAL PRIM;GENERAL PRIM;9
CALLE;DEL;GENERAL RAMIREZ DE MADRID;GENERAL RAMÍREZ DE MADRID;6
CALLE;DEL;GENERAL RAMIREZ DE MADRID;GENERAL RAMÍREZ DE MADRID;6
CALLE;DEL;GENERAL RICARDOS;GENERAL RICARDOS;11
CALLE;DEL;GENERAL RICARDOS;GENERAL RICARDOS;11
CALLE;DEL;GENERAL RICARDOS;GENERAL RICARDOS;11
CALLE;DEL;GENERAL RICARDOS;GENERAL RICARDOS;11
GLORIETA;DEL;GENERAL SAN MARTIN;GENERAL SAN MARTÍN;9
CALLE;DEL;GENERAL SERRANO ORIVE;GENERAL SERRANO ORIVE;11
CALLE;DEL;GENERAL URRUTIA;GENERAL URRUTIA;8
PLAZA;DEL;GENERAL VARA DE REY;GENERAL VARA DE REY;1
CALLE;DEL;GENERAL VELARDE;GENERAL VELARDE;3
CALLE;DEL;GENERAL ZABALA;GENERAL ZABALA;5
CALLE;DEL;GENERAL ZABALA;GENERAL ZABALA;5
CALLE;DEL;GENERALIFE;GENERALIFE;12
CALLE;DE LA;GENEROSIDAD;GENEROSIDAD;17
CALLE;DEL;GENIL;GENIL;5
CALLE;DE LA;GENISTA;GENISTA;10
CALLE;DE;GENOVA;GÉNOVA;1
CALLE;DE;GENOVA;GÉNOVA;7
CALLE;DE;GENSERICO;GENSERICO;10
CALLE;DE LA;GEOLOGIA;GEOLOGÍA;17
PLAZA;DE LOS;GEOLOGOS;GEÓLOGOS;15
CALLE;DE LOS;GERANIOS;GERANIOS;6
CALLE;DE;GERARDO BAENA;GERARDO BAENA;8
CALLE;DE;GERARDO CORDON;GERARDO CORDÓN;15
TRAVESÍA;DE;GERARDO CORDON;GERARDO CORDÓN;15
CALLE;DE;GERARDO DIEGO;GERARDO DIEGO;13
CALLE;DE;GERARDO RUEDA;GERARDO RUEDA;13
CALLE;DE;GERARDO SAINZ;GERARDO SAINZ;9
CALLE;DE;GERDA TARO;GERDA TARO;9
CALLE;DE;GERMAN PEREZ CARRASCO;GERMÁN PÉREZ CARRASCO;15
CALLE;DE;GERONA;GERONA;1
CALLE;DE;GERTRUDIS DE LA FUENTE;GERTRUDIS DE LA FUENTE;10
CALLE;DE;GESALEICO;GESALEICO;11
CALLE;DE;GETAFE;GETAFE;17
PLAZA;DE;GETAFE;GETAFE;5
CALLE;DE;GETINO;GETINO;16
PASEO;DE;GIGANTES Y CABEZUDOS;GIGANTES Y CABEZUDOS;17
CALLE;DE;GIJON;GIJÓN;10
CALLE;DE;GIL DE ONTAÑON;GIL DE ONTAÑÓN;15
CALLE;DE;GIL DE SANTIVAÑES;GIL DE SANTIVÁÑES;4
CALLE;DE;GIL IMON;GIL IMÓN;2
TRAVESÍA;DE;GIL IMON;GIL IMÓN;2
CALLE;DE;GIL Y POLO;GIL Y POLO;15
CALLE;DE;GILENA;GILENA;17
PASEO;DE;GINEBRA;GINEBRA;20
CALLE;DEL;GINEBRO;GINEBRO;12
CALLE;DE;GINES NAVARRO;GINÉS NAVARRO;9
CALLE;DE;GINZO DE LIMIA;GINZO DE LIMIA;8
CALLE;DE;GINZO DE LIMIA;GINZO DE LIMIA;8
CALLE;DE LA;GIRALDA;GIRALDA;12
CALLE;DEL;GIRASOL;GIRASOL;11
CALLE;DEL;GLADIOLO;GLADIOLO;6
CALLE;DE;GLASGOW;GLASGOW;20
CALLE;DE;GLORIA FUERTES;GLORIA FUERTES;8
CALLE;DE;GLORIA FUERTES;GLORIA FUERTES;8
AVENIDA;DE LAS;GLORIETAS;GLORIETAS;13
CALLE;DE LA;GLOXINIA;GLOXINIA;6
CALLE;DE LA;GLYCERIA;GLYCERIA;12
CALLE;DE;GOBELAS;GOBELAS;9
PLAZA;DE LOS;GOBELINOS;GOBELINOS;20
CALLE;DEL;GOBERNADOR;GOBERNADOR;1
CALLE;DE;GODELLA;GODELLA;17
CALLE;DE;GOIRI;GOIRI;6
CALLE;DE;GOITIA;GOITIA;15
PLAZA;DE LA;GOLETA;GOLETA;21
CALLE;;GOLF;GOLF;21
CALLE;DEL;GOLFO DE DARIEN;GOLFO DE DARIÉN;13
CALLE;DEL;GOLFO DE GUAYAQUIL;GOLFO DE GUAYAQUIL;13
CALLE;DEL;GOLFO DE SALONICA;GOLFO DE SALÓNICA;14
CALLE;DEL;GOLFO DE SALONICA;GOLFO DE SALÓNICA;14
CALLE;DEL;GOLFO DE SALONICA;GOLFO DE SALÓNICA;15
CALLE;DEL;GOLFO DE SALONICA;GOLFO DE SALÓNICA;16
PLAZA;DE;GOLMAYO;GOLMAYO;16
TRAVESÍA;DE;GOLMAYO;GOLMAYO;16
CALLE;DE LA;GOLONDRINA;GOLONDRINA;9
CALLE;DE;GOMEZ ACEBO;GÓMEZ ACEBO;17
CALLEJÓN;DE;GOMEZ ACEBO;GÓMEZ ACEBO;17
PLAZA;DE;GOMEZ ACEBO;GÓMEZ ACEBO;17
CALLE;DE;GOMEZ CANO;GÓMEZ CANO;5
CALLE;DE;GOMEZ DE ARTECHE;GÓMEZ DE ARTECHE;11
CALLE;DE;GOMEZ DE AVELLANEDA;GÓMEZ DE AVELLANEDA;15
CALLE;DE;GOMEZ DE BAQUERO;GÓMEZ DE BAQUERO;16
CALLE;DE;GOMEZ DE MORA;GÓMEZ DE MORA;1
CALLE;DE;GOMEZ HEMANS;GÓMEZ HEMANS;15
CALLE;DE;GOMEZ HEMANS;GÓMEZ HEMANS;16
CALLE;DE;GOMEZ ORTEGA;GÓMEZ ORTEGA;5
CALLE;DE;GOMEZNARRO;GÓMEZNARRO;16
TRAVESÍA;DE;GOMEZNARRO;GÓMEZNARRO;16
CALLE;DE LA;GONDOLA;GÓNDOLA;21
CALLE;DE;GONZALEZ AMIGO;GONZÁLEZ AMIGÓ;15
CALLE;DE;GONZALEZ ARIAS;GONZÁLEZ ARIAS;12
CALLE;DE;GONZALEZ DAVILA;GONZÁLEZ DÁVILA;18
CALLE;DE;GONZALEZ FEITO;GONZÁLEZ FEITO;12
CALLE;DE;GONZALEZ SOLA;GONZÁLEZ SOLÁ;6
CALLE;DE;GONZALEZ SOTO;GONZÁLEZ SOTO;13
CALLE;DE;GONZALO DE BERCEO;GONZALO DE BERCEO;15
CALLE;DE;GONZALO DE CESPEDES;GONZALO DE CÉSPEDES;21
CALLE;DE;GONZALO DE CORDOBA;GONZALO DE CÓRDOBA;7
CALLE;DE;GONZALO HERRERO;GONZALO HERRERO;6
CALLE;DE;GONZALO JIMENEZ DE QUESADA;GONZALO JIMÉNEZ DE QUESADA;1
CALLE;DE;GONZALO LOPEZ;GONZALO LÓPEZ;11
CALLE;DE;GONZALO SANDINO;GONZALO SANDINO;6
CALLE;DE;GONZALO TORRENTE BALLESTER;GONZALO TORRENTE BALLESTER;20
GLORIETA;DE;GORDEJUELA;GORDEJUELA;9
CALLE;DEL;GORDOLOBO;GORDOLOBO;10
CALLE;DEL;GORRION;GORRIÓN;11
CALLE;DE;GOTARRENDURA;GOTARRENDURA;10
CALLE;DE;GOYA;GOYA;4
CALLE;DE;GOYA;GOYA;4
CALLE;DE;GOYENECHE;GOYENECHE;12
CALLE;DE LOS;GRABADORES;GRABADORES;20
GLORIETA;DE;GRACITA MORALES;GRACITA MORALES;8
GLORIETA;DE;GRACITA MORALES;GRACITA MORALES;8
CALLE;DE;GRAENA;GRAENA;12
CALLE;DE;GRAFAL;GRAFAL;1
CALLE;DEL;GRAFITO;GRAFITO;17
CALLE;DE LA;GRAMA;GRAMA;16
CALLE;;GRAN AVENIDA;GRAN AVENIDA;12
GLORIETA;DEL;GRAN CAPITAN;GRAN CAPITÁN;1
GLORIETA;DEL;GRAN CAPITAN;GRAN CAPITÁN;7
CALLE;DEL;GRAN PODER;GRAN PODER;21
CALLE;;GRAN VIA;GRAN VÍA;1
CALLE;;GRAN VIA;GRAN VÍA;1
CALLE;;GRAN VIA;GRAN VÍA;1
CALLE;;GRAN VIA;GRAN VÍA;1
CALLE;;GRAN VIA;GRAN VÍA;1
AVENIDA;DE LA;GRAN VIA DE HORTALEZA;GRAN VÍA DE HORTALEZA;16
AVENIDA;DE LA;GRAN VIA DE HORTALEZA;GRAN VÍA DE HORTALEZA;16
AVENIDA;DE LA;GRAN VIA DE SAN FRANCISCO;GRAN VÍA DE SAN FRANCISCO;1
AVENIDA;DE LA;GRAN VIA DE VILLAVERDE;GRAN VÍA DE VILLAVERDE;17
AVENIDA;DE LA;GRAN VIA DE VILLAVERDE;GRAN VÍA DE VILLAVERDE;17
AVENIDA;DE LA;GRAN VIA DE VILLAVERDE;GRAN VÍA DE VILLAVERDE;17
AVENIDA;DE LA;GRAN VIA DE VILLAVERDE;GRAN VÍA DE VILLAVERDE;17
AVENIDA;DE LA;GRAN VIA DE VILLAVERDE;GRAN VÍA DE VILLAVERDE;17
AVENIDA;DE LA;GRAN VIA DEL ESTE;GRAN VÍA DEL ESTE;18
AVENIDA;DE LA;GRAN VIA DEL ESTE;GRAN VÍA DEL ESTE;19
AVENIDA;DE LA;GRAN VIA DEL SURESTE;GRAN VÍA DEL SURESTE;18
AVENIDA;DE LA;GRAN VIA DEL SURESTE;GRAN VÍA DEL SURESTE;19
CALLE;DE;GRANADA;GRANADA;3
CALLE;DE LOS;GRANADEROS;GRANADEROS;10
CALLE;DE;GRANADILLA;GRANADILLA;15
CALLE;DEL;GRANADO;GRANADO;1
PLAZA;DEL;GRANADO;GRANADO;1
CALLE;DE LA;GRANDEZA ESPAÑOLA;GRANDEZA ESPAÑOLA;10
CALLE;DEL;GRANITO;GRANITO;2
CALLE;DEL;GRANITO DE ORO;GRANITO DE ORO;8
CALLE;DE LA;GRANJA;GRANJA;7
CALLE;DE;GRANJA DE TORREHERMOSA;GRANJA DE TORREHERMOSA;10
CALLE;DE LA;GRANJILLA;GRANJILLA;4
CALLE;DE;GRAÑON;GRAÑÓN;8
CALLE;DE;GRAVINA;GRAVINA;1
CALLE;DE;GRAZALEMA;GRAZALEMA;16
CALLE;DE;GRAZIA DELEDDA;GRAZIA DELEDDA;17
PLAZA;DE;GRECIA;GRECIA;20
CALLE;DE;GREGORIO BENITEZ;GREGORIO BENÍTEZ;15
CALLE;DE;GREGORIO BENITEZ;GREGORIO BENÍTEZ;16
AVENIDA;DE;GREGORIO DEL AMO;GREGORIO DEL AMO;9
CALLE;DE;GREGORIO DONAS;GREGORIO DONAS;15
CALLE;DE;GREGORIO LOPEZ MADERA;GREGORIO LÓPEZ MADERA;20
CALLE;DE;GREGORIO NAVAS;GREGORIO NAVAS;13
CALLE;DE;GREGORIO ORTIZ;GREGORIO ORTIZ;17
CALLE;DE;GREGORIO SANCHEZ HERRAEZ;GREGORIO SÁNCHEZ HERRÁEZ;16
CALLE;DE;GREGORIO SANCHEZ HERRAEZ;GREGORIO SÁNCHEZ HERRÁEZ;16
CALLE;DE;GREGORIO SANZ;GREGORIO SANZ;13
CALLE;DE;GREGORIO VACAS;GREGORIO VACAS;10
CALLE;DE LOS;GREMIOS;GREMIOS;20
CALLE;DE LA;GRIFERIA;GRIFERÍA;20
CALLE;DE;GRIJALBA;GRIJALBA;5
PASAJE;DE;GRIJALBA;GRIJALBA;5
CALLE;DE;GRIÑON;GRIÑÓN;5
CALLE;DEL;GUABAIRO;GUABAIRO;11
TRAVESÍA;DEL;GUABAIRO;GUABAIRO;11
CALLE;DEL;GUACAMAYO;GUACAMAYO;11
CALLE;DEL;GUADAIRA;GUADAIRA;13
AVENIDA;DE;GUADALAJARA;GUADALAJARA;20
AVENIDA;DE;GUADALAJARA;GUADALAJARA;20
CALLE;DE;GUADALAJARA;GUADALAJARA;16
CALLE;DE;GUADALAJARA;GUADALAJARA;20
CALLE;DE;GUADALAJARA;GUADALAJARA;20
CALLE;DEL;GUADALAVIAR;GUADALAVIAR;17
CALLE;DE;GUADALCANAL;GUADALCANAL;18
CALLE;DE;GUADALCAZAR;GUADALCÁZAR;13
CALLE;DEL;GUADALETE;GUADALETE;11
CALLE;DE;GUADALIX;GUADALIX;6
CALLE;DEL;GUADALQUIVIR;GUADALQUIVIR;5
CALLE;DE;GUADARRAMA;GUADARRAMA;10
CALLE;DEL;GUADIANA;GUADIANA;5
CALLE;DEL;GUADIATO;GUADIATO;13
CALLE;DE;GUADIX;GUADIX;12
CALLE;DE;GUAIMARAL;GUAIMARAL;16
CALLE;DE;GUAJARO;GUAJARO;16
CALLE;DEL;GUALANDAY;GUALANDAY;16
CALLE;DE;GUALDA;GUALDA;20
CALLE;DEL;GUAMO;GUAMO;16
CALLE;DE;GUAPOTA;GUAPOTÁ;16
PLAZA;DE;GUAPOTA;GUAPOTA;16
AVENIDA;DE LA;GUARDIA;GUARDIA;8
CALLE;DE LA;GUARDIA CIVIL;GUARDIA CIVIL;8
PLAZA;DE LOS;GUARDIAS DE CORPS;GUARDIAS DE CORPS;1
CALLE;DE;GUAREÑA;GUAREÑA;10
CALLE;DE LOS;GUARNICIONEROS;GUARNICIONEROS;20
CALLE;DE;GUARROMAN;GUARROMÁN;13
CALLE;DE;GUATAVITA;GUATAVITA;16
CALLE;DE;GUATEMALA;GUATEMALA;5
CALLE;DE;GUATEMALA;GUATEMALA;11
PLAZA;DE;GUATEMALA;GUATEMALA;3
CALLE;DE LA;GUAYABA;GUAYABA;11
CALLE;DEL;GUAYABAL;GUAYABAL;16
CALLE;DE;GUECHO;GUECHO;9
CALLE;DE;GUERNICA;GUERNICA;9
CALLE;DE;GUERRERO Y MENDOZA;GUERRERO Y MENDOZA;5
CALLE;DE;GUETARIA;GUETARIA;12
PLAZA;DE;GUILHOU;GUILHOU;6
CALLE;DE;GUILLEN DE CASTRO;GUILLÉN DE CASTRO;15
CALLE;DE;GUILLERMO DE OSMA;GUILLERMO DE OSMA;2
CALLE;DE;GUILLERMO PINGARRON;GUILLERMO PINGARRÓN;13
CALLE;DE;GUILLERMO ROLLAND;GUILLERMO ROLLAND;1
CALLE;DE;GUILLERMO ROVIROSA;GUILLERMO ROVIROSA;15
AVENIDA;DE LA;GUINDALERA;GUINDALERA;4
CALLE;DE LOS;GUINDOS;GUINDOS;6
CALLE;DE;GUIPUZCOA;GUIPÚZCOA;6
CALLE;DE;GUISANDO;GUISANDO;9
PASAJE;DE;GUISANDO;GUISANDO;9
CALLE;DE;GUISONA;GUISONA;16
CALLE;DE LA;GUITARRA;GUITARRA;11
TRAVESÍA;DE LA;GUITARRA;GUITARRA;11
CALLE;DE;GUMERSINDA ROSILLO;GUMERSINDA ROSILLO;12
CALLE;DE;GUMERSINDO AZCARATE;GUMERSINDO AZCÁRATE;12
AVENIDA;DE;GUMERSINDO LLORENTE;GUMERSINDO LLORENTE;20
CALLE;DE;GUNDEMARO;GUNDEMARO;11
CALLE;DE;GURTUBAY;GURTUBAY;4
CALLE;DE;GUSTAVO FERNANDEZ BALBUENA;GUSTAVO FERNÁNDEZ BALBUENA;5
CALLE;DE;GUSTAVO FERNANDEZ BALBUENA;GUSTAVO FERNÁNDEZ BALBUENA;5
CALLE;DE;GUSTAVO PEREZ PUIG;GUSTAVO PÉREZ PUIG;16
CALLE;DE;GUSTAVO PEREZ PUIG;GUSTAVO PÉREZ PUIG;21
CALLE;DE;GUTENBERG;GUTENBERG;3
CALLE;DE;GUTENBERG;GUTENBERG;3
CALLE;DE;GUTIERRE DE CETINA;GUTIERRE DE CETINA;15
CALLE;DE;GUTIERREZ CANALES;GUTIÉRREZ CANALES;20
CALLE;DE;GUTIERREZ SAÑUDO;GUTIÉRREZ SAÑUDO;13
CALLE;DE;GUTIERREZ SOLANA;GUTIÉRREZ SOLANA;5
CALLE;DE;GUTIERREZ Y MICHEL;GUTIÉRREZ Y MICHEL;18
CALLE;DE;GUZMAN EL BUENO;GUZMÁN EL BUENO;7
CALLE;DE;GUZMAN EL BUENO;GUZMÁN EL BUENO;7
GLORIETA;DE;GUZMAN EL BUENO;GUZMÁN EL BUENO;7
GLORIETA;DE;GUZMAN EL BUENO;GUZMÁN EL BUENO;7
CALLE;DE LA;GUZMANIA;GUZMANIA;6
CALLE;DEL;HACHERO;HACHERO;13
CALLE;DE LA;HACIENDA;HACIENDA;11
CALLE;DE LA;HACIENDA DE PAVONES;HACIENDA DE PAVONES;14
CALLE;DE LA;HACIENDA DE PAVONES;HACIENDA DE PAVONES;14
CALLE;DE LA;HACIENDA DE PAVONES;HACIENDA DE PAVONES;14
CALLE;DE LA;HACIENDA DE PAVONES;HACIENDA DE PAVONES;14
CALLE;DE LA;HACIENDA DE PAVONES;HACIENDA DE PAVONES;19
CALLE;DE;HAENDEL;HAENDEL;16
CALLE;DE;HAENDEL;HAENDEL;16
CALLE;DE;HAITI;HAITÍ;16
CALLE;DEL;HALCON;HALCÓN;11
CALLE;DEL;HALCONERO DEL REY;HALCONERO DEL REY;11
GLORIETA;DE;HAMBURGO;HAMBURGO;21
CALLE;DE;HARO;HARO;16
CALLE;DE;HARTZENBUSCH;HARTZENBUSCH;7
CALLE;DEL;HAYA;HAYA;11
CALLE;DEL;HELECHO;HELECHO;5
CALLE;DE;HELENA DE TROYA;HELENA DE TROYA;19
CALLE;DE;HELENA DE TROYA;HELENA DE TROYA;19
CALLE;DEL;HELIOFILO;HELIÓFILO;17
CALLE;DEL;HELIOTROPO;HELIOTROPO;6
AVENIDA;DE;HELLIN;HELLÍN;20
AVENIDA;DE;HELLIN;HELLÍN;20
CALLE;DE;HELSINKI;HELSINKI;20
CALLE;DEL;HENARES;HENARES;5
CALLE;DEL;HENO;HENO;12
CALLE;DE;HENRI DUNANT;HENRI DUNANT;5
CALLE;DE;HERBERTO GUT;HERBERTO GUT;3
CALLE;DE LOS;HERBOLARIOS;HERBOLARIOS;20
TRASERA;DE LOS;HERBOLARIOS;HERBOLARIOS;20
CALLE;DE;HERCE;HERCE;19
CALLE;DE;HERCE;HERCE;19
CALLE;DE;HERCULES;HÉRCULES;11
CALLE;DE;HERENCIA;HERENCIA;20
CALLE;DE LAS;HERMANAS ALONSO BARCELO;HERMANAS ALONSO BARCELÓ;11
CALLE;DE LA;HERMANDAD;HERMANDAD;11
CALLE;DE LA;HERMANDAD DE DONANTES DE SANGRE;HERMANDAD DE DONANTES DE SANGRE;17
CALLE;DE LAS;HERMANDADES DEL TRABAJO;HERMANDADES DEL TRABAJO;11
CALLE;DEL;HERMANO GARATE;HERMANO GÁRATE;6
CALLE;DE LOS;HERMANOS ALVAREZ QUINTERO;HERMANOS ÁLVAREZ QUINTERO;1
CALLE;DE LOS;HERMANOS BECQUER;HERMANOS BÉCQUER;4
CALLE;DE LOS;HERMANOS CARPI;HERMANOS CARPI;13
CALLE;DE LOS;HERMANOS DE ANDRES;HERMANOS DE ANDRÉS;6
CALLE;DE LOS;HERMANOS DE PABLO;HERMANOS DE PABLO;15
CALLE;DE LOS;HERMANOS DE PABLO;HERMANOS DE PABLO;15
CALLE;DE LOS;HERMANOS DEL MORAL;HERMANOS DEL MORAL;11
CALLE;DE LOS;HERMANOS GARCIA;HERMANOS GARCÍA;13
CALLE;DE LOS;HERMANOS GARCIA NOBLEJAS;HERMANOS GARCÍA NOBLEJAS;15
CALLE;DE LOS;HERMANOS GARCIA NOBLEJAS;HERMANOS GARCÍA NOBLEJAS;15
CALLE;DE LOS;HERMANOS GARCIA NOBLEJAS;HERMANOS GARCÍA NOBLEJAS;20
CALLE;DE LOS;HERMANOS GARCIA NOBLEJAS;HERMANOS GARCÍA NOBLEJAS;20
CALLE;DE LOS;HERMANOS GARCIA NOBLEJAS;HERMANOS GARCÍA NOBLEJAS;20
CALLE;DE LOS;HERMANOS GASCON;HERMANOS GASCÓN;16
CALLE;DE LOS;HERMANOS GOMEZ;HERMANOS GÓMEZ;15
AVENIDA;DE LOS;HERMANOS GRANDA;HERMANOS GRANDA;20
CALLE;DE LOS;HERMANOS MACHADO;HERMANOS MACHADO;15
CALLE;DE LOS;HERMANOS PINZON;HERMANOS PINZÓN;5
CALLE;DE LOS;HERMANOS ROLDAN;HERMANOS ROLDÁN;15
CALLE;DE LOS;HERMANOS RUIZ;HERMANOS RUIZ;3
TRAVESÍA;DE LOS;HERMANOS TERCERO;HERMANOS TERCERO;5
CALLE;DE LOS;HERMANOS TRUEBA;HERMANOS TRUEBA;13
CALLE;DE;HERMENEGILDA MARTINEZ;HERMENEGILDA MARTÍNEZ;5
CALLE;DE;HERMENEGILDO BIELSA;HERMENEGILDO BIELSA;12
CALLE;DE;HERMENEGILDO BIELSA;HERMENEGILDO BIELSA;12
PLAZA;DE;HERMINIO MINGUEZ;HERMINIO MÍNGUEZ;5
CALLE;DE;HERMINIO PUERTAS;HERMINIO PUERTAS;10
CALLE;DE;HERMOSILLA;HERMOSILLA;4
CALLE;DE;HERMOSILLA;HERMOSILLA;4
CALLE;DE;HERMOSILLA;HERMOSILLA;4
CALLE;DE;HERNAN CORTES;HERNÁN CORTÉS;1
CALLE;DE;HERNANDEZ COLON;HERNÁNDEZ COLÓN;16
CALLE;DE;HERNANDEZ DE TEJADA;HERNÁNDEZ DE TEJADA;15
CALLE;DE;HERNANDEZ IGLESIAS;HERNÁNDEZ IGLESIAS;15
CALLE;DE;HERNANDEZ MAS;HERNÁNDEZ MAS;13
CALLE;DE;HERNANDEZ REQUENA;HERNÁNDEZ REQUENA;12
CALLE;DE;HERNANDEZ REQUENA;HERNÁNDEZ REQUENA;12
CALLE;DE;HERNANDEZ RUBIN;HERNÁNDEZ RUBÍN;15
CALLE;DE;HERNANI;HERNANI;6
CALLE;DEL;HEROISMO;HEROÍSMO;8
PLAZA;DE LOS;HERRADORES;HERRADORES;1
PLAZA;DE LOS;HERRADORES;HERRADORES;1
CALLE;DE LA;HERRADURA;HERRADURA;9
PLAZUELA;DE LA;HERRAMIENTA;HERRAMIENTA;20
CALLE;DE;HERRERA;HERRERA;6
TRAVESÍA;DE;HERRERA;HERRERA;6
CALLE;DE LA;HERRERIA;HERRERÍA;20
CALLE;DE;HERREROS DE TEJADA;HERREROS DE TEJADA;5
CALLE;DE;HERVAS;HERVÁS;10
CALLE;DE LOS;HEXAGONOS;HEXÁGONOS;9
CALLE;DE LOS;HEXAGONOS;HEXÁGONOS;10
CALLE;DE LA;HIDRA;HIDRA;9
CALLE;DE LOS;HIDRATOS;HIDRATOS;17
PLAZA;DEL;HIDROGENO;HIDRÓGENO;12
CALLE;DE LA;HIEDRA;HIEDRA;5
CALLE;DE;HIENDELAENCINA;HIENDELAENCINA;9
CALLE;DE LA;HIERBABUENA;HIERBABUENA;6
CALLE;DE LA;HIERBABUENA;HIERBABUENA;6
CALLE;DE LAS;HIERBAS;HIERBAS;9
CALLE;DEL;HIERRO;HIERRO;2
CALLE;DEL;HIERRO;HIERRO;2
CALLE;DE;HIGINIO RODRIGUEZ;HIGINIO RODRÍGUEZ;13
CALLE;DE LAS;HIGUERAS;HIGUERAS;10
CALLE;DE LAS;HIJAS DE JESUS;HIJAS DE JESÚS;12
PLAZA;DE LAS;HILANDERAS;HILANDERAS;11
CALLE;DE;HILARIO HERRANZ ESTABLOS;HILARIO HERRANZ ESTABLOS;11
CALLE;DE;HILARIO PEÑASCO;HILARIO PEÑASCO;20
CALLE;DE;HILARIO SANGRADOR;HILARIO SANGRADOR;10
CALLE;DE;HILARION ESLAVA;HILARIÓN ESLAVA;7
CALLE;DE LAS;HILERAS;HILERAS;1
CALLE;DE;HINOJAL;HINOJAL;20
CALLE;DEL;HINOJO;HINOJO;9
CALLE;DE;HINOJOSA DEL DUQUE;HINOJOSA DEL DUQUE;20
CARRETERA;DEL;HIPODROMO;HIPÓDROMO;9
CALLE;DE;HIPOLITO ARAGONES;HIPÓLITO ARAGONÉS;16
AVENIDA;DE LA;HISPANIDAD;HISPANIDAD;16
AVENIDA;DE LA;HISPANIDAD;HISPANIDAD;20
AVENIDA;DE LA;HISPANIDAD;HISPANIDAD;20
AVENIDA;DE LA;HISPANIDAD;HISPANIDAD;21
AVENIDA;DE LA;HISPANIDAD;HISPANIDAD;21
AVENIDA;DE LA;HISPANIDAD;HISPANIDAD;21
CALLE;DE;HISTORIAS DE LA RADIO;HISTORIAS DE LA RADIO;13
CALLE;DE;HOBBES;HOBBES;8
CALLE;DE;HOCES DE LA HERMIDA;HOCES DE LA HERMIDA;9
CALLE;DEL;HOGAR DE BELEN;HOGAR DE BELÉN;20
CALLE;DE LA;HOJALATERIA;HOJALATERÍA;20
CALLE;DE;HOMERO;HOMERO;3
CALLE;DE;HONDURAS;HONDURAS;5
PLAZA;DE;HONDURAS;HONDURAS;3
CALLE;DE;HONRUBIA;HONRUBIA;18
CALLE;DE;HONRUBIA;HONRUBIA;18
CALLE;DE;HONTALBILLA;HONTALBILLA;8
CALLE;DE;HONTANARES;HONTANARES;8
CALLE;DE;HONTANAS;HONTANAS;8
CALLE;DE;HONTORIA DEL PINAR;HONTORIA DEL PINAR;15
CALLE;DE;HORCAJO;HORCAJO;17
CALLE;DE;HORCAJUELO;HORCAJUELO;5
CALLE;DE;HORCHE;HORCHE;9
CALLE;DEL;HORIZON;HORIZÓN;12
CAMINO;DE LAS;HORMIGUERAS;HORMIGUERAS;13
CAMINO;DE LAS;HORMIGUERAS;HORMIGUERAS;18
CALLE;DE;HORNACHOS;HORNACHOS;13
CALLE;DEL;HORNERO;HORNERO;11
CALLE;DE LOS;HORNILLOS;HORNILLOS;16
TRAVESÍA;DEL;HORNO DE LA MATA;HORNO DE LA MATA;1
CALLE;DEL;HORNO DE LABRADORES;HORNO DE LABRADORES;19
CALLE;DE;HORTALEZA;HORTALEZA;1
CALLE;DEL;HORTELANO;HORTELANO;9
CALLE;DE LAS;HORTENSIAS;HORTENSIAS;5
CALLE;DEL;HOSPITAL;HOSPITAL;1
CALLE;DE;HOSPITAL DE ORBIGO;HOSPITAL DE ÓRBIGO;8
CALLE;DEL;HOSPITAL DE SAN PAU;HOSPITAL DE SAN PAU;10
CALLE;DE;HOSPITALET DE LLOBREGAT;HOSPITALET DE LLOBREGAT;8
TRAVESÍA;DE;HOSPITALET DE LLOBREGAT;HOSPITALET DE LLOBREGAT;8
AVENIDA;DE LA;HOSPITALIDAD;HOSPITALIDAD;11
CALLE;;HOTEL;HOTEL;21
PASAJE;DE;HOYO DE MANZANARES;HOYO DE MANZANARES;5
CALLE;DE;HOYO DE PINARES;HOYO DE PINARES;10
CALLE;DE;HOYOS DEL ESPINO;HOYOS DEL ESPINO;9
PASAJE;DE;HOYOS DEL ESPINO;HOYOS DEL ESPINO;9
CALLE;DE;HOYUELO;HOYUELO;3
PASAJE;DE;HOYUELO;HOYUELO;3
PLAZA;DE;HUARTE DE SAN JUAN;HUARTE DE SAN JUAN;10
CALLE;DE LA;HUELGA;HUELGA;18
CALLE;DE;HUELVA;HUELVA;5
CAMINO;DE LA;HUERTA;HUERTA;16
CALLE;DE LA;HUERTA DE AMBROZ;HUERTA DE AMBROZ;19
CALLE;DE LA;HUERTA DE CASTAÑEDA;HUERTA DE CASTAÑEDA;10
CALLE;DE LA;HUERTA DE CASTAÑEDA;HUERTA DE CASTAÑEDA;10
CALLE;DE LA;HUERTA DE VILLAVERDE;HUERTA DE VILLAVERDE;17
CALLE;DE LA;HUERTA DEL BAYO;HUERTA DEL BAYO;1
CALLE;DE LA;HUERTA DEL CONVENTO;HUERTA DEL CONVENTO;19
CALLE;DE LA;HUERTA DEL OBISPO;HUERTA DEL OBISPO;6
TRAVESÍA;DE LA;HUERTA DEL OBISPO;HUERTA DEL OBISPO;6
CALLE;DE LAS;HUERTAS;HUERTAS;1
CAMINO;DE LAS;HUERTAS;HUERTAS;17
CALLE;DE LAS;HUERTAS DEL RIO;HUERTAS DEL RÍO;17
CAMINO;DEL;HUERTO DE TEODORO;HUERTO DE TEODORO;8
CALLE;DE;HUESA;HUESA;13
CALLE;DE;HUESCA;HUESCA;6
CALLE;DE LA;HULLA;HULLA;17
CALLE;DE;HUMANES;HUMANES;13
TRAVESÍA;DE;HUMANES;HUMANES;13
CALLE;DE LAS;HUMANITARIAS;HUMANITARIAS;11
TRAVESÍA;DE LAS;HUMANITARIAS;HUMANITARIAS;11
CALLE;DE;HUMERA;HÚMERA;9
CAMINO;DE;HUMERA;HÚMERA;9
CAMINO;DE;HUMERA;HÚMERA;9
CARRETERA;DE;HUMERA;HÚMERA;9
CARRETERA;DE;HUMERA;HÚMERA;15
CALLE;DE LA;HUMILDAD;HUMILDAD;19
CALLE;DE LA;HUMILDAD;HUMILDAD;19
CALLE;DEL;HUMILLADERO;HUMILLADERO;1
PLAZA;DEL;HUMILLADERO;HUMILLADERO;1
CALLE;DE;HUNGRIA;HUNGRÍA;20
CALLE;DEL;HURACAN;HURACÁN;21
CALLE;DE;HURTUMPASCUAL;HURTUMPASCUAL;10
PASEO;DE LOS;HUSARES;HÚSARES;10
CALLE;DE;IBAIONDO;IBAIONDO;9
CALLE;DE;IBAÑEZ MARIN;IBÁÑEZ MARÍN;11
CALLE;DE;IBARRA;IBARRA;12
CALLE;DE;IBERIA;IBERIA;21
CALLE;DE;IBIZA;IBIZA;3
CALLE;DEL;IBOR;IBOR;13
CALLE;DE;IBROS;IBROS;13
CALLE;DE;ICARO;ÍCARO;21
CALLE;DEL;ICEBERG;ICEBERG;17
CALLE;DE;ICHASO;ICHASO;12
CALLE;DEL;IDIOMA ESPERANTO;IDIOMA ESPERANTO;15
CALLE;DE;IDUNA;IDUNA;15
CALLE;DE LA;IGLESIA;IGLESIA;11
PLAZA;DE LA;IGLESIA;IGLESIA;16
CALLE;DE LAS;IGLESIAS EXTRAMUROS;IGLESIAS EXTRAMUROS;10
CALLE;DE LAS;IGLESIAS EXTRAMUROS;IGLESIAS EXTRAMUROS;11
CALLE;DE;IGNACIO ALDECOA;IGNACIO ALDECOA;16
CALLE;DE;IGNACIO ELLACURIA;IGNACIO ELLACURIA;15
CALLE;DE;IGNACIO GARCIA;IGNACIO GARCÍA;20
CALLE;DE;IGNACIO SANTOS VIÑUELAS;IGNACIO SANTOS VIÑUELAS;17
PLAZA;DE;IGNACIO UGALDE;IGNACIO UGALDE;20
PLAZA;DE;IGNACIO VILLALONGA;IGNACIO VILLALONGA;16
CALLE;DE LA;IGUALDAD;IGUALDAD;19
CALLE;DE LA;IGUALDAD;IGUALDAD;19
GLORIETA;DE;ILDEFONSO CERDA;ILDEFONSO CERDÁ;16
CALLE;DE;ILDEFONSO GONZALEZ VALENCIA;ILDEFONSO GONZÁLEZ VALENCIA;11
CALLE;DE;ILLESCAS;ILLESCAS;10
CALLE;DE;ILLORA;ILLORA;12
CALLE;DE LA;ILUSION;ILUSIÓN;19
AVENIDA;DE LA;ILUSTRACION;ILUSTRACIÓN;8
AVENIDA;DE LA;ILUSTRACION;ILUSTRACIÓN;8
AVENIDA;DE LA;ILUSTRACION;ILUSTRACIÓN;8
AVENIDA;DE LA;ILUSTRACION;ILUSTRACIÓN;8
AVENIDA;DE LA;ILUSTRACION;ILUSTRACIÓN;9
CALLE;DE LA;ILUSTRACION;ILUSTRACIÓN;9
CALLE;DE LA;IMAGEN;IMAGEN;13
CALLE;DEL;IMPALA;IMPALA;16
CALLE;;IMPERIAL;IMPERIAL;1
PASEO;;IMPERIAL;IMPERIAL;2
CALLE;DE;IMPERIO ARGENTINA;IMPERIO ARGENTINA;19
CALLE;DE;IMPERIO ARGENTINA;IMPERIO ARGENTINA;19
CALLE;DE;INDALECIO FERNANDEZ;INDALECIO FERNÁNDEZ;12
BULEVAR;DE;INDALECIO PRIETO;INDALECIO PRIETO;19
BULEVAR;DE;INDALECIO PRIETO;INDALECIO PRIETO;19
CALLE;DE LA;INDEPENDENCIA;INDEPENDENCIA;1
PLAZA;DE LA;INDEPENDENCIA;INDEPENDENCIA;3
PLAZA;DE LA;INDEPENDENCIA;INDEPENDENCIA;4
CALLE;DE;INDIA;INDIA;21
CALLE;DE LA;INDULGENCIA;INDULGENCIA;15
CALLE;DE LA;INDUSTRIA;INDUSTRIA;10
PLAZA;DE LA;INFANCIA;INFANCIA;5
CALLE;DE LA;INFANTA CATALINA MICAELA;INFANTA CATALINA MICAELA;16
PASEO;DE LA;INFANTA ISABEL;INFANTA ISABEL;3
PASEO;DE LA;INFANTA ISABEL;INFANTA ISABEL;3
CALLE;DE LA;INFANTA MARIA;INFANTA MARÍA;16
CALLE;DE LA;INFANTA MARIA TERESA;INFANTA MARÍA TERESA;5
CALLE;DE LA;INFANTA MERCEDES;INFANTA MERCEDES;6
CALLE;DE LA;INFANTA MERCEDES;INFANTA MERCEDES;6
TRAVESÍA;DE LA;INFANTA MERCEDES;INFANTA MERCEDES;6
CALLE;DE LAS;INFANTAS;INFANTAS;1
CALLE;DEL;INFANTE;INFANTE;1
CALLE;DEL;INFANTE DIEGO;INFANTE DIEGO;16
CALLE;DEL;INFANTE FERNANDO;INFANTE FERNANDO;16
CALLE;DEL;INFANTE JAIME;INFANTE JAIME;16
CALLE;DE;INFIESTO;INFIESTO;20
AVENIDA;DEL;INGENIERO CONDE DE TORROJA;INGENIERO CONDE DE TORROJA;20
AVENIDA;DEL;INGENIERO EMILIO HERRERA;INGENIERO EMILIO HERRERA;8
AVENIDA;DEL;INGENIERO EMILIO HERRERA;INGENIERO EMILIO HERRERA;16
CALLE;DEL;INGENIERO TORRES QUEVEDO;INGENIERO TORRES QUEVEDO;8
CALLE;DEL;INGENIERO TORRES QUEVEDO;INGENIERO TORRES QUEVEDO;20
CAMINO;DE LOS;INGENIEROS;INGENIEROS;10
CAMINO;DE LOS;INGENIEROS;INGENIEROS;11
RONDA;DEL;INGENIOSO HIDALGO;INGENIOSO HIDALGO;8
CALLE;DE;INGLATERRA;INGLATERRA;11
PASEO;DE;INGLATERRA;INGLATERRA;9
CALLE;DE LA;INMACULADA CONCEPCION;INMACULADA CONCEPCIÓN;11
PLAZA;DE LA;INMACULADA CONCEPCION;INMACULADA CONCEPCIÓN;11
AVENIDA;DE LA;INNOVACION;INNOVACIÓN;13
CALLE;DE;INOCENCIA SANCHEZ;INOCENCIA SÁNCHEZ;11
CALLE;DE;INOCENCIO FERNANDEZ;INOCENCIO FERNÁNDEZ;8
CALLE;DE;INOCENTA DE MESA;INOCENTA DE MESA;20
CALLE;DE LA;INSULA BARATARIA;ÍNSULA BARATARIA;8
CALLE;DE LA;INSULA BARATARIA;ÍNSULA BARATARIA;8
CALLE;;INTERMEDIA NORTE;INTERMEDIA NORTE;17
CALLE;;INTERMEDIA SUR;INTERMEDIA SUR;17
CALLE;DE LOS;INVENCIBLES;INVENCIBLES;11
CALLE;DE LOS;INVENTORES;INVENTORES;20
AVENIDA;DEL;INVIERNO;INVIERNO;20
GLORIETA;DE;IÑIGO CAVERO;IÑIGO CAVERO;16
GLORIETA;DE;IÑIGO CAVERO;IÑIGO CAVERO;16
CALLE;DE;IQUITOS;IQUITOS;20
PLAZA;DE;IRABIA;IRABIA;12
CALLE;DEL;IRATI;IRATI;5
CALLE;DE;IRENE CABA ALBA;IRENE CABA ALBA;8
GLORIETA;DE;IRENE GUTIERREZ CABA;IRENE GUTIÉRREZ CABA;8
GLORIETA;DE;IRENE GUTIERREZ CABA;IRENE GUTIÉRREZ CABA;8
CALLE;DE;IRIARTE;IRIARTE;4
CALLE;DEL;IRIDIO;IRIDIO;17
CALLE;DE;IRIS;IRIS;11
CALLE;DE;IRLANDA;IRLANDA;11
CALLE;DE;IRLANDA;IRLANDA;16
PASEO;DE;IRLANDA;IRLANDA;9
CALLE;DE LOS;IRLANDESES;IRLANDESES;1
CALLE;DE;IRUN;IRÚN;9
CALLE;DE;IRUN;IRÚN;9
CALLE;DE;ISAAC ALBENIZ;ISAAC ALBÉNIZ;11
CALLE;DE;ISAAC JIMENEZ;ISAAC JIMÉNEZ;20
CALLE;DE;ISAAC PERAL;ISAAC PERAL;7
CALLE;DE;ISAAC PERAL;ISAAC PERAL;7
CALLE;DE;ISAAC PERAL;ISAAC PERAL;9
CALLE;DE;ISAAC PERAL;ISAAC PERAL;9
GLORIETA;DE;ISAAC RABIN;ISAAC RABIN;8
GLORIETA;DE;ISAAC RABIN;ISAAC RABIN;9
CALLE;DE;ISAAC RAMOS;ISAAC RAMOS;20
CALLE;DE;ISABEL ANA;ISABEL ANA;11
CALLE;DE;ISABEL BAEZA;ISABEL BAEZA;11
CALLE;DE;ISABEL CLARA EUGENIA;ISABEL CLARA EUGENIA;16
CALLE;DE;ISABEL COLBRAND;ISABEL COLBRAND;8
AVENIDA;DE;ISABEL DE VALOIS;ISABEL DE VALOIS;16
CALLE;DE;ISABEL FORNIELES;ISABEL FORNIELES;12
PLAZA;DE;ISABEL II;ISABEL II;1
CALLE;DE;ISABEL LA CATOLICA;ISABEL LA CATÓLICA;1
CALLE;DE;ISABEL MENDEZ;ISABEL MÉNDEZ;13
CALLE;DE;ISABEL OYARZABAL;ISABEL OYARZÁBAL;16
CALLE;DE;ISABEL PATACON;ISABEL PATACÓN;11
CALLE;DE;ISABEL SERRANO;ISABEL SERRANO;6
CALLE;DE;ISABEL TINTERO;ISABEL TINTERO;1
CALLE;DE;ISABELA SAVERANA;ISABELA SAVERANA;11
CALLE;DE;ISABELITA USERA;ISABELITA USERA;12
CALLE;DE;ISANDRO;ISANDRO;20
CALLE;DE;ISIDORO ALVAREZ ALVAREZ;ISIDORO ÁLVAREZ ÁLVAREZ;2
CALLE;DE;ISIDRA JIMENEZ;ISIDRA JIMÉNEZ;12
CALLE;DE;ISIDRO DOMPABLO;ISIDRO DOMPABLO;9
CALLE;DE;ISIDRO FERNANDEZ;ISIDRO FERNÁNDEZ;8
GLORIETA;DE;ISIDRO GONZALEZ VELAZQUEZ;ISIDRO GONZÁLEZ VELÁZQUEZ;16
CALLE;DE;ISIS;ISIS;16
CALLE;DE LA;ISLA BARBER;ISLA BARBER;8
CALLE;DE LA;ISLA CRISTINA;ISLA CRISTINA;9
PLAZA;DE LA;ISLA DE ALBORAN;ISLA DE ALBORÁN;7
PLAZA;DE LA;ISLA DE ALBORAN;ISLA DE ALBORÁN;9
CALLE;DE LA;ISLA DE ALEGRANZA;ISLA DE ALEGRANZA;9
CALLE;DE LA;ISLA DE AROSA;ISLA DE AROSA;8
CALLE;DE LA;ISLA DE CEILAN;ISLA DE CEILÁN;8
CALLE;DE LA;ISLA DE CERDEÑA;ISLA DE CERDEÑA;8
CALLE;DE LA;ISLA DE CHIPRE;ISLA DE CHIPRE;8
CALLE;DE LA;ISLA DE CORCEGA;ISLA DE CÓRCEGA;6
CALLE;DE LA;ISLA DE CUBA;ISLA DE CUBA;16
CALLE;DE LA;ISLA DE FORMOSA;ISLA DE FORMOSA;8
TRAVESÍA;DE LA;ISLA DE FORMOSA;ISLA DE FORMOSA;8
PLAZA;DE LA;ISLA DE FUERTEVENTURA;ISLA DE FUERTEVENTURA;8
CALLE;DE LA;ISLA DE GOMERA;ISLA DE GOMERA;6
CALLE;DE LA;ISLA DE GUAM;ISLA DE GUAM;18
CALLE;DE LA;ISLA DE HIERRO;ISLA DE HIERRO;19
CALLE;DE LA;ISLA DE JAMAICA;ISLA DE JAMAICA;8
CALLE;DE LA;ISLA DE JAVA;ISLA DE JAVA;8
TRAVESÍA;DE LA;ISLA DE JAVA;ISLA DE JAVA;8
PLAZA;DE LA;ISLA DE LANZAROTE;ISLA DE LANZAROTE;8
CALLE;DE LA;ISLA DE LONG;ISLA DE LONG;9
CALLE;DE LA;ISLA DE LOS GALAPAGOS;ISLA DE LOS GALÁPAGOS;8
CALLE;DE LA;ISLA DE LUZON;ISLA DE LUZÓN;18
CALLE;DE LA;ISLA DE MALTA;ISLA DE MALTA;8
CALLE;DE LA;ISLA DE MINDANAO;ISLA DE MINDANAO;8
CALLE;DE LA;ISLA DE NELSON;ISLA DE NELSON;9
CALLE;DE LA;ISLA DE ONS;ISLA DE ONS;8
CALLE;DE LA;ISLA DE OZA;ISLA DE OZA;9
CALLE;DE LA;ISLA DE OZA;ISLA DE OZA;9
CALLE;DE LA;ISLA DE OZA;ISLA DE OZA;9
CALLE;DE LA;ISLA DE RODAS;ISLA DE RODAS;8
CALLE;DE LA;ISLA DE SAIPAN;ISLA DE SAIPÁN;8
CALLE;DE LA;ISLA DE SALVORA;ISLA DE SÁLVORA;8
CALLE;DE LA;ISLA DE SICILIA;ISLA DE SICILIA;8
CALLE;DE LA;ISLA DE TABARCA;ISLA DE TABARCA;8
CALLE;DE LA;ISLA DE TAGOMAGO;ISLA DE TAGOMAGO;9
CALLE;DE LA;ISLA DE TAVIRA;ISLA DE TAVIRA;8
CALLE;DE LA;ISLA DE YESO;ISLA DE YESO;8
CALLE;DE LA;ISLA DE ZANZIBAR;ISLA DE ZANZÍBAR;8
CALLE;DE LA;ISLA GRACIOSA;ISLA GRACIOSA;8
CALLE;DE LA;ISLA MALAITA;ISLA MALAITA;8
CALLE;DE LA;ISLA PARAGUA;ISLA PARAGUA;8
CALLE;DE LA;ISLA SOLEDAD;ISLA SOLEDAD;9
CALLE;DE LA;ISLA SUMATRA;ISLA SUMATRA;8
CALLE;DE LA;ISLA TIMOR;ISLA TIMOR;8
CALLE;DE LA;ISLA TRINIDAD;ISLA TRINIDAD;8
CALLE;DE LAS;ISLAS;ISLAS;17
CALLE;DE LAS;ISLAS ALEUTIANAS;ISLAS ALEUTIANAS;8
CALLE;DE LAS;ISLAS ALMIRANTES;ISLAS ALMIRANTES;9
CALLE;DE LAS;ISLAS ANTIPODAS;ISLAS ANTÍPODAS;8
PLAZA;DE LAS;ISLAS AZORES;ISLAS AZORES;8
CALLE;DE LAS;ISLAS BAHAMAS;ISLAS BAHAMAS;8
CALLE;DE LAS;ISLAS BERMUDAS;ISLAS BERMUDAS;8
CALLE;DE LAS;ISLAS BIKINI;ISLAS BIKINI;8
CALLE;DE LAS;ISLAS BISAGOS;ISLAS BISAGOS;9
CALLE;DE LAS;ISLAS BRITANICAS;ISLAS BRITÁNICAS;8
CALLE;DE LAS;ISLAS CHAFARINAS;ISLAS CHAFARINAS;8
CALLE;DE LAS;ISLAS CIES;ISLAS CÍES;8
CALLE;DE LAS;ISLAS COLUMBRETES;ISLAS COLUMBRETES;8
CALLE;DE LAS;ISLAS DE CABO VERDE;ISLAS DE CABO VERDE;8
TRAVESÍA;DE LAS;ISLAS DE CABO VERDE;ISLAS DE CABO VERDE;8
CALLE;DE LAS;ISLAS GILBERT;ISLAS GILBERT;6
CALLE;DE LAS;ISLAS HEBRIDAS;ISLAS HÉBRIDAS;8
CALLE;DE LAS;ISLAS JARVI;ISLAS JARVI;8
CALLE;DE LAS;ISLAS KURILES;ISLAS KURILES;8
CALLE;DE LAS;ISLAS LUISIADAS;ISLAS LUISIADAS;8
CALLE;DE LAS;ISLAS MARIANAS;ISLAS MARIANAS;9
CALLE;DE LAS;ISLAS MARQUESAS;ISLAS MARQUÉSAS;8
CALLE;DE LAS;ISLAS MARSHALL;ISLAS MARSHALL;8
CALLE;DE LAS;ISLAS MASCAREÑAS;ISLAS MASCAREÑAS;8
CALLE;DE LAS;ISLAS MOLUCAS;ISLAS MOLUCAS;8
CALLE;DE LAS;ISLAS PALAOS;ISLAS PALAOS;8
CALLE;DE LAS;ISLAS SAMOA;ISLAS SAMOA;8
CALLE;DE LAS;ISLAS VIRGENES;ISLAS VÍRGENES;8
CALLE;DE LAS;ISLAS VISAYAS;ISLAS VISAYAS;18
CALLE;DE;ISTURIZ;ISTÚRIZ;6
PLAZA;DE;ITALIA;ITALIA;2
CALLE;DE;ITALICA;ITÁLICA;5
CALLE;DE;ITERO DE LA VEGA;ITERO DE LA VEGA;8
CALLE;DE;ITURBE;ITURBE;4
TRAVESÍA;DE;IVAN DE VARGAS;IVÁN DE VARGAS;11
CALLE;DE;IVAN PAVLOV;IVÁN PAVLOV;8
CALLE;DE;IZARRA;IZARRA;9
CALLE;DEL;JABIRU;JABIRÚ;11
AVENIDA;DE;JACA;JACA;20
AVENIDA;DE;JACA;JACA;20
CALLE;DEL;JACARANDA;JACARANDA;2
CALLE;DE;CAROLI;CAROLI;9
CALLE;DE;JACINTO BENAVENTE;JACINTO BENAVENTE;9
PLAZA;DE;JACINTO BENAVENTE;JACINTO BENAVENTE;1
PLAZA;DE;JACINTO BENAVENTE;JACINTO BENAVENTE;1
CALLE;DE;JACINTO CAMARERO;JACINTO CAMARERO;11
CALLE;DE;JACINTO VERDAGUER;JACINTO VERDAGUER;11
CALLE;DE;JACINTO VERDAGUER;JACINTO VERDAGUER;11
PASEO;DE LOS;JACINTOS;JACINTOS;5
CALLE;DEL;JACOBEO;JACOBEO;10
CALLE;DEL;JACOBEO;JACOBEO;11
CALLE;DE LA;JACOBINIA;JACOBINIA;11
CALLE;DE;JACOMETREZO;JACOMETREZO;1
CALLE;DE;JACOMETREZO;JACOMETREZO;1
CALLE;DE;JADRAQUE;JADRAQUE;13
CALLE;DE;JAEN;JAÉN;6
CALLE;DE;JAENAR;JAENAR;16
GLORIETA;DE;JAIME CAMPMANY;JAIME CAMPMANY;4
CALLE;DE;JAIME EL CONQUISTADOR;JAIME EL CONQUISTADOR;2
CALLE;DE;JAIME HERMIDA;JAIME HERMIDA;20
CALLE;DE;JAIME TERCERO;JAIME TERCERO;10
CALLE;DE;JAIME VERA;JAIME VERA;10
PLAZA;DE;JAIZQUIBEL;JAIZQUÍBEL;12
CALLE;DE;JARAIZ DE LA VERA;JARAÍZ DE LA VERA;10
CALLE;DEL;JARAMA;JARAMA;5
CALLE;DE LOS;JARAMAGOS;JARAMAGOS;6
CALLE;DE;JARANDILLA;JARANDILLA;10
CALLE;DEL;JARDIN DE LA DUQUESA;JARDÍN DE LA DUQUESA;19
CALLE;DEL;JARDIN DE LA DUQUESA;JARDÍN DE LA DUQUESA;19
CALLE;DEL;JARDIN DE SAN FEDERICO;JARDÍN DE SAN FEDERICO;4
CALLE;DE LA;JARDINERA;JARDINERA;13
CALLE;DE LOS;JARDINES;JARDÍNES;1
CALLE;DE LOS;JARDINES DE ARANJUEZ;JARDINES DE ARANJUEZ;21
CALLE;DE LA;JARILLA;JARILLA;16
CALLE;DEL;JARRO;JARRO;9
CALLE;DEL;JASPE;JASPE;12
CALLE;DE;JATIVA;JÁTIVA;3
CUESTA;DE;JAVALQUINTO;JAVALQUINTO;1
GLORIETA;DE;JAVIER BELLOSILLO;JAVIER BELLOSILLO;16
CALLE;DE;JAVIER DE BURGOS;JAVIER DE BURGOS;18
CALLE;DE;JAVIER DE MIGUEL;JAVIER DE MIGUEL;13
CALLE;DE;JAVIER DEL QUINTO;JAVIER DEL QUINTO;16
CALLE;DE;JAVIER FERRERO;JAVIER FERRERO;5
CALLE;DE;JAVIER TUSELL;JAVIER TUSELL;8
CALLE;DE;JAYENA;JAYENA;12
CALLE;DE;JAYENA;JAYENA;12
CALLE;DEL;JAZMIN;JAZMÍN;15
CALLE;DE;JEMENUÑO;JEMENUÑO;2
CALLE;DE;JENARA GOMEZ;JENARA GÓMEZ;11
CALLE;DEL;JENGIBRE;JENGIBRE;19
CALLE;DEL;JENGIBRE;JENGIBRE;19
CALLE;DE;JENNER;JENNER;7
CALLE;DE;JEREZ;JEREZ;5
CALLE;DE;JEREZ DE LOS CABALLEROS;JEREZ DE LOS CABALLEROS;21
CALLE;DE;JERICO;JERICÓ;3
CALLE;DE;JERONIMA LLORENTE;JERÓNIMA LLORENTE;6
CALLE;DE;JERONIMO DE LA QUINTANA;JERÓNIMO DE LA QUINTANA;7
CALLE;DE;JERTE;JERTE;1
CALLE;DE;JERUSALEN;JERUSALÉN;12
PASEO;DE LOS;JESUITAS;JESUITAS;10
CALLE;DE;JESUS;JESÚS;1
PLAZA;DE;JESUS;JESÚS;1
CALLE;DE;JESUS APRENDIZ;JESÚS APRENDIZ;3
CALLE;DE;JESUS CARRIZO;JESÚS CARRIZO;13
CALLE;DE;JESUS CASTELLANOS;JESÚS CASTELLANOS;11
PASAJE;DE;JESUS DE LA HERA;JESÚS DE LA HERA;17
CALLE;DE;JESUS DE POLANCO;JESÚS DE POLANCO;8
CALLE;DE;JESUS DEL FRESNO;JESÚS DEL FRESNO;11
CALLE;DE;JESUS DEL GRAN PODER;JESÚS DEL GRAN PODER;12
CALLE;DE;JESUS DEL GRAN PODER;JESÚS DEL GRAN PODER;12
CALLE;DE;JESUS DEL PINO;JESÚS DEL PINO;18
CALLE;DE;JESUS DEL VALLE;JESÚS DEL VALLE;1
PLAZUELA;DE;JESUS EL POBRE;JESÚS EL POBRE;1
CALLE;DE;JESUS FERNANDEZ SANTOS;JESÚS FERNÁNDEZ SANTOS;16
CALLE;DE;JESUS GOLDERO;JESÚS GOLDERO;2
CALLE;DE;JESUS JIMENEZ;JESÚS JIMÉNEZ;13
CALLE;DE;JESUS MAESTRO;JESÚS MAESTRO;7
CALLE;DE;JESUS MENDEZ;JESÚS MÉNDEZ;4
CALLE;DE;JESUS MONTOYA;JESÚS MONTOYA;12
CALLE;DE;JESUS Y MARIA;JESÚS Y MARÍA;1
CALLE;DEL;JILGUERO;JILGUERO;11
CALLE;DEL;JILOCA;JILOCA;5
CALLE;DE;JIMENA;JIMENA;11
CALLE;DE;JIMENA MENENDEZ PIDAL;JIMENA MENÉNDEZ PIDAL;9
CALLE;DE LA;JIRAFA;JIRAFA;6
PLAZA;DE;JOAN MIRO;JOAN MIRÓ;
CALLE;DE;JOAQUIN ARJONA;JOAQUÍN ARJONA;6
CALLE;DE;JOAQUIN ARROYO;JOAQUÍN ARROYO;15
CALLE;DE;JOAQUIN BAU;JOAQUÍN BAU;5
CALLE;DE;JOAQUIN CIMAS;JOAQUÍN CIMAS;16
CALLE;DE;JOAQUIN COSTA;JOAQUÍN COSTA;5
CALLE;DE;JOAQUIN DICENTA;JOAQUÍN DICENTA;6
PLAZA;DE;JOAQUIN DICENTA;JOAQUÍN DICENTA;6
CALLE;DE;JOAQUIN FERNANDEZ LEIVA;JOAQUÍN FERNÁNDEZ LEIVA;16
CALLE;DE;JOAQUIN FERNANDEZ LEIVA;JOAQUÍN FERNÁNDEZ LEIVA;16
AVENIDA;DE;JOAQUIN GARRIGUES WALKER;JOAQUÍN GARRIGUES WALKER;13
TRAVESÍA;DE;JOAQUIN GARRIGUES WALKER;JOAQUÍN GARRIGUES WALKER;13
CALLE;DE;JOAQUIN IBARRA;JOAQUÍN IBARRA;21
CALLE;DE;JOAQUIN JORGE ALARCON;JOAQUÍN JORGE ALARCÓN;8
CALLE;DE;JOAQUIN LORENZO;JOAQUÍN LORENZO;8
CALLE;DE;JOAQUIN MARIA LOPEZ;JOAQUÍN MARÍA LÓPEZ;7
CALLE;DE;JOAQUIN MARIA LOPEZ;JOAQUÍN MARÍA LÓPEZ;7
CALLE;DE;JOAQUIN MARQUEZ;JOAQUÍN MÁRQUEZ;12
CALLE;DE;JOAQUIN MARTIN;JOAQUÍN MARTÍN;11
CALLE;DE;JOAQUIN MARTINEZ BORREGUERO;JOAQUÍN MARTÍNEZ BORREGUERO;11
CALLE;DE;JOAQUIN MONTES JOVELLAR;JOAQUÍN MONTES JOVELLAR;5
CALLE;DE;JOAQUIN POL;JOAQUÍN POL;8
CALLE;DE;JOAQUIN REIG;JOAQUÍN REIG;9
CALLE;DE;JOAQUIN REIG;JOAQUÍN REIG;14
CALLE;DE;JOAQUIN RIVERO;JOAQUÍN RIVERO;11
PLAZA;DE;JOAQUIN RODRIGO;JOAQUÍN RODRIGO;5
CALLE;DE;JOAQUIN RUIZ-GIMENEZ CORTES;JOAQUÍN RUIZ-GIMÉNEZ CORTÉS;18
CALLE;DE;JOAQUIN TURINA;JOAQUÍN TURINA;10
CALLE;DE;JOAQUIN TURINA;JOAQUÍN TURINA;10
CALLE;DE;JOAQUIN TURINA;JOAQUÍN TURINA;11
PASEO;DE;JOHN LENNON;JOHN LENNON;3
CALLE;DE;JORDAN;JORDÁN;7
CALLE;DE;JORDI SOLE TURA;JORDI SOLÉ TURA;16
CALLE;DE;JORGE GUILLEN;JORGE GUILLÉN;16
CALLE;DE;JORGE JUAN;JORGE JUAN;4
CALLE;DE;JORGE JUAN;JORGE JUAN;4
CALLE;DE;JORGE JUAN;JORGE JUAN;4
CALLE;DE;JORGE LUIS BORGES;JORGE LUIS BORGES;16
CALLE;DE;JORGE MANRIQUE;JORGE MANRIQUE;5
CALLE;DE;JOSE;JOSÉ;6
CALLE;DE;JOSE ABASCAL;JOSÉ ABASCAL;7
CALLE;DE;JOSE ABASCAL;JOSÉ ABASCAL;7
CALLE;DE;JOSE ABASCAL;JOSÉ ABASCAL;7
CALLE;DE;JOSE ALVAREZ DE TOLEDO;JOSÉ ÁLVAREZ DE TOLEDO;16
CALLE;DE;JOSE ANDRES;JOSÉ ANDRÉS;11
CALLE;DE;JOSE ANDUIZA;JOSÉ ANDUIZA;8
CALLE;DE;JOSE ANESPERE;JOSÉ ANESPERE;12
CALLE;DE;JOSE ANSELMO CLAVE;JOSÉ ANSELMO CLAVE;3
CALLE;DE;JOSE ANTONIO CODERCH;JOSÉ ANTONIO CODERCH;16
AVENIDA;DE;JOSE ANTONIO CORRALES;JOSÉ ANTONIO CORRALES;16
AVENIDA;DE;JOSE ANTONIO CORRALES;JOSÉ ANTONIO CORRALES;21
CALLE;DE;JOSE ANTONIO DE ARMONA;JOSÉ ANTONIO DE ARMONA;2
GLORIETA;DE;JOSE ANTONIO EGIDO PUERTA;JOSE ANTONIO EGIDO PUERTA;14
CALLE;DE;JOSE ANTONIO FERNANDEZ ORDOÑEZ;JOSÉ ANTONIO FERNÁNDEZ ORDÓÑEZ;16
GLORIETA;DE;JOSE ANTONIO JIMENEZ SALAS;JOSÉ ANTONIO JIMÉNEZ SALAS;21
CALLE;DE;JOSE ANTONIO NAVARRETE;JOSÉ ANTONIO NAVARRETE;16
CALLE;DE;JOSE ANTONIO NOVAIS;JOSÉ ANTONIO NOVAIS;9
CALLE;DE;JOSE ANTONIO REBOLLEDO Y PALMA;JOSÉ ANTONIO REBOLLEDO Y PALMA;18
CALLE;DE;JOSE ANTONIO ZAPATA;JOSÉ ANTONIO ZAPATA;2
CALLE;DE;JOSE ARCONES GIL;JOSÉ ARCONES GIL;15
TRAVESÍA;DE;JOSE ARCONES GIL;JOSÉ ARCONES GIL;15
PLAZA;DE;JOSE BANUS;JOSÉ BANÚS;15
PLAZA;DE;JOSE BANUS;JOSÉ BANÚS;15
CALLE;DE;JOSE BARBASTRE;JOSÉ BARBASTRE;15
CALLE;DE;JOSE BARDASANO BAOS;JOSÉ BARDASANO BAOS;5
CALLE;DE;JOSE BASTOS;JOSÉ BASTOS;8
CALLE;DE;JOSE BASTOS;JOSÉ BASTOS;9
GLORIETA;DE;JOSE BENITO DE CHURRIGUERA;JOSÉ BENITO DE CHURRIGUERA;16
CALLE;DE;JOSE BERGAMIN;JOSÉ BERGAMÍN;14
CALLE;DE;JOSE BIELSA;JOSÉ BIELSA;12
CALLE;DE;JOSE CABRERA;JOSÉ CABRERA;11
CALLEJÓN;DE;JOSE CABRERA;JOSÉ CABRERA;11
CALLE;DE;JOSE CALVO;JOSÉ CALVO;6
CALLE;DE;JOSE CAMINS;JOSÉ CAMINS;13
CALLE;DE;JOSE CANO HEREDIA;JOSÉ CANO HEREDIA;20
CALLE;DE;JOSE CARDENAS;JOSÉ CÁRDENAS;11
CALLE;DE;JOSE CASTAN TOBEÑAS;JOSÉ CASTÁN TOBEÑAS;6
PLAZA;DE;JOSE CASTILLEJO;JOSÉ CASTILLEJO;5
CALLE;DE;JOSE CELESTINO MUTIS;JOSÉ CELESTINO MUTIS;4
PASEO;DE;JOSE CELESTINO MUTIS;JOSÉ CELESTINO MUTIS;3
JARDÍN;DE;JOSE COUSO PERMUY Y JULIO ANGUITA PARRADO;JOSÉ COUSO PERMUY Y JULIO ANGUITA PARRADO;15
CALLE;DE;"JOSE CUBERO """"YIYO""""";"JOSÉ CUBERO """"YIYO""""";20
CALLE;DE;JOSE DE BLAS;JOSÉ DE BLAS;20
CALLE;DE;JOSE DE CADALSO;JOSÉ DE CADALSO;10
PLAZA;DE;JOSE DE VILLARREAL;JOSÉ DE VILLARREAL;2
CALLE;DE;JOSE DEL HIERRO;JOSÉ DEL HIERRO;15
CALLE;DE;JOSE DEL HIERRO;JOSÉ DEL HIERRO;15
CALLE;DE;JOSE DEL PINO;JOSÉ DEL PINO;17
CALLE;DE;JOSE DEL PINO JIMENEZ;JOSÉ DEL PINO JIMÉNEZ;17
CALLE;DE;JOSE DEL PRADO Y PALACIO;JOSÉ DEL PRADO Y PALACIO;14
CALLE;DE;JOSE DEL RIO;JOSÉ DEL RÍO;11
CALLE;DE;JOSE DIE Y MAS;JOSÉ DIE Y MAS;16
CALLE;DE;JOSE DOMINGO RUS;JOSÉ DOMINGO RUS;16
CALLE;DE;JOSE DOMINGO RUS;JOSÉ DOMINGO RUS;16
CALLE;DE;JOSE DONOSO;JOSÉ DONOSO;16
CALLE;DE;JOSE ESCOBAR Y SALIENTE;JOSÉ ESCOBAR Y SALIENTE;19
CALLE;DE;JOSE ESCOBAR Y SALIENTE;JOSÉ ESCOBAR Y SALIENTE;19
CALLE;DE;JOSE ESPELIUS;JOSÉ ESPELIUS;10
CALLE;DE;JOSE FELIU Y CODINA;JOSÉ FELIÚ Y CODINA;15
CALLE;DE;JOSE FENTANES;JOSÉ FENTANES;9
GLORIETA;DE;JOSE FRANCISCO DE ISLA;JOSÉ FRANCISCO DE ISLA;8
CALLE;DE;JOSE FRANCISCO DE ITURZAETA E IZAGUIRRE;JOSÉ FRANCISCO DE ITURZAETA E IZAGUIRRE;6
CALLE;DE;JOSE GARCIA GRANDA;JOSÉ GARCÍA GRANDA;13
CALLE;DE;JOSE GARCIA VARA;JOSÉ GARCÍA VARA;11
CALLE;DE;JOSE GARRIDO;JOSÉ GARRIDO;11
CALLE;DE;JOSE GRANERO;JOSÉ GRANERO;16
CALLE;DE;JOSE GRASES RIERA;JOSÉ GRASES RIERA;16
CALLE;DE;JOSE GUTIERREZ ABASCAL;JOSÉ GUTIÉRREZ ABASCAL;5
CALLE;DE;JOSE GUTIERREZ MAROTO;JOSÉ GUTIÉRREZ MAROTO;18
CALLE;DE;JOSE IGNACIO AVILA;JOSÉ IGNACIO ÁVILA;16
CALLE;DE;JOSE INZENGA;JOSÉ INZENGA;11
CALLE;DE;JOSE JOAQUIN ORTIZ;JOSÉ JOAQUÍN ORTIZ;16
CALLE;DE;JOSE JORDAN;JOSÉ JORDÁN;11
CALLE;DE;JOSE LAZARO GALDIANO;JOSÉ LÁZARO GALDIANO;5
CALLE;DE;JOSE LOMBANA IGLESIAS;JOSÉ LOMBANA IGLESIAS;9
PLAZA;DE;JOSE LUIS BERMUDEZ DE SOLOGUREN;JOSÉ LUIS BERMÚDEZ DE SOLOGUREN;16
CALLE;DE;JOSE LUIS COLL;JOSÉ LUIS COLL;16
GLORIETA;DE;JOSE LUIS FERNANDEZ DEL AMO;JOSÉ LUIS FERNÁNDEZ DEL AMO;16
PLAZA;DE;JOSE LUIS HOYS;JOSÉ LUIS HOYS;12
GLORIETA;DE;JOSE LUIS OZORES;JOSÉ LUIS OZORES;13
GLORIETA;DE;JOSE LUIS OZORES;JOSÉ LUIS OZORES;13
GLORIETA;DE;JOSE LUIS OZORES;JOSÉ LUIS OZORES;13
CALLE;DE;JOSE LUIS PECKER;JOSÉ LUIS PÉCKER;16
PLAZA;DE;JOSE LUIS SAURA;JOSÉ LUIS SAURA;13
CALLE;DE;JOSE MACIAS;JOSÉ MACÍAS;11
CALLE;DE;JOSE MARAÑON;JOSÉ MARAÑÓN;7
CALLE;DE;JOSE MARIA AGUIRRE GONZALO;JOSÉ MARÍA AGUIRRE GONZALO;16
CALLE;DE;JOSE MARIA CAVERO;JOSÉ MARÍA CAVERO;15
CALLE;DE;JOSE MARIA DE CASTRO;JOSÉ MARÍA DE CASTRO;6
CALLE;DE;JOSE MARIA DEL BOTO;JOSÉ MARÍA DEL BOTO;10
PLAZA;DE;JOSE MARIA ESCRIVA DE BALAGUER;JOSÉ MARÍA ESCRIVÁ DE BALAGUER;16
CALLE;DE;JOSE MARIA FERNANDEZ LANSEROS;JOSÉ MARÍA FERNÁNDEZ LANSEROS;15
CALLE;DE;JOSE MARIA GALVAN;JOSÉ MARÍA GALVÁN;11
GLORIETA;DE;JOSE MARIA GARCIA DE PAREDES;JOSÉ MARÍA GARCÍA DE PAREDES;16
GLORIETA;DE;JOSE MARIA GARCIA DE PAREDES;JOSÉ MARÍA GARCÍA DE PAREDES;21
CALLE;DE;JOSE MARIA LOZANO SAINZ;JOSÉ MARÍA LOZANO SAINZ;17
CALLE;DE;JOSE MARIA MORELOS;JOSÉ MARÍA MORELOS;16
CALLE;DE;JOSE MARIA PEMAN;JOSÉ MARÍA PEMÁN;11
CALLE;DE;JOSE MARIA PEREDA;JOSÉ MARÍA PEREDA;15
CALLE;DE;JOSE MARIA RODERO;JOSÉ MARÍA RODERO;15
CALLE;DE;JOSE MARIA ROQUERO;JOSÉ MARÍA ROQUERO;2
CALLE;DE;JOSE MARIA SANCHEZ SILVA;JOSÉ MARÍA SÁNCHEZ SILVA;4
PLAZA;DE;JOSE MARIA SOLER;JOSÉ MARÍA SOLER;5
PLAZA;DE;JOSE MARIA SOLER;JOSÉ MARÍA SOLER;5
CALLE;DE;JOSE MARTINEZ DE VELASCO;JOSÉ MARTÍNEZ DE VELASCO;3
CALLE;DE;JOSE MASSO;JOSÉ MASSÓ;5
CALLE;DE;JOSE MAURELO;JOSÉ MAURELO;10
CALLE;DE;JOSE MIGUEL GORDOA;JOSÉ MIGUEL GORDOA;2
CALLE;DE;JOSE MIGUEL GURIDI;JOSÉ MIGUEL GURIDI;16
CALLE;DE;JOSE MONTALVO;JOSÉ MONTALVO;11
PLAZA;DE;JOSE MOÑINO CONDE DE FLORIDA BLANCA;JOSÉ MOÑINO CONDE DE FLORIDA BLANCA;8
PLAZA;DE;JOSE MORENO VILLA;JOSÉ MORENO VILLA;9
CALLE;DE;JOSE NORIEGA;JOSÉ NORIEGA;15
TRAVESÍA;DE;JOSE NORIEGA;JOSÉ NORIEGA;15
CALLE;DE;JOSE ORTEGA Y GASSET;JOSÉ ORTEGA Y GASSET;4
CALLE;DE;JOSE ORTEGA Y GASSET;JOSÉ ORTEGA Y GASSET;4
CALLE;DE;JOSE ORTUÑO PONCE;JOSÉ ORTUÑO PONCE;17
CALLE;DE;JOSE PAULETE;JOSÉ PAULETE;13
CALLE;DE;JOSE PAULETE;JOSÉ PAULETE;13
GLORIETA;DE;JOSE PAZ MAROTO;JOSÉ PAZ MAROTO;16
CALLE;DE;JOSE PEREZ;JOSÉ PÉREZ;17
CALLE;DE;JOSE PEREZ;JOSÉ PÉREZ;17
PASAJE;DE;JOSE PEREZ PLA;JOSÉ PÉREZ PLA;7
CALLE;DE;JOSE PICON;JOSÉ PICÓN;4
BULEVAR;DE;JOSE PRAT;JOSÉ PRAT;19
PASEO;DE;JOSE QUER;JOSÉ QUER;3
CALLE;DE;JOSE RAMON VIZCAINO;JOSÉ RAMÓN VIZCAÍNO;20
CALLE;DE;JOSE RODRIGUEZ PINILLA;JOSÉ RODRÍGUEZ PINILLA;5
CALLE;DE;JOSE ROMERO;JOSÉ ROMERO;9
CALLE;DE;JOSE SANCHEZ PESCADOR;JOSÉ SÁNCHEZ PESCADOR;3
PASAJE;DE;JOSE SANCHEZ PESCADOR;JOSÉ SÁNCHEZ PESCADOR;3
CALLE;DE;JOSE SERRANO;JOSÉ SERRANO;13
CALLE;DE;JOSE SILVA;JOSÉ SILVA;15
CALLE;DE;JOSE SILVA;JOSÉ SILVA;15
CALLE;DE;JOSE TAMAYO;JOSÉ TAMAYO;18
CALLE;DE;JOSE URIOSTE Y VELADA;JOSÉ URIOSTE Y VELADA;11
CALLE;DE;JOSE VASCONCELOS;JOSÉ VASCONCELOS;5
CALLE;DE;JOSE VILLENA;JOSÉ VILLENA;15
CALLE;DE;JOSEFA ALONSO;JOSEFA ALONSO;10
CALLE;DE;JOSEFA DIAZ;JOSEFA DÍAZ;13
CALLE;DE;JOSEFA FERNANDEZ BUTERGA;JOSEFA FERNÁNDEZ BUTERGA;11
CALLE;DE;JOSEFA HERRADON;JOSEFA HERRADÓN;16
CALLE;DE;JOSEFA HONRADO;JOSEFA HONRADO;10
CALLE;DE;JOSEFA VALCARCEL;JOSEFA VALCÁRCEL;15
CALLE;DE;JOSEFA VALCARCEL;JOSEFA VALCÁRCEL;20
CALLE;DE;JOSEFA VALCARCEL;JOSEFA VALCÁRCEL;20
CALLE;DE;JOSEFINA ALDECOA;JOSEFINA ALDECOA;16
CALLE;DE;JOSEFINA CARABIAS;JOSEFINA CARABIAS;16
CALLE;DE;JOSEFINA GARCIA;JOSEFINA GARCÍA;18
CALLE;DE;JOSEFINA VEREDAS;JOSEFINA VEREDAS;12
CALLE;DE;JOSELITO;JOSELITO;16
CALLE;DE;JOSEP PLA;JOSEP PLA;5
CALLE;DE;JOSUE LILLO;JOSUÉ LILLO;13
CALLE;DE;JOVELLANOS;JOVELLANOS;1
CALLE;DE LA;JOYERIA;JOYERÍA;20
CALLE;DE;JUAN AGÜI;JUAN AGÜÍ;8
CALLE;DE;JUAN ALONSO;JUAN ALONSO;11
CALLE;DE;JUAN ALVAREZ MENDIZABAL;JUAN ÁLVAREZ MENDIZÁBAL;9
AVENIDA;DE;JUAN ANDRES;JUAN ANDRÉS;8
AVENIDA;DE;JUAN ANDRES;JUAN ANDRÉS;9
CALLE;DE;JUAN ANTON;JUAN ANTÓN;10
CALLE;DE;JUAN ANTONIO BARDEM;JUAN ANTONIO BARDEM;18
CALLE;DE;JUAN ANTONIO MAROTO;JUAN ANTONIO MAROTO;13
AVENIDA;DE;JUAN ANTONIO SAMARANCH;JUAN ANTONIO SAMARANCH;16
AVENIDA;DE;JUAN ANTONIO SAMARANCH;JUAN ANTONIO SAMARANCH;21
PLAZA;DE;JUAN ANTONIO SUANZES;JUAN ANTONIO SUANZES;20
PASEO;DE;JUAN ANTONIO VALLEJO-NAJERA BOTAS;JUAN ANTONIO VALLEJO-NÁJERA BOTAS;2
PASEO;DE;JUAN ANTONIO VALLEJO-NAJERA BOTAS;JUAN ANTONIO VALLEJO-NÁJERA BOTAS;2
CALLE;DE;JUAN BAUTISTA DE TOLEDO;JUAN BAUTISTA DE TOLEDO;5
CALLE;DE;JUAN BAUTISTA SACCHETTI;JUAN BAUTISTA SACCHETTI;3
CALLE;DE;JUAN BELMONTE;JUAN BELMONTE;16
PLAZA;DE;JUAN BENET;JUAN BENET;19
CALLE;DE;JUAN BOSCAN;JUAN BOSCÁN;15
CALLE;DE;JUAN BRAVO;JUAN BRAVO;4
CALLE;DE;JUAN BRAVO;JUAN BRAVO;4
PLAZA;DE;JUAN CARLOS ONETTI;JUAN CARLOS ONETTI;19
CALLE;DE;JUAN CARREÑO DE MIRANDA;JUAN CARREÑO DE MIRANDA;19
CALLE;DE;JUAN CARREÑO DE MIRANDA;JUAN CARREÑO DE MIRANDA;19
CALLE;DE;JUAN CLEMENTE NUÑEZ;JUAN CLEMENTE NÚÑEZ;16
CALLE;DE;JUAN CLEMENTE NUÑEZ;JUAN CLEMENTE NÚÑEZ;16
CALLE;DE;JUAN DANIEL FULLAONDO;JUAN DANIEL FULLAONDO;16
CALLE;DE;JUAN DE ARESPACOCHAGA Y FELIPE;JUAN DE ARESPACOCHAGA Y FELIPE;20
CALLE;DE;JUAN DE AROLAS;JUAN DE AROLAS;15
CALLE;DE;JUAN DE AUSTRIA;JUAN DE AUSTRIA;7
CALLE;DE;JUAN DE DIOS;JUAN DE DIOS;1
GLORIETA;DE;JUAN DE HARO;JUAN DE HARO;16
AVENIDA;DE;JUAN DE HERRERA;JUAN DE HERRERA;9
CALLE;DE;JUAN DE HERRERA;JUAN DE HERRERA;1
CALLE;DE;JUAN DE IZIAR;JUAN DE IZÍAR;15
CALLE;DE;JUAN DE JAUREGUI;JUAN DE JÁUREGUI;3
CALLE;DE;JUAN DE JUANES;JUAN DE JUANES;3
CALLE;DE;JUAN DE LA CIERVA;JUAN DE LA CIERVA;5
PLAZA;DE;JUAN DE LA COSSA;JUAN DE LA COSSA;5
CALLE;DE;JUAN DE LA CUEVA;JUAN DE LA CUEVA;3
CALLE;DE;JUAN DE LA ENCINA;JUAN DE LA ENCINA;6
CALLE;DE;JUAN DE LA FUENTE;JUAN DE LA FUENTE;18
CALLE;DE;JUAN DE LA HOZ;JUAN DE LA HOZ;4
CALLE;DE;JUAN DE LOS RIOS;JUAN DE LOS RÍOS;4
PLAZA;DE;JUAN DE MALASAÑA;JUAN DE MALASAÑA;18
CALLE;DE;JUAN DE MARIANA;JUAN DE MARIANA;2
CALLEJÓN;DE;JUAN DE MATA GOMEZ;JUAN DE MATA GÓMEZ;15
CALLE;DE;JUAN DE MENA;JUAN DE MENA;3
PASEO;DE;JUAN DE MINUART;JUAN DE MINUART;3
CALLE;DE;JUAN DE OLIAS;JUAN DE OLÍAS;6
CALLE;DE;JUAN DE URBIETA;JUAN DE URBIETA;3
CALLE;DE;JUAN DE URBIETA;JUAN DE URBIETA;3
CALLE;DE;JUAN DE VERA;JUAN DE VERA;2
CALLE;DE;JUAN DEL RISCO;JUAN DEL RISCO;6
CALLE;DE;JUAN DEL ROSAL;JUAN DEL ROSAL;9
CALLE;DE;JUAN DUQUE;JUAN DUQUE;2
CALLE;DE;JUAN DUQUE;JUAN DUQUE;2
CALLE;DE;JUAN ESPAÑOL;JUAN ESPAÑOL;12
CALLE;DE;JUAN ESPLANDIU;JUAN ESPLANDIÚ;3
CALLE;DE;JUAN FRANCISCO;JUAN FRANCISCO;11
CALLE;DE;JUAN FRANCISCO;JUAN FRANCISCO;11
TRAVESÍA;DE;JUAN FRANCISCO;JUAN FRANCISCO;11
CALLE;DE;JUAN FRANCISCO PASCUAL;JUAN FRANCISCO PASCUAL;16
CALLE;DE;JUAN GARCIA HORTELANO;JUAN GARCÍA HORTELANO;16
PLAZA;DE;JUAN GOYTISOLO;JUAN GOYTISOLO;1
CALLE;DE;JUAN HURTADO DE MENDOZA;JUAN HURTADO DE MENDOZA;5
CALLE;DE;JUAN IGNACIO LUCA DE TENA;JUAN IGNACIO LUCA DE TENA;20
CALLE;DE;JUAN JOSE BAUTISTA;JUAN JOSÉ BAUTISTA;11
CALLE;DE;JUAN JOSE GUREÑA;JUAN JOSÉ GUREÑA;16
CALLE;DE;JUAN JOSE MARTINEZ SECO;JUAN JOSÉ MARTÍNEZ SECO;17
CALLE;DE;JUAN LIMON;JUAN LIMÓN;13
CALLE;DE;JUAN LOZANO;JUAN LOZANO;8
CALLE;DE;JUAN MARTIN EL EMPECINADO;JUAN MARTÍN EL EMPECINADO;2
CALLE;DE;JUAN MARTIN EL EMPECINADO;JUAN MARTÍN EL EMPECINADO;2
CALLE;DE;JUAN MARTINEZ ARROYO;JUAN MARTÍNEZ ARROYO;16
CALLE;DE;JUAN MAZO;JUAN MAZO;13
CALLE;DE;JUAN MIEG;JUAN MIEG;11
CALLE;DE;JUAN MONTALVO;JUAN MONTALVO;9
PLAZA;DE;JUAN MUÑOZ MARTIN;JUAN MUÑOZ MARTÍN;6
CALLE;DE;JUAN NAVARRO;JUAN NAVARRO;13
PLAZA;DE;JUAN PABLO FORNER;JUAN PABLO FORNER;8
CALLE;DE;JUAN PANTOJA;JUAN PANTOJA;6
CALLE;DE;JUAN PASCUAL;JUAN PASCUAL;15
CALLE;DE;JUAN PASCUAL DE MENA;JUAN PASCUAL DE MENA;10
CALLE;DE;JUAN PEÑA;JUAN PEÑA;8
CALLE;DE;JUAN PEÑALVER;JUAN PEÑALVER;17
TRAVESÍA;DE;JUAN PEÑALVER;JUAN PEÑALVER;17
CALLE;DE;JUAN PEREZ ALMEIDA;JUAN PÉREZ ALMEIDA;11
CALLE;DE;JUAN PEREZ ZUÑIGA;JUAN PÉREZ ZÚÑIGA;15
CALLE;DE;JUAN PEREZ ZUÑIGA;JUAN PÉREZ ZÚÑIGA;15
CALLE;DE;JUAN PORTAS;JUAN PORTAS;13
CALLE;DE;JUAN PRADILLO;JUAN PRADILLO;6
CALLE;DE;JUAN RAMON JIMENEZ;JUAN RAMÓN JIMÉNEZ;5
CALLE;DE;JUAN RAMON JIMENEZ;JUAN RAMÓN JIMÉNEZ;5
CALLE;DE;JUAN RIZI;JUAN RIZI;20
PLAZA;DE;JUAN ROF CARBALLO;JUAN ROF CARBALLO;19
CALLE;DE;JUAN RON;JUAN RON;11
CALLE;DE;JUAN SALAS;JUAN SALAS;12
CALLE;DE;JUAN SANCHEZ;JUAN SÁNCHEZ;8
CALLE;DE;JUAN SANCHEZ RON;JUAN SÁNCHEZ RON;16
CALLE;DE;JUAN SEBASTIAN ELCANO;JUAN SEBASTIÁN ELCANO;2
CALLE;DE;JUAN TORNERO;JUAN TORNERO;10
CALLE;DE;JUAN VALERA;JUAN VALERA;3
PASEO;DE;JUAN XXIII;JUAN XXIII;7
PASEO;DE;JUAN XXIII;JUAN XXIII;9
CALLE;DE;JUAN ZAPATA;JUAN ZAPATA;20
CALLE;DE;JUAN ZAPATA;JUAN ZAPATA;20
CALLE;DE;JUAN ZOFIO;JUAN ZOFÍO;12
PLAZA;DE;JUAN ZORRILLA;JUAN ZORRILLA;7
CALLE;DE;JUANA DOÑA;JUANA DOÑA;2
CALLE;DE;JUANA ELORZA;JUANA ELORZA;13
CALLE;DE;JUANA FUENTES;JUANA FUENTES;11
CALLE;DE;JUANA UROSA;JUANA UROSA;11
CALLE;DE;JUANELO;JUANELO;1
CALLE;DE;JUANITA;JUANITA;11
CALLE;DE;JUANITA CRUZ;JUANITA CRUZ;8
PLAZA;DEL;JUBILADO;JUBILADO;21
CALLE;DEL;JUEGO DE BOLOS;JUEGO DE BOLOS;19
CALLE;DE LOS;JUGLARES;JUGLARES;19
CALLE;DE LOS;JUGLARES;JUGLARES;19
CALLE;DE LA;JUGUETERIA;JUGUETERÍA;20
CALLE;DE;JULIA BALENCHANA;JULIA BALENCHANA;15
CALLE;DE;JULIA GARCIA BOUTAN;JULIA GARCÍA BOUTÁN;20
CALLE;DE;JULIA MEDIAVILLA;JULIA MEDIAVILLA;13
CALLE;DE;JULIA MORENO;JULIA MORENO;17
CALLE;DE;JULIA NEBOT;JULIA NEBOT;11
CALLE;DE;JULIA SOLA;JULIA SOLÁ;17
CALLE;DE;JULIAN BESTEIRO;JULIÁN BESTEIRO;6
CALLE;DE;JULIAN BESTEIRO;JULIÁN BESTEIRO;6
CALLE;DE;JULIAN CAMARILLO;JULIÁN CAMARILLO;20
CALLE;DE;JULIAN DEL CERRO;JULIÁN DEL CERRO;13
CALLE;DE;JULIAN GAYARRE;JULIÁN GAYARRE;3
CALLE;DE;JULIAN GAYARRE;JULIÁN GAYARRE;3
CALLE;DE;JULIAN GONZALEZ;JULIÁN GONZÁLEZ;11
CALLE;DE;JULIAN GONZALEZ SEGADOR;JULIÁN GONZÁLEZ SEGADOR;16
CALLE;DE;JULIAN HERNANDEZ;JULIÁN HERNÁNDEZ;15
CALLE;DE;JULIAN HERNANDEZ;JULIÁN HERNÁNDEZ;16
CALLE;DE;JULIAN HERNANDEZ;JULIÁN HERNÁNDEZ;16
PLAZA;DE;JULIAN MARIAS;JULIÁN MARÍAS;12
GLORIETA;DE;JULIAN OTAMENDI;JULIÁN OTAMENDI;21
CALLE;DE;JULIAN RABANEDO;JULIÁN RABANEDO;2
CALLE;DE;JULIAN ROMEA;JULIÁN ROMEA;7
CALLE;DE;JULIAN ZUGAZAGOITIA;JULIÁN ZUGAZAGOITIA;6
CALLE;DE;JULIANA SANCHO;JULIANA SANCHO;13
CALLE;;JULIET;JULIET;21
CALLE;DE;JULIO;JULIO;20
CALLE;DE;JULIO AGUIRRE;JULIO AGUIRRE;12
CALLE;DE;JULIO ANTONIO;JULIO ANTONIO;11
CALLE;DE;JULIO CALVO;JULIO CALVO;8
CALLE;DE;JULIO CAMBA;JULIO CAMBA;4
CALLE;DE;JULIO CANO LASSO;JULIO CANO LASSO;16
CALLE;DE;JULIO CANO LASSO;JULIO CANO LASSO;21
CALLE;DE;JULIO CARO BAROJA;JULIO CARO BAROJA;16
CALLE;DE;JULIO CASARES;JULIO CASARES;16
CALLE;DE;JULIO CHELLINI;JULIO CHELLINI;13
PLAZA;DE;JULIO CORTAZAR;JULIO CORTÁZAR;11
CALLE;DE;JULIO DANVILA;JULIO DANVILA;15
CALLE;DE;JULIO DANVILA;JULIO DANVILA;16
CALLE;DE;JULIO DOMINGO;JULIO DOMINGO;11
PLAZA;DE;JULIO LOIS;JULIO LOIS;13
CALLE;DE;JULIO LOPEZ;JULIO LÓPEZ;5
CALLE;DE;JULIO MERINO;JULIO MERINO;12
CALLE;DE;JULIO MONTERO;JULIO MONTERO;8
TRAVESÍA;DE;JULIO MONTERO;JULIO MONTERO;8
CALLE;DE;JULIO NOMBELA;JULIO NOMBELA;7
CALLE;DE;JULIO PALACIOS;JULIO PALACIOS;8
CALLE;DE;JULIO REY PASTOR;JULIO REY PASTOR;3
PASEO;DE;JULIO ROMERO DE TORRES;JULIO ROMERO DE TORRES;3
CALLE;DEL;JUNCO;JUNCO;17
CALLE;DE;JUNIO;JUNIO;20
CALLE;DE;JUPITER;JÚPITER;21
CAMINO;DE LA;JUSTA;JUSTA;8
CALLE;DE;JUSTA GARCIA;JUSTA GARCÍA;12
PLAZA;DE LA;JUSTICIA;JUSTICIA;5
CALLE;DE;JUSTINA DE LA FUENTE;JUSTINA DE LA FUENTE;18
CALLE;DE;JUSTINIANO;JUSTINIANO;1
CALLE;DE;JUSTO MARTINEZ;JUSTO MARTÍNEZ;15
PLAZA;DE LA;JUVENTUD;JUVENTUD;19
CALLE;DE;KANT;KANT;8
PUENTE;DE;KARLA;KARLA;15
CALLE;DE;KELSEN;KELSEN;8
CALLE;DE LA;KENTIA;KENTIA;2
CALLE;DE;KEYNES;KEYNES;8
CALLE;;KILO;KILO;21
CALLE;DEL;KRIPTON;KRIPTÓN;17
CALLE;DE;LA ACEBEDA;LA ACEBEDA;17
CALLE;DE;LA ADRADA;LA ADRADA;18
CALLE;DE;LA ALBERCA;LA ALBERCA;8
CALLE;DE;LA ALBERCA DE ZANCARA;LA ALBERCA DE ZÁNCARA;11
CALLE;DE;LA ALBERICIA;LA ALBERICIA;20
CALLE;DE;LA ALEGRIA DE LA HUERTA;LA ALEGRÍA DE LA HUERTA;17
PLAZA;DE;LA ALMUNIA;LA ALMUNIA;10
CALLE;DE;LA BAÑA;LA BAÑA;21
CALLE;DE;LA BAÑEZA;LA BAÑEZA;8
CALLE;DE;LA BAÑEZA;LA BAÑEZA;8
CALLE;DE;LA CABRERA;LA CABRERA;8
CALLE;DE;LA CALESERA;LA CALESERA;17
CALLE;DE;LA CANCION DEL OLVIDO;LA CANCIÓN DEL OLVIDO;17
PLAZA;DE;LA CAROLINA;LA CAROLINA;8
CALLE;DE;LA CENICIENTA;LA CENICIENTA;13
CALLE;DE;LA CHULAPONA;LA CHULAPONA;17
PLAZA;DE;LA CORRALA;LA CORRALA;1
CALLE;DE;LA CORTE DE FARAON;LA CORTE DE FARAÓN;17
CALLE;DE;LA CORUÑA;LA CORUÑA;6
CALLE;DE;LA DEL MANOJO DE ROSAS;LA DEL MANOJO DE ROSAS;17
CALLE;DE;LA DEL SOTO DEL PARRAL;LA DEL SOTO DEL PARRAL;17
CALLE;DE;LA DILIGENCIA;LA DILIGENCIA;13
CALLE;DE;LA DOLOROSA;LA DOLOROSA;17
CALLE;DE;LA EPOCA;LA ÉPOCA;11
CALLE;DE;LA ESCALA;LA ESCALA;13
CALLE;DE;LA ESPAÑOLA;LA ESPAÑOLA;15
CALLE;DE;LA ESTRADA;LA ESTRADA;8
CALLE;DE;LA FUENTE;LA FUENTE;21
AVENIDA;DE;LA GAVIA;LA GAVIA;18
CALLE;DE;LA GRANJA DE SAN ILDEFONSO;LA GRANJA DE SAN ILDEFONSO;18
CALLE;DE;LA GRANJA DE SAN ILDEFONSO;LA GRANJA DE SAN ILDEFONSO;18
GLORIETA;DE;LA GRANJUELA;LA GRANJUELA;18
CALLE;DE;LA GUANCHA;LA GUANCHA;15
PASEO;DE;LA HABANA;LA HABANA;5
PASEO;DE;LA HABANA;LA HABANA;5
PASEO;DE;LA HABANA;LA HABANA;5
PASEO;DE;LA HABANA;LA HABANA;5
CALLE;DE;LA HIRUELA;LA HIRUELA;8
CALLE;DE;LA HUERTA DE LOS RUEDA;LA HUERTA DE LOS RUEDA;19
CALLE;DE;LA ILIADA;LA ILÍADA;20
CALLE;DE;LA ILIADA;LA ILÍADA;20
CALLE;DE;LA ISABELA;LA ISABELA;10
CALLE;DE;LA JUNQUERA;LA JUNQUERA;8
CALLE;DE;LA JUNQUERA;LA JUNQUERA;20
CALLE;DE;LA LATINA;LA LATINA;10
CALLE;DE;LA LATINA;LA LATINA;10
CALLE;DE;LA MARAÑOSA;LA MARAÑOSA;13
CALLE;DE;LA MASO;LA MASÓ;8
CAMINO;DE;LA MUÑOZA;LA MUÑOZA;21
CARRETERA;DE;LA MUÑOZA;LA MUÑOZA;8
CARRETERA;DE;LA MUÑOZA;LA MUÑOZA;20
CARRETERA;DE;LA MUÑOZA;LA MUÑOZA;21
PLAZA;DE;LA OROTAVA;LA OROTAVA;15
CALLE;DE;LA PEDRIZA;LA PEDRIZA;5
CALLE;DE;LA PEÑOTA;LA PEÑOTA;5
CALLE;DE;LA PICARA MOLINERA;LA PÍCARA MOLINERA;17
CALLE;DE;LA PINILLA;LA PINILLA;9
CALLE;DE;LA POVEDA;LA POVEDA;4
PASAJE;DE;LA POVEDA;LA POVEDA;14
CALLE;DE;LA PROVENZA;LA PROVENZA;14
CALLE;DE;LA PUEBLANUEVA;LA PUEBLANUEVA;18
CALLE;DE;LA PUEBLANUEVA;LA PUEBLANUEVA;18
CALLE;DE;LA RABIDA;LA RÁBIDA;6
CALLE;DE;LA REGALADA;LA REGALADA;3
CALLE;DE;LA REGENTA;LA REGENTA;19
CALLE;DE;LA REINA DE AFRICA;LA REINA DE ÁFRICA;13
CALLE;DE;LA REVOLTOSA;LA REVOLTOSA;18
CALLE;DE;LA RIOJA;LA RIOJA;21
TRAVESÍA;DE;LA RIOJA;LA RIOJA;21
CALLE;DE;LA RIVIERA;LA RIVIERA;14
CALLE;DE;LA RIVIERA;LA RIVIERA;14
CALLE;DE;LA ROBLA;LA ROBLA;16
CALLE;DE;LA RODA;LA RODA;19
CALLE;DE;LA ROSA DEL AZAFRAN;LA ROSA DEL AZAFRÁN;17
CALLE;DE;LA SALLE;LA SALLE;9
CALLE;DE;LA SERNA DEL MONTE;LA SERNA DEL MONTE;8
CALLE;DE;LA TABERNERA DEL PUERTO;LA TABERNERA DEL PUERTO;17
CALLE;DE;LA TACONA;LA TACONA;14
CALLE;DE;LA TENERIA;LA TENERÍA;19
AVENIDA;DE;LA VERBENA DE LA PALOMA;LA VERBENA DE LA PALOMA;17
CALLE;DE;LA VIOLETERA;LA VIOLETERA;13
CALLE;DE;LA ZUBIA;LA ZUBIA;20
CALLE;DE;LABAJOS;LABAJOS;8
CALLE;DE;LABASTIDA;LABASTIDA;8
CAMINO;DE;LABOR;LABOR;18
AVENIDA;;LABORAL;LABORAL;17
CALLE;DEL;LABORATORIO;LABORATORIO;20
CARRETERA;DEL;LABORATORIO DE OBRAS PUBLICAS;LABORATORIO DE OBRAS PÚBLICAS;8
CALLE;DEL;LABRADOR;LABRADOR;2
CALLE;DE LOS;LABRADORES;LABRADORES;8
CALLE;DE LOS;LABRADORES;LABRADORES;20
CAMINO;DE LOS;LABRADORES;LABRADORES;8
CALLE;DE;LACOMA;LACOMA;8
CALLE;DE LA;LADERA;LADERA;6
CALLE;DE LA;LADERA DE LOS ALMENDROS;LADERA DE LOS ALMENDROS;19
CAMINO;DE LAS;LADRONERAS;LADRONERAS;8
CALLE;DE LA;LAGARTERA;LAGARTERA;13
CALLE;DE;LAGARTIJO;LAGARTIJO;16
CALLE;DE;LAGASCA;LAGASCA;4
CALLE;DE;LAGASCA;LAGASCA;4
CALLE;DE;LAGASCA;LAGASCA;5
RONDA;DEL;LAGO;LAGO;9
CALLE;DEL;LAGO BALATON;LAGO BALATÓN;19
CALLE;DEL;LAGO CALAFATE;LAGO CALAFATE;13
CALLE;DEL;LAGO COMO;LAGO COMO;19
CALLE;DEL;LAGO CONSTANZA;LAGO CONSTANZA;15
CALLE;DEL;LAGO CONSTANZA;LAGO CONSTANZA;15
CALLE;DEL;LAGO ENARA;LAGO ENARA;19
CALLE;DEL;LAGO ERIE;LAGO ERIE;19
CALLE;DEL;LAGO ISEO;LAGO ISEO;19
CALLE;DEL;LAGO LEMAN;LAGO LEMÁN;19
CALLE;DEL;LAGO MARACAIBO;LAGO MARACAIBO;13
CALLE;DEL;LAGO MIRIM;LAGO MIRÍM;13
CALLE;DEL;LAGO NICARAGUA;LAGO NICARAGUA;13
CALLE;DEL;LAGO SALADO;LAGO SALADO;15
CALLE;DEL;LAGO SAN MARTIN;LAGO SAN MARTÍN;13
CALLE;DEL;LAGO SANABRIA;LAGO SANABRIA;19
CALLE;DEL;LAGO TITICACA;LAGO TITICACA;19
CALLE;DEL;LAGO VAN;LAGO VAN;19
CALLE;DEL;LAGO VAN;LAGO VAN;19
CALLE;DE;LAGUARDIA;LAGUARDIA;20
CALLE;DE LA;LAGUNA;LAGUNA;10
CALLE;DE LA;LAGUNA;LAGUNA;11
CAMINO;DE LA;LAGUNA;LAGUNA;16
CALLE;DE;LAGUNA DALGA;LAGUNA DALGA;17
CALLE;DE;LAGUNA DE CAMEROS;LAGUNA DE CAMEROS;17
CALLE;DE LA;LAGUNA DE LOS PAJAROS;LAGUNA DE LOS PÁJAROS;9
CALLE;DE;LAGUNA DE SANTIAGO;LAGUNA DE SANTIAGO;17
CALLE;DE;LAGUNA DE SANTIAGO;LAGUNA DE SANTIAGO;17
CALLE;DE;LAGUNA DEL MARQUESADO;LAGUNA DEL MARQUESADO;17
CALLE;DE LA;LAGUNA GRANDE;LAGUNA GRANDE;8
CALLE;DE LA;LAGUNA NEGRA;LAGUNA NEGRA;14
CALLE;DE LA;LAGUNA NEGRA;LAGUNA NEGRA;14
CALLE;DE;LAGUNA RODRIGO;LAGUNA RODRIGO;17
CALLE;DE LAS;LAGUNAS DE NEILA;LAGUNAS DE NEILA;17
CALLE;DE;LAIN CALVO;LAÍN CALVO;10
GLORIETA;DE;LALIN;LALÍN;8
CALLE;DE;LAMIACO;LAMIACO;9
PASEO;DE LOS;LANCEROS;LANCEROS;10
GLORIETA;DE;LANDELINO LAVILLA;LANDELINO LAVILLA;8
CALLE;DE;LANJARON;LANJARÓN;12
CALLE;DE;LANUZA;LANUZA;4
CALLE;DE LA;LANZADA;LANZADA;1
CALLE;DE LA;LANZADA;LANZADA;9
CALLE;DE;LANZAHITA;LANZAHITA;9
CALLE;DE;LAPONIA;LAPONIA;14
CALLE;DEL;LARANGO;LARANGO;10
CALLE;DE;LARDERO;LARDERO;19
CALLE;DE;LAREDO;LAREDO;11
CALLE;DE;LARRA;LARRA;1
AVENIDA;DE;LAS AGUILAS;LAS ÁGUILAS;10
AVENIDA;DE;LAS AGUILAS;LAS ÁGUILAS;10
AVENIDA;DE;LAS AGUILAS;LAS ÁGUILAS;10
CALLE;DE;LAS CAMAS;LAS CAMAS;17
AVENIDA;DE;LAS FUERZAS ARMADAS;LAS FUERZAS ARMADAS;16
AVENIDA;DE;LAS FUERZAS ARMADAS;LAS FUERZAS ARMADAS;21
CALLE;DE;LAS MATAS;LAS MATAS;6
PLAZA;DE;LAS MENINAS;LAS MENINAS;11
CALLE;DE;LAS NAVAS;LAS NAVAS;6
CALLE;DE;LAS NAVAS DE BUITRAGO;LAS NAVAS DE BUITRAGO;17
CALLE;DE;LAS PEDROÑERAS;LAS PEDROÑERAS;16
CALLE;DE;LAS PIEDRAS;LAS PIEDRAS;19
CALLE;DE;LAS SANTERAS;LAS SANTERAS;19
PLAZUELA;DE;LAS SINSOMBRERO;LAS SINSOMBRERO;1
AVENIDA;DE;LAS SUERTES;LAS SUERTES;18
AVENIDA;DE;LAS SUERTES;LAS SUERTES;18
RONDA;DE;LAS SUERTES;LAS SUERTES;18
CALLE;DE;LASARTE;LASARTE;9
CALLE;DE LOS;LATONEROS;LATONEROS;1
CALLE;DEL;LAUD;LAÚD;15
CALLE;DE;LAUREANO LEONOR;LAUREANO LEONOR;11
CALLE;DEL;LAUREL;LAUREL;2
CALLE;DE;LAURIN;LAURÍN;16
CAMINO;DEL;LAVADERO;LAVADERO;9
CALLE;DEL;LAVADERO VIEJO;LAVADERO VIEJO;19
CALLE;DE LA;LAVANDA;LAVANDA;16
CALLE;DE LAS;LAVANDERAS;LAVANDERAS;19
CALLE;DE;LAVAPIES;LAVAPIÉS;1
PLAZA;DE;LAVAPIES;LAVAPIÉS;1
CALLE;DE;LAVIANA;LAVIANA;20
CALLE;DE;LAVOISIER;LAVOISIER;8
CALLE;DE;LAZAGA;LAZAGA;6
CALLE;DE;LAZAGA;LAZAGA;6
CALLE;DE;LAZCANO;LAZCANO;17
CALLE;DEL;LAZO;LAZO;1
PLAZA;DE LA;LEALTAD;LEALTAD;1
PLAZA;DE LA;LEALTAD;LEALTAD;3
CALLE;DE;LEANDRO SILVA;LEANDRO SILVA;16
CALLE;DE LOS;LEBRELES;LEBRELES;11
CALLE;DEL;LEBRILLO;LEBRILLO;9
CALLE;DE LA;LECHUGA;LECHUGA;1
CALLE;DE;LECUMBERRI;LECUMBERRI;12
CALLE;DE;LEDESMA;LEDESMA;15
CALLE;DE;LEGANES;LEGANÉS;2
CAMINO;DE;LEGANES;LEGANÉS;17
TRAVESÍA;DE;LEGANES;LEGANÉS;17
CALLE;DE;LEGANITOS;LEGANITOS;1
PLAZA;DE;LEGAZPI;LEGAZPI;2
PLAZA;DE;LEGAZPI;LEGAZPI;2
PLAZA;DE;LEGAZPI;LEGAZPI;2
AVENIDA;DE;LEGAZPI MERCAMADRID;LEGAZPI MERCAMADRID;18
CALLE;DEL;LEGIONARIO POETA QUEIXA;LEGIONARIO POETA QUEIXA;11
CALLE;DE;LEIBNIZ;LEIBNIZ;8
CALLE;DE;LEIRA;LEIRA;16
PLAZA;DE;LEIRE;LEIRE;12
CALLE;DE;LEIRIA;LEIRIA;11
CALLE;DE;LEITARIEGOS;LEITARIEGOS;9
CALLE;DE;LEIZA;LEIZA;12
CALLE;DEL;LEIZARAN;LEIZARÁN;5
CALLE;DE;LELE DEL POZO;LELE DEL POZO;13
CALLE;DE LOS;LENCEROS;LENCEROS;20
CALLE;DE LAS;LENGUAS;LENGUAS;17
CAMINO;DE LA;LEÑA;LEÑA;18
CALLE;DE LOS;LEÑEROS;LEÑEROS;6
CAMINO;DE LOS;LEÑEROS;LEÑEROS;19
CAMINO;DE LOS;LEÑEROS;LEÑEROS;20
CALLE;DE;LEO;LEO;3
CALLE;DEL;LEON;LEÓN;1
CALLE;DE;LEON BONNAT;LEÓN BONNAT;4
CALLE;DE;LEON FELIPE;LEÓN FELIPE;13
CALLE;DE;LEON GIL DE PALACIO;LEÓN GIL DE PALACIO;3
CALLE;DE;LEON PINELO;LEÓN PINELO;10
CALLE;DE;LEON V DE ARMENIA;LEÓN V DE ARMENIA;10
CALLE;DE;LEONARDO PRIETO CASTRO;LEONARDO PRIETO CASTRO;9
CALLE;DE;LEONCIO BAUTISTA;LEONCIO BAUTISTA;11
CALLE;DE LOS;LEONESES;LEONESES;13
CALLE;DE;LEONOR DE AUSTRIA;LEONOR DE AUSTRIA;16
CALLE;DE;LEONOR DE LA VEGA;LEONOR DE LA VEGA;2
CALLE;DE;LEONOR GONGORA;LEONOR GÓNGORA;17
CALLE;DE;LEONOR GONZALEZ;LEONOR GONZÁLEZ;13
CALLE;DE;LEONOR LOPEZ DE CORDOBA;LEONOR LÓPEZ DE CÓRDOBA;8
CALLE;DE;LEOPOLDO ALAS CLARIN;LEOPOLDO ALAS CLARÍN;8
CALLE;DE;LEOPOLDO CALVO SOTELO;LEOPOLDO CALVO SOTELO;18
CALLE;DE;LEOPOLDO CALVO SOTELO;LEOPOLDO CALVO SOTELO;19
GLORIETA;DE;LEOPOLDO TORRES BALBAS;LEOPOLDO TORRES BALBÁS;21
CALLE;DE;LEOVIGILDO;LEOVIGILDO;11
CALLE;DE;LEPANTO;LEPANTO;1
CALLE;DE;LEQUEITIO;LEQUEITIO;9
CALLE;DEL;LEREZ;LÉREZ;5
CALLE;DE;LERIDA;LÉRIDA;6
CALLE;DE;LERIDA;LÉRIDA;6
CALLE;DE;LESACA;LESACA;12
PLAZUELA;DE;LESYA UKRAINKA;LESYA UKRAINKA;16
PLAZA;DE LAS;LETRAS;LETRAS;1
CALLE;DE LAS;LETRILLAS;LETRILLAS;20
AVENIDA;DEL;LEVANTE;LEVANTE;5
CALLE;DEL;LEVANTE;LEVANTE;5
CALLE;DE;LEZAMA;LEZAMA;8
CALLE;DE;LEZO;LEZO;17
CALLE;DE LA;LIBERACION;LIBERACIÓN;16
CALLE;DE LA;LIBERTAD;LIBERTAD;1
CALLE;DE;LIBRA;LIBRA;9
CALLE;DE LOS;LIBREROS;LIBREROS;1
CALLE;DEL;LICENCIADO VIDRIERA;LICENCIADO VIDRIERA;13
CALLE;DEL;LICEO;LICEO;16
PLAZA;DEL;LICEO;LICEO;16
PLAZA;DEL;LICEO;LICEO;16
CALLE;DEL;LIDO;LIDO;16
CALLE;DE LA;LIEBRE;LIEBRE;16
CALLE;DEL;LIGNITO;LIGNITO;17
CALLE;DE;LIGONDE;LIGONDE;8
CALLE;DE LA;LIGULA;LÍGULA;5
CALLE;DE LAS;LILAS;LILAS;5
CALLE;DE;LILI ALVAREZ;LILÍ ÁLVAREZ;8
CALLE;DE;LILI ALVAREZ;LILÍ ÁLVAREZ;8
CALLE;DE;LILI ALVAREZ;LILÍ ÁLVAREZ;8
CALLE;DE;LILLO;LILLO;17
PLAZA;DE;LIMA;LIMA;5
PLAZA;DE;LIMA;LIMA;5
PLAZA;DE;LIMA;LIMA;6
CALLE;DEL;LIMON;LIMÓN;1
CALLE;DEL;LIMONERO;LIMONERO;6
CALLE;DE LA;LIMONITA;LIMONITA;17
PLAZUELA;DE;LINA MORGAN;LINA MORGAN;1
CALLE;DE;LINARES;LINARES;11
PASAJE;DEL;LINCE;LINCE;3
CALLE;DE;LINNEO;LINNEO;2
CALLE;DEL;LINO;LINO;6
CALLE;DE LA;LIRA;LIRA;3
CALLE;DE LOS;LIRIOS;LIRIOS;5
CALLE;DE;LISBOA;LISBOA;9
CALLE;DE;LITAGO;LITAGO;17
CALLE;DEL;LITIO;LITIO;2
CALLE;DE;LITOS;LITOS;17
CALLE;DE;LITUANIA;LITUANIA;14
CALLE;DE;LIVERPOOL;LIVERPOOL;20
CALLE;DE;LLANES;LLANES;20
AVENIDA;DEL;LLANO CASTELLANO;LLANO CASTELLANO;8
AVENIDA;DEL;LLANO CASTELLANO;LLANO CASTELLANO;8
CALLE;DE LOS;LLANOS DE ESCUDERO;LLANOS DE ESCUDERO;15
CALLE;DE;LLANSA;LLANSA;13
CALLE;DE;LLODIO;LLODIO;8
CAMINO;DE LOS;LOBEROS;LOBEROS;8
CALLE;DE;LODOSA;LODOSA;12
CALLE;DE;LOECHES;LOECHES;9
AVENIDA;DE;LOGROÑO;LOGROÑO;8
AVENIDA;DE;LOGROÑO;LOGROÑO;16
AVENIDA;DE;LOGROÑO;LOGROÑO;21
AVENIDA;DE;LOGROÑO;LOGROÑO;21
AVENIDA;DE;LOGROÑO;LOGROÑO;21
AVENIDA;DE;LOGROÑO;LOGROÑO;21
AVENIDA;DE;LOGROÑO;LOGROÑO;21
CALLE;DE;LOGROSAN;LOGROSÁN;10
CALLE;DE;LOJA;LOJA;12
CALLE;DE;LOLA FLORES;LOLA FLORES;20
CALLE;DE;LOLA MEMBRIVES;LOLA MEMBRIVES;11
CALLE;DE LA;LOMA;LOMA;7
CALLE;DE LA;LOMA DE LOS BAILANDEROS;LOMA DE LOS BAILANDEROS;9
CALLE;DE LAS;LOMAS DE HORCAJO;LOMAS DE HORCAJO;13
CALLE;DE;LOMBIA;LOMBÍA;4
CALLE;DE;LONDRES;LONDRES;4
CALLE;DE;LONGARES;LONGARES;20
TRAVESÍA;DE;LONGARES;LONGARES;20
CALLE;DE LA;LONJA DE LA SEDA;LONJA DE LA SEDA;11
CALLE;DE;LOPE DE HARO;LOPE DE HARO;6
CALLE;DE;LOPE DE RUEDA;LOPE DE RUEDA;3
CALLE;DE;LOPE DE RUEDA;LOPE DE RUEDA;4
CALLE;DE;LOPE DE VEGA;LOPE DE VEGA;1
CALLE;DE;LOPEZ DE ARANDA;LÓPEZ DE ARANDA;15
CALLE;DE;LOPEZ DE ARANDA;LÓPEZ DE ARANDA;15
CALLE;DE;LOPEZ DE ARANDA;LÓPEZ DE ARANDA;20
TRAVESÍA;DE;LOPEZ DE ARANDA;LÓPEZ DE ARANDA;20
CALLE;DE;LOPEZ DE HOYOS;LÓPEZ DE HOYOS;4
CALLE;DE;LOPEZ DE HOYOS;LÓPEZ DE HOYOS;5
CALLE;DE;LOPEZ DE HOYOS;LÓPEZ DE HOYOS;5
CALLE;DE;LOPEZ DE HOYOS;LÓPEZ DE HOYOS;5
CALLE;DE;LOPEZ DE HOYOS;LÓPEZ DE HOYOS;5
CALLE;DE;LOPEZ DE HOYOS;LÓPEZ DE HOYOS;15
CALLE;DE;LOPEZ DE HOYOS;LÓPEZ DE HOYOS;16
CALLE;DE;LOPEZ DE HOYOS;LÓPEZ DE HOYOS;16
GLORIETA;DE;LOPEZ DE HOYOS;LÓPEZ DE HOYOS;5
PLAZA;DE;LOPEZ DE LA PLATA;LÓPEZ DE LA PLATA;16
CALLE;DE;LOPEZ GRASS;LÓPEZ GRASS;13
CALLE;DE;LOPEZ MEZQUIA;LÓPEZ MEZQUÍA;11
CALLE;DE;LOPEZ PUIGCERVER;LÓPEZ PUIGCERVER;9
CALLE;DE;LOPEZ RECUERO;LÓPEZ RECUERO;13
CALLE;DE;LOPEZ SILVA;LÓPEZ SILVA;1
CALLE;DE;LORCA;LORCA;16
CALLE;DE;LORENZA CORREA;LORENZA CORREA;6
CALLE;DE;LORENZANA;LORENZANA;6
CALLE;DE;LORENZO GONZALEZ;LORENZO GONZÁLEZ;15
CALLE;DE;LORENZO SAN NICOLAS;LORENZO SAN NICOLÁS;15
CALLE;DE;LORENZO SOLANO TENDERO;LORENZO SOLANO TENDERO;15
CALLE;DE;LORETO Y CHICOTE;LORETO Y CHICOTE;1
CALLE;DE;LORIGA;LÓRIGA;5
PASAJE;DE;LORIGA;LÓRIGA;5
CALLE;DE;LOS ARFE;LOS ARFE;15
CALLE;DE;LOS BARROS;LOS BARROS;13
GLORIETA;DE;LOS CARMENES;LOS CÁRMENES;10
GLORIETA;DE;LOS CARMENES;LOS CÁRMENES;10
GLORIETA;DE;LOS CARMENES;LOS CÁRMENES;10
CALLE;DE;LOS CAVILAS;LOS CAVILAS;19
CALLE;DE;LOS EMIGRANTES;LOS EMIGRANTES;16
CALLE;DE;LOS ENCIERROS;LOS ENCIERROS;12
CALLE;DE;LOS GALEOTE;LOS GALEOTE;19
CALLE;DE;LOS GUARAMILLOS;LOS GUARAMILLOS;5
CALLE;DE;LOS LLANOS;LOS LLANOS;17
CALLE;DE;LOS MADRAZO;LOS MADRAZO;1
CALLE;DE;LOS MESEJO;LOS MESEJO;3
CALLE;DE;LOS MOLINOS;LOS MOLINOS;6
CALLE;DE;LOS NAVALMORALES;LOS NAVALMORALES;11
TRAVESÍA;DE;LOS NUEVE;LOS NUEVE;6
CALLE;DE;LOS PEÑASCALES;LOS PEÑASCALES;4
CALLE;DE;LOS PILARES;LOS PILARES;21
PLAZA;DE;LOS PILARES;LOS PILARES;21
CALLE;DE;LOS REALEJOS;LOS REALEJOS;15
CALLE;DE;LOS RODEOS;LOS RODEOS;10
AVENIDA;DE;LOS ROSALES;LOS ROSALES;12
AVENIDA;DE;LOS ROSALES;LOS ROSALES;12
AVENIDA;DE;LOS ROSALES;LOS ROSALES;17
AVENIDA;DE;LOS ROSALES;LOS ROSALES;17
AVENIDA;DE;LOS ROSALES;LOS ROSALES;18
PLAZA;DE;LOS SANTOS DE LA HUMOSA;LOS SANTOS DE LA HUMOSA;16
CALLE;DE;LOS SANTOS INOCENTES;LOS SANTOS INOCENTES;13
CALLE;DE;LOS SILOS;LOS SILOS;15
CALLE;DE;LOS URQUIZA;LOS URQUIZA;15
CALLE;DE;LOS YEBENES;LOS YÉBENES;10
CALLE;DE;LOS YEBENES;LOS YÉBENES;10
CALLE;DEL;LOTO;LOTO;6
CALLE;DE;LOURDES;LOURDES;8
CALLE;DE;LOYOLA;LOYOLA;12
CALLE;DE LA;LOZA;LOZA;20
CALLE;DE;LOZANO;LOZANO;13
GLORIETA;DE;LOZARES;LOZARES;17
CALLE;DEL;LOZOYA;LOZOYA;7
CALLE;DE;LOZOYUELA;LOZOYUELA;4
CALLE;DE;LUBIAN;LUBIÁN;17
PLAZA;DE;LUCA DE TENA;LUCA DE TENA;2
CALLE;DE;LUCANO;LUCANO;20
CALLE;DE;LUCAS MALLADA;LUCAS MALLADA;20
PLAZA;DE;LUCENA;LUCENA;10
CALLE;DEL;LUCERO;LUCERO;10
PASAJE;DEL;LUCERO;LUCERO;10
CALLE;DE;LUCES DE BOHEMIA;LUCES DE BOHEMIA;13
CALLE;DE;LUCHANA;LUCHANA;7
CALLE;DE;LUCIENTE;LUCIENTE;1
CALLE;DE;LUCIO DEL VALLE;LUCIO DEL VALLE;7
GLORIETA;DE;LUCRECIA PEREZ MATOS;LUCRECIA PÉREZ MATOS;9
CALLE;DE;LUGO;LUGO;10
CALLE;DE;LUIS ADARO;LUIS ADARO;4
AVENIDA;DE;LUIS ARAGONES;LUIS ARAGONÉS;20
AVENIDA;DE;LUIS ARAGONES;LUIS ARAGONÉS;20
GLORIETA;DE;LUIS BLANCO SOLER;LUIS BLANCO SOLER;21
CALLE;DE;LUIS BUITRAGO;LUIS BUITRAGO;16
CALLE;DE;LUIS BUÑUEL;LUIS BUÑUEL;13
CALLE;DE;LUIS CABRERA;LUIS CABRERA;5
CALLE;DE;LUIS CALVO;LUIS CALVO;4
CALLE;DE;LUIS CAMOENS;LUIS CAMOENS;3
CALLE;DE;LUIS CARANDELL;LUIS CARANDELL;4
CALLE;DE;LUIS CARLOS VAZQUEZ;LUIS CARLOS VÁZQUEZ;15
CALLE;DE;LUIS CERNUDA;LUIS CERNUDA;15
CALLE;DE;LUIS CHAMIZO;LUIS CHAMIZO;10
CALLE;DE;LUIS CLAUDIO;LUIS CLAUDIO;10
CALLE;DE;LUIS CLAUDIO;LUIS CLAUDIO;11
GLORIETA;DE;LUIS CUBILLO;LUIS CUBILLO;16
CALLE;DE;LUIS DE GONGORA;LUIS DE GÓNGORA;1
CALLE;DE;LUIS DE HOYOS SAINZ;LUIS DE HOYOS SAINZ;14
CALLE;DE;LUIS DE HOYOS SAINZ;LUIS DE HOYOS SAINZ;14
CALLE;DE;LUIS DE HOYOS SAINZ;LUIS DE HOYOS SAINZ;14
CALLE;DE;LUIS DE HOYOS SAINZ;LUIS DE HOYOS SAINZ;14
CALLE;DE;LUIS DE LA FUENTE;LUIS DE LA FUENTE;18
CALLE;DE;LUIS DE LA MATA;LUIS DE LA MATA;16
CALLE;DE;LUIS DE LA TORRE;LUIS DE LA TORRE;12
CALLE;DEL;LUIS DE ORO;LUIS DE ORO;11
CALLE;DE;LUIS DE SALAZAR;LUIS DE SALAZAR;5
CALLE;DE;LUIS DE ZULUETA;LUIS DE ZULUETA;11
CALLE;DE;LUIS DE ZULUETA;LUIS DE ZULUETA;11
CALLE;DE;LUIS DEL CAMPO;LUIS DEL CAMPO;15
CALLE;DE;LUIS DIAZ COBEÑA;LUIS DÍAZ COBEÑA;4
CALLE;DE;LUIS DOMINGO;LUIS DOMINGO;11
CALLE;DE;LUIS ESTEBAN;LUIS ESTEBAN;6
CALLE;DE;LUIS FEITO;LUIS FEITO;10
GLORIETA;DE;LUIS GARCIA BERLANGA;LUIS GARCÍA BERLANGA;16
CALLE;DE;LUIS GOMEZ;LUIS GÓMEZ;11
CALLE;DE;LUIS I;LUIS I;18
CALLE;DE;LUIS JIMENEZ DE ASUA;LUIS JIMÉNEZ DE ASÚA;16
GLORIETA;DE;LUIS LACASA;LUIS LACASA;16
CALLE;DE;LUIS LARRAINZA;LUIS LARRAÍNZA;5
CALLE;DE;LUIS LOPEZ;LUIS LÓPEZ;13
CALLE;DE;LUIS MARIN;LUIS MARÍN;13
CALLE;DE;LUIS MARTINEZ FEDUCHI;LUIS MARTÍNEZ FEDUCHI;16
CALLE;DE;LUIS MISSON;LUIS MISSÓN;6
CALLE;DE;LUIS MITJANS;LUIS MITJANS;3
CALLE;DE;LUIS MOYA BLANCO;LUIS MOYA BLANCO;16
CALLE;DE;LUIS MURIEL;LUIS MURIEL;5
CALLE;DE;LUIS OCAÑA;LUIS OCAÑA;19
CALLE;DE;LUIS PANDO;LUIS PANDO;10
CALLE;DE;LUIS PARET;LUIS PARET;2
CALLE;DE;LUIS PEIDRO;LUIS PEIDRÓ;3
CALLE;DE;LUIS PERNAS;LUIS PERNAS;9
CALLE;DE;LUIS PIERNAS;LUIS PIERNAS;15
CALLE;DE;LUIS PORTONES;LUIS PORTONES;6
GLORIETA;DE;LUIS ROSALES;LUIS ROSALES;16
GLORIETA;DE;LUIS ROSALES;LUIS ROSALES;16
CALLE;DE;LUIS RUIZ;LUIS RUIZ;15
CALLE;DE;LUIS SANCHEZ POLACK TIP;LUIS SÁNCHEZ POLACK TIP;20
CALLE;DE;LUIS SANCHEZ ZORRILLA;LUIS SÁNCHEZ ZORRILLA;20
CALLE;DE;LUIS USERA;LUIS USERA;12
CALLE;DE;LUIS VELEZ DE GUEVARA;LUIS VÉLEZ DE GUEVARA;1
CALLE;DE;LUIS VILLA;LUIS VILLA;4
GLORIETA;DE;LUIS VILLALVILLA;LUIS VILLALVILLA;18
CALLE;DE;LUIS VIVES;LUIS VIVES;5
CALLE;DE;LUISA ANDRES;LUISA ANDRÉS;9
CALLE;DE;LUISA DE CARVAJAL;LUISA DE CARVAJAL;20
CALLE;DE;LUISA FERNANDA;LUISA FERNANDA;9
CALLE;DE;LUISA MUÑOZ;LUISA MUÑOZ;11
CALLE;DE;LUISA MURIEL;LUISA MURIEL;10
CALLE;DE;LUMBRALES;LUMBRALES;18
CALLE;DE;LUMBRALES;LUMBRALES;18
CALLE;DE;LUMBRERAS;LUMBRERAS;19
CALLE;DE LA;LUNA;LUNA;1
CALLE;DE;LURUACO;LURUACO;16
CALLE;DE;LUSCINDA;LUSCINDA;8
CALLE;DE;LUVA;LUVA;15
GLORIETA;DE;LUXEMBURGO;LUXEMBURGO;21
CALLEJÓN;DE LA;LUZ;LUZ;8
CALLE;DE;LUZ CASANOVA;LUZ CASANOVA;9
CALLE;DE;LUZMELA;LUZMELA;13
CALLE;DE;LYON;LYON;14
CALLE;DE;LYON;LYON;14
AUTOVÍA;;M-11;M-11;15
AUTOVÍA;;M-11;M-11;16
AUTOVÍA;;M-11;M-11;16
AUTOVÍA;;M-11;M-11;21
AUTOVÍA;;M-11;M-11;21
AUTOVÍA;;M-11;M-11;21
CARRETERA;;M-110;M-110;21
CARRETERA;;M-111;M-111;21
AUTOVÍA;;M-12;M-12;16
AUTOVÍA;;M-12;M-12;16
AUTOVÍA;;M-12;M-12;18
AUTOVÍA;;M-12;M-12;21
AUTOVÍA;;M-12;M-12;21
AUTOVÍA;;M-12;M-12;21
AUTOVÍA;;M-13;M-13;21
AUTOVÍA;;M-13;M-13;21
AUTOVÍA;;M-14;M-14;20
AUTOVÍA;;M-14;M-14;20
AUTOVÍA;;M-14;M-14;21
AUTOVÍA;;M-14;M-14;21
CARRETERA;;M-203;M-203;19
AUTOVÍA;;M-21;M-21;20
AUTOVÍA;;M-21;M-21;20
AUTOVÍA;;M-22;M-22;20
AUTOVÍA;;M-22;M-22;21
AUTOVÍA;;M-30;M-30;1
AUTOVÍA;;M-30;M-30;2
AUTOVÍA;;M-30;M-30;2
AUTOVÍA;;M-30;M-30;2
AUTOVÍA;;M-30;M-30;2
AUTOVÍA;;M-30;M-30;2
AUTOVÍA;;M-30;M-30;3
AUTOVÍA;;M-30;M-30;3
AUTOVÍA;;M-30;M-30;4
AUTOVÍA;;M-30;M-30;4
AUTOVÍA;;M-30;M-30;5
AUTOVÍA;;M-30;M-30;5
AUTOVÍA;;M-30;M-30;5
AUTOVÍA;;M-30;M-30;5
AUTOVÍA;;M-30;M-30;6
AUTOVÍA;;M-30;M-30;8
AUTOVÍA;;M-30;M-30;8
AUTOVÍA;;M-30;M-30;8
AUTOVÍA;;M-30;M-30;8
AUTOVÍA;;M-30;M-30;8
AUTOVÍA;;M-30;M-30;9
AUTOVÍA;;M-30;M-30;9
AUTOVÍA;;M-30;M-30;9
AUTOVÍA;;M-30;M-30;9
AUTOVÍA;;M-30;M-30;9
AUTOVÍA;;M-30;M-30;10
AUTOVÍA;;M-30;M-30;10
AUTOVÍA;;M-30;M-30;11
AUTOVÍA;;M-30;M-30;11
AUTOVÍA;;M-30;M-30;12
AUTOVÍA;;M-30;M-30;12
AUTOVÍA;;M-30;M-30;12
AUTOVÍA;;M-30;M-30;12
AUTOVÍA;;M-30;M-30;13
AUTOVÍA;;M-30;M-30;13
AUTOVÍA;;M-30;M-30;13
AUTOVÍA;;M-30;M-30;14
AUTOVÍA;;M-30;M-30;14
AUTOVÍA;;M-30;M-30;15
AUTOVÍA;;M-30;M-30;15
AUTOVÍA;;M-30;M-30;15
AUTOVÍA;;M-30;M-30;15
AUTOVÍA;;M-30;M-30;15
AUTOVÍA;;M-30;M-30;15
AUTOVÍA;;M-30;M-30;15
AUTOVÍA;;M-30;M-30;16
AUTOVÍA;;M-30;M-30;16
CARRETERA;;M-301;M-301;17
CARRETERA;;M-31;M-31;18
AUTOVÍA;;M-40;M-40;8
AUTOVÍA;;M-40;M-40;8
AUTOVÍA;;M-40;M-40;8
AUTOVÍA;;M-40;M-40;8
AUTOVÍA;;M-40;M-40;8
AUTOVÍA;;M-40;M-40;9
AUTOVÍA;;M-40;M-40;9
AUTOVÍA;;M-40;M-40;9
AUTOVÍA;;M-40;M-40;9
AUTOVÍA;;M-40;M-40;10
AUTOVÍA;;M-40;M-40;10
AUTOVÍA;;M-40;M-40;11
AUTOVÍA;;M-40;M-40;12
AUTOVÍA;;M-40;M-40;12
AUTOVÍA;;M-40;M-40;12
AUTOVÍA;;M-40;M-40;13
AUTOVÍA;;M-40;M-40;13
AUTOVÍA;;M-40;M-40;14
AUTOVÍA;;M-40;M-40;14
AUTOVÍA;;M-40;M-40;15
AUTOVÍA;;M-40;M-40;16
AUTOVÍA;;M-40;M-40;16
AUTOVÍA;;M-40;M-40;16
AUTOVÍA;;M-40;M-40;16
AUTOVÍA;;M-40;M-40;16
AUTOVÍA;;M-40;M-40;17
AUTOVÍA;;M-40;M-40;17
AUTOVÍA;;M-40;M-40;17
AUTOVÍA;;M-40;M-40;17
AUTOVÍA;;M-40;M-40;18
AUTOVÍA;;M-40;M-40;18
AUTOVÍA;;M-40;M-40;19
AUTOVÍA;;M-40;M-40;19
AUTOVÍA;;M-40;M-40;20
AUTOVÍA;;M-40;M-40;20
AUTOVÍA;;M-40;M-40;20
AUTOVÍA;;M-40;M-40;21
AUTOVÍA;;M-40;M-40;21
CARRETERA;;M-403;M-403;17
AUTOVÍA;;M-45;M-45;11
AUTOVÍA;;M-45;M-45;17
AUTOVÍA;;M-45;M-45;17
AUTOVÍA;;M-45;M-45;18
AUTOVÍA;;M-45;M-45;18
AUTOVÍA;;M-45;M-45;18
AUTOVÍA;;M-45;M-45;19
AUTOVÍA;;M-45;M-45;19
AUTOVÍA;;M-50;M-50;18
AUTOVÍA;;M-50;M-50;19
AUTOVÍA;;M-500;M-500;9
AUTOVÍA;;M-500;M-500;9
AUTOVÍA;;M-500;M-500;9
AUTOVÍA;;M-502;M-502;10
AUTOVÍA;;M-502;M-502;10
AUTOVÍA;;M-503;M-503;9
AUTOVÍA;;M-503;M-503;9
AUTOVÍA;;M-503;M-503;9
AUTOVÍA;;M-607;M-607;8
AUTOVÍA;;M-607;M-607;8
AUTOVÍA;;M-607;M-607;8
AUTOVÍA;;M-607;M-607;8
AUTOVÍA;;M-607;M-607;8
CARRETERA;;M-612;M-612;8
CARRETERA;;M-612;M-612;8
CARRETERA;;M-612;M-612;8
CARRETERA;;M-616;M-616;8
CALLE;DE LA;MACARENA;MACARENA;5
CALLE;DE;MACARIO BARJA;MACARIO BARJA;13
TRAVESÍA;DE;MACARIO BARJA;MACARIO BARJA;13
CALLE;DE;MACHAQUITO;MACHAQUITO;16
AVENIDA;DE;MACHUPICHU;MACHUPICHU;16
AVENIDA;DE;MACHUPICHU;MACHUPICHU;16
CALLE;DEL;MACUAJE;MACUAJE;16
CALLE;DE;MADARCOS;MADARCOS;16
CALLE;DE;MADARCOS;MADARCOS;16
CALLE;DE LA;MADERA;MADERA;1
CALLE;DE;MADERUELO;MADERUELO;8
CALLE;DE LA;MADRE ANTONIA PARIS;MADRE ANTONIA PARÍS;15
CALLE;DE LA;MADRE CANDIDA MARIA DE JESUS;MADRE CÁNDIDA MARÍA DE JESÚS;12
CALLE;DE LA;MADRE CARMEN DEL NIÑO JESUS;MADRE CARMEN DEL NIÑO JESÚS;5
CALLE;DE LA;MADRE CELESTE;MADRE CELESTE;11
CALLE;DE LA;MADRE DE DIOS;MADRE DE DIOS;5
PLAZA;DE LA;MADRE ISABEL LARRAÑAGA;MADRE ISABEL LARRAÑAGA;17
PLAZA;DE LA;MADRE MARIA ANA MOGAS;MADRE MARÍA ANA MOGAS;8
PLAZA;DE LA;MADRE MOLAS;MADRE MOLAS;5
CALLE;DE LA;MADRE NAZARIA;MADRE NAZARIA;11
CALLE;DE LA;MADRE ROSA BLANCO;MADRE ROSA BLANCO;12
CALLE;DE LA;MADRE TERESA DE CALCUTA;MADRE TERESA DE CALCUTA;8
CALLE;DE LA;MADRE TERESA DE CALCUTA;MADRE TERESA DE CALCUTA;8
CALLE;DE LAS;MADRES DE LA PLAZA DE MAYO;MADRES DE LA PLAZA DE MAYO;15
CALLE;DE LA;MADRESELVA;MADRESELVA;5
CALLE;DE;MADRID;MADRID;1
CARRETERA;DE;MADRID A LA SIERRA;MADRID A LA SIERRA;8
CARRETERA;DE;MADRID A RIVAS DEL JARAMA;MADRID A RIVAS DEL JARAMA;8
CARRETERA;DE;MADRID A RIVAS DEL JARAMA;MADRID A RIVAS DEL JARAMA;18
CARRETERA;DE;MADRID A RIVAS DEL JARAMA;MADRID A RIVAS DEL JARAMA;19
AVENIDA;DE;MADRID MERCAMADRID;MADRID MERCAMADRID;18
CALLE;DE;MADRIDEJOS;MADRIDEJOS;12
CALLE;DE;MADRIDEJOS;MADRIDEJOS;12
CALLE;DE;MADRIGAL;MADRIGAL;9
CALLE;DE;MADRIGAL DE LA VERA;MADRIGAL DE LA VERA;10
AVENIDA;DE LOS;MADROÑOS;MADROÑOS;16
CALLE;DE;MAESE NICOLAS;MAESE NICOLÁS;13
CALLE;DE;MAESTRA DOLORES MARCO;MAESTRA DOLORES MARCO;16
CALLE;DE LA;MAESTRA FELISA LOZANO;MAESTRA FELISA LOZANO;16
PASEO;DE LA;MAESTRA MARIA SANCHEZ ARBOS;MAESTRA MARÍA SÁNCHEZ ARBÓS;9
CALLE;DEL;MAESTRO ALONSO;MAESTRO ALONSO;4
CALLE;DEL;MAESTRO ANGEL LLORCA;MAESTRO ÁNGEL LLORCA;7
CALLE;DEL;MAESTRO ARBOS;MAESTRO ARBÓS;2
CALLE;DEL;MAESTRO CHAPI;MAESTRO CHAPÍ;5
CALLE;DEL;MAESTRO GARCIA NAVARRO;MAESTRO GARCÍA NAVARRO;18
CALLE;DEL;MAESTRO GUERRERO;MAESTRO GUERRERO;1
PLAZA;DEL;MAESTRO GUILLE SOTILLOS;MAESTRO GUILLE SOTILLOS;11
CALLE;DEL;MAESTRO GURIDI;MAESTRO GURIDI;15
CALLE;DEL;MAESTRO LASSALLE;MAESTRO LASSALLE;5
CALLE;DEL;MAESTRO NAVAS;MAESTRO NAVAS;10
CALLE;DEL;MAESTRO RIPOLL;MAESTRO RIPOLL;5
CALLE;DEL;MAESTRO SOROZABAL;MAESTRO SOROZÁBAL;9
CALLE;DEL;MAESTRO TELLERIA;MAESTRO TELLERÍA;1
CALLE;DEL;MAESTRO VICTORIA;MAESTRO VICTORIA;1
CALLE;DEL;MAESTRO VILLA;MAESTRO VILLA;1
PLAZA;DEL;MAESTRO VILLA;MAESTRO VILLA;3
CALLE;DEL;MAESTRO VIVES;MAESTRO VIVES;4
PASAJE;DE LOS;MAESTROS LADRILLEROS;MAESTROS LADRILLEROS;6
CALLE;DE;MAGACELA;MAGACELA;12
CALLE;DE;MAGALLANES;MAGALLANES;7
CALLEJÓN;DE;MAGALLANES;MAGALLANES;7
CALLE;DE;MAGALLON;MAGALLÓN;10
PLAZA;DE;MAGALLON;MAGALLÓN;10
CALLE;DE;MAGANGUE;MAGANGUE;16
CALLE;DE LA;MAGDALENA;MAGDALENA;1
CALLE;DE LA;MAGDALENA;MAGDALENA;3
CAMINO;DE LA;MAGDALENA;MAGDALENA;18
CALLE;DE;MAGDALENA DIAZ;MAGDALENA DÍAZ;9
CALLE;DE;MAGDALENA DIEZ;MAGDALENA DÍEZ;6
CALLE;DE;MAGIN CALVO;MAGÍN CALVO;10
CALLE;DE LA;MAGNESIA;MAGNESIA;17
CALLE;DE LAS;MAGNOLIAS;MAGNOLIAS;6
CALLE;DE LAS;MAGNOLIAS;MAGNOLIAS;8
CALLE;DE LA;MAHONIA;MAHONIA;16
CALLE;DE;MAICARA;MAICARA;19
CALLE;DE;MAIQUEZ;MÁIQUEZ;3
CALLE;DE;MAIQUEZ;MÁIQUEZ;4
CALLE;DEL;MAIZ;MAÍZ;12
CALLE;DEL;MAJUELO;MAJUELO;2
CALLE;DE;MALAGA;MÁLAGA;7
GLORIETA;DE;MALAGA;MÁLAGA;12
CALLE;DE;MALAGON;MALAGÓN;16
CALLE;DEL;MALAGOSTO;MALAGOSTO;5
CALLE;DE LA;MALAQUITA;MALAQUITA;9
CALLE;DE;MALCAMPO;MALCAMPO;5
CALLE;DE LAS;MALDONADAS;MALDONADAS;1
CALLE;DE;MALDONADO;MALDONADO;4
CALLE;DE;MALDONADO;MALDONADO;4
CAMINO;DEL;MALECON;MALECÓN;18
CALLE;DE;MALGRAT DE MAR;MALGRAT DE MAR;13
PLAZA;DE LA;MALICIOSA;MALICIOSA;15
CALLE;DE;MALINCHE;MALINCHE;16
CALLE;DE;MALLORCA;MALLORCA;1
CALLE;DE;MALMOE;MALMOE;15
CALLE;DE;MALPICA DE TAJO;MALPICA DE TAJO;18
CALLE;DE;MALVALOCA;MALVALOCA;9
CALLE;DE;MAMERTO LOPEZ;MAMERTO LÓPEZ;12
CALLE;DE;MAMERTO LOPEZ;MAMERTO LÓPEZ;12
CALLE;DE;MAMOLAR;MAMOLAR;8
CALLE;DE LA;MAMPOSTERIA;MAMPOSTERÍA;20
CALLE;DEL;MANANTIAL;MANANTIAL;9
CALLE;DE LOS;MANANTIALES;MANANTIALES;19
CALLE;DEL;MANATI;MANATÍ;16
CALLE;DE LOS;MANCEBOS;MANCEBOS;1
CALLE;DE LA;MANCHA;MANCHA;13
CALLE;DE LOS;MANCHEGOS;MANCHEGOS;6
CALLE;DE;MANCHESTER;MANCHESTER;20
CALLE;DEL;MANCO DE LEPANTO;MANCO DE LEPANTO;13
CALLE;DE LA;MANDARINA;MANDARINA;15
CALLE;DEL;MANGANESO;MANGANESO;17
PASAJE;DE;MANGIRON;MANGIRÓN;5
CALLE;DE;MANIPA;MANIPA;15
CALLE;DE;MANISES;MANISES;10
CALLE;DE;MANIZALES;MANIZALES;16
CALLE;DE;MANOLA Y ROSARIO;MANOLA Y ROSARIO;17
PLAZA;DE;MANOLETE;MANOLETE;6
AVENIDA;DE;MANOTERAS;MANOTERAS;16
AVENIDA;DE;MANOTERAS;MANOTERAS;16
CALLE;DE;MANRESA;MANRESA;8
CALLE;DE;MANSILLA;MANSILLA;8
CALLE;DE;MANTUANO;MANTUANO;5
CALLE;DE;MANUEL;MANUEL;1
CALLE;DE;MANUEL AGUILAR MUÑOZ;MANUEL AGUILAR MUÑOZ;21
CALLE;DE;MANUEL ALEIXANDRE;MANUEL ALEIXANDRE;2
GLORIETA;DE;MANUEL ALEXANDRE;MANUEL ALEXANDRE;16
GLORIETA;DE;MANUEL ALEXANDRE;MANUEL ALEXANDRE;21
CALLE;DE;MANUEL ALONSO;MANUEL ALONSO;8
CALLE;DE;MANUEL ALTOLAGUIRRE;MANUEL ALTOLAGUIRRE;16
CALLE;DE;MANUEL ALVAREZ;MANUEL ÁLVAREZ;11
CALLE;DE;MANUEL ARRANZ;MANUEL ARRANZ;13
CALLE;DE;MANUEL AZAÑA;MANUEL AZAÑA;8
CALLE;DE;MANUEL AZAÑA;MANUEL AZAÑA;15
CALLE;DE;MANUEL AZAÑA;MANUEL AZAÑA;16
CALLE;DE;MANUEL AZAÑA;MANUEL AZAÑA;16
CALLE;DE;MANUEL AZAÑA;MANUEL AZAÑA;16
CALLE;DE;MANUEL AZAÑA;MANUEL AZAÑA;16
CALLE;DE;MANUEL AZAÑA;MANUEL AZAÑA;16
CALLE;DE;MANUEL AZAÑA;MANUEL AZAÑA;16
CALLE;DE;MANUEL AZAÑA;MANUEL AZAÑA;20
CALLE;DE;MANUEL AZAÑA;MANUEL AZAÑA;21
CALLE;DE;MANUEL BADIA;MANUEL BADÍA;13
CALLE;DE;MANUEL BARTOLOME COSSIO;MANUEL BARTOLOMÉ COSSÍO;9
PLAZA;DE;MANUEL BECERRA;MANUEL BECERRA;4
PLAZA;DE;MANUEL BECERRA;MANUEL BECERRA;4
PLAZA;DE;MANUEL BECERRA;MANUEL BECERRA;4
CALLE;DE;MANUEL BENEDITO;MANUEL BENEDITO;5
CALLE;DE;MANUEL CALDEIRO;MANUEL CALDEIRO;5
CALLE;DE;MANUEL CANALES;MANUEL CANALES;11
CALLE;DE;MANUEL CANO;MANUEL CANO;18
CALLE;DE;MANUEL CARMONA;MANUEL CARMONA;11
CALLE;DE;MANUEL CAVERO;MANUEL CAVERO;15
CALLE;DE;MANUEL CHAVES NOGALES;MANUEL CHAVES NOGALES;16
CALLE;DE;MANUEL COMIN;MANUEL COMÍN;16
CALLE;DE;MANUEL CORTINA;MANUEL CORTINA;7
CALLE;DE;MANUEL DE BOFARULL;MANUEL DE BOFARULL;10
CALLE;DE;MANUEL DE FALLA;MANUEL DE FALLA;5
PLAZA;DE;MANUEL DE LA QUINTANA;MANUEL DE LA QUINTANA;14
CALLE;DE;MANUEL DEL VALLE;MANUEL DEL VALLE;15
PLAZA;DE;MANUEL ESCOBAR;MANUEL ESCOBAR;20
CALLE;DE;MANUEL FERNANDEZ CABALLERO;MANUEL FERNÁNDEZ CABALLERO;11
CALLE;DE;MANUEL FERNANDEZ Y GONZALEZ;MANUEL FERNÁNDEZ Y GONZÁLEZ;1
CALLE;DE;MANUEL FERRERO;MANUEL FERRERO;5
AVENIDA;DE;MANUEL FRAGA IRIBARNE;MANUEL FRAGA IRIBARNE;16
AVENIDA;DE;MANUEL FRAGA IRIBARNE;MANUEL FRAGA IRIBARNE;21
CALLE;DE;MANUEL GALINDO;MANUEL GALINDO;11
CALLE;DE;MANUEL GARCIA;MANUEL GARCÍA;10
CALLE;DE;MANUEL GARRIDO;MANUEL GARRIDO;8
CALLE;DE;MANUEL GASCON;MANUEL GASCÓN;16
PLAZA;DE;MANUEL GOMEZ-MORENO;MANUEL GÓMEZ-MORENO;6
CALLE;DE;MANUEL GONZALEZ LONGORIA;MANUEL GONZÁLEZ LONGORÍA;7
RONDA;DE;MANUEL GRANERO;MANUEL GRANERO;16
CALLE;DE;MANUEL GUTIERREZ MELLADO;MANUEL GUTIÉRREZ MELLADO;16
CALLE;DE;MANUEL LABORDA;MANUEL LABORDA;17
CALLE;DE;MANUEL LAGUNA;MANUEL LAGUNA;13
CALLE;DE;MANUEL LAGUNA;MANUEL LAGUNA;13
CALLE;DE;MANUEL LAMELA;MANUEL LAMELA;11
CALLE;DE;MANUEL LINARES;MANUEL LINARES;15
CALLE;DE;MANUEL LUNA;MANUEL LUNA;6
CALLE;DE;MANUEL MACHADO;MANUEL MACHADO;14
CALLE;DE;MANUEL MARAÑON;MANUEL MARAÑÓN;15
CALLE;DE;MANUEL MARCHAMALO;MANUEL MARCHAMALO;6
CALLE;DE;MANUEL MARIA ARRILLAGA;MANUEL MARÍA ARRILLAGA;14
CALLE;DE;MANUEL MARIA IGLESIAS;MANUEL MARÍA IGLESIAS;15
CALLE;DE;MANUEL MAROTO;MANUEL MAROTO;13
PLAZA;DE;MANUEL MATEO;MANUEL MATEO;11
CALLE;DE;MANUEL MONTERO VALLEJO;MANUEL MONTERO VALLEJO;12
CALLE;DE;MANUEL MONTILLA;MANUEL MONTILLA;5
CALLE;DE;MANUEL MUIÑO ARROYO;MANUEL MUIÑO ARROYO;10
CALLE;DE;MANUEL MUÑOZ;MANUEL MUÑOZ;12
GLORIETA;DE;MANUEL MUÑOZ MONASTERIO;MANUEL MUÑOZ MONASTERIO;16
CALLE;DE;MANUEL NIETO;MANUEL NIETO;9
CALLE;DE;MANUEL NOGUEIRO;MANUEL NOGUEIRO;13
CALLE;DE;MANUEL NOYA;MANUEL NOYA;12
CALLE;DE;MANUEL PAVIA;MANUEL PAVÍA;18
CALLE;DE;MANUEL POMBO ANGULO;MANUEL POMBO ANGULO;16
PLAZA;DE;MANUEL RODRIGO;MANUEL RODRIGO;16
CALLE;DE;MANUEL SILVELA;MANUEL SILVELA;7
CALLE;DE;MANUEL TOVAR;MANUEL TOVAR;8
CALLE;DE;MANUEL URIBE;MANUEL URIBE;15
CALLE;DE;MANUEL URIBE;MANUEL URIBE;16
CALLE;DE;MANUEL VAZQUEZ MONTALBAN;MANUEL VÁZQUEZ MONTALBÁN;20
CALLE;DE;MANUEL VELEZ;MANUEL VÉLEZ;18
CALLE;DE;MANUEL VILLARTA;MANUEL VILLARTA;8
CALLE;DE;MANUELA MALASAÑA;MANUELA MALASAÑA;1
CALLE;DE;MANUELA MINGUEZ;MANUELA MÍNGUEZ;6
CALLE;DE;MANUELA TORREGROSA;MANUELA TORREGROSA;4
CALLE;DE LA;MANZANA;MANZANA;1
CALLE;DEL;MANZANAR;MANZANAR;16
AVENIDA;DEL;MANZANARES;MANZANARES;2
AVENIDA;DEL;MANZANARES;MANZANARES;2
AVENIDA;DEL;MANZANARES;MANZANARES;2
AVENIDA;DEL;MANZANARES;MANZANARES;2
AVENIDA;DEL;MANZANARES;MANZANARES;10
AVENIDA;DEL;MANZANARES;MANZANARES;10
AVENIDA;DEL;MANZANARES;MANZANARES;11
AVENIDA;DEL;MANZANARES;MANZANARES;11
AVENIDA;DEL;MANZANARES;MANZANARES;12
AVENIDA;DEL;MANZANARES;MANZANARES;12
AVENIDA;DEL;MANZANARES;MANZANARES;12
AVENIDA;DEL;MANZANARES;MANZANARES;12
AVENIDA;DEL;MANZANARES;MANZANARES;13
CALLE;DEL;MANZANARES;MANZANARES;2
PUENTE;DEL;MANZANARES;MANZANARES;9
CALLE;DE LA;MANZANILLA;MANZANILLA;9
CALLE;DEL;MAÑO;MAÑO;13
CALLE;DE;MAQUEDA;MAQUEDA;10
CALLE;DE LOS;MAQUILEROS;MAQUILEROS;20
CALLE;DE LA;MAQUINARIA;MAQUINARIA;20
CALLE;DE LA;MAQUINILLA;MAQUINILLA;13
PLAZA;DEL;MAR;MAR;21
CALLE;DEL;MAR ADRIATICO;MAR ADRIÁTICO;16
CALLE;DEL;MAR ADRIATICO;MAR ADRIÁTICO;16
CALLE;DEL;MAR AMARILLO;MAR AMARILLO;16
CALLE;DEL;MAR AMARILLO;MAR AMARILLO;21
CALLE;DEL;MAR BALTICO;MAR BÁLTICO;16
CALLE;DEL;MAR CANTABRICO;MAR CANTÁBRICO;16
GLORIETA;DEL;MAR CARIBE;MAR CARIBE;16
GLORIETA;DEL;MAR CARIBE;MAR CARIBE;16
CALLE;DEL;MAR CASPIO;MAR CASPIO;16
CALLE;DEL;MAR DE ARAL;MAR DE ARAL;16
CALLE;DEL;MAR DE BERING;MAR DE BERING;16
CALLE;DE;CALVO SOTELO;CALVO SOTELO;16
CALLE;DEL;MAR DE CORAL;MAR DE CORAL;16
GLORIETA;DEL;MAR DE CRISTAL;MAR DE CRISTAL;16
CALLE;DEL;MAR DE KARA;MAR DE KARA;16
CALLE;DEL;MAR DE LA SONDA;MAR DE LA SONDA;16
CAMINO;DE;FUENCARRAL;FUENCARRAL;16
CALLE;DEL;MAR DE LAS ANTILLAS;MAR DE LAS ANTILLAS;16
CALLE;DEL;MAR DE OMAN;MAR DE OMÁN;16
CALLE;DEL;MAR DEL JAPON;MAR DEL JAPÓN;16
PLAZA;DE;MAR DEL PLATA;MAR DEL PLATA;16
CALLE;DEL;MAR MEDITERRANEO;MAR MEDITERRÁNEO;16
CALLE;DEL;MAR MENOR;MAR MENOR;16
CALLE;DEL;MAR NEGRO;MAR NEGRO;16
CALLE;DE;MARACENA;MARACENA;12
CALLE;DE LA;MARAGATERIA;MARAGATERÍA;16
CALLE;DE LA;MARATON;MARATÓN;20
CALLE;DEL;MARAVEDI;MARAVEDÍ;11
CALLE;DE;MARAVILLA;MARAVILLA;10
CALLE;DE;MARBELLA;MARBELLA;8
CALLE;DE;MARCELIANO SANTA MARIA;MARCELIANO SANTA MARÍA;5
CALLE;DE;MARCELINA;MARCELINA;6
CALLE;DE;MARCELINO ALVAREZ;MARCELINO ÁLVAREZ;15
PASEO;DE;MARCELINO CAMACHO;MARCELINO CAMACHO;11
CALLE;DE;MARCELINO CASTILLO;MARCELINO CASTILLO;10
CALLE;DE;MARCELINO ROA VAZQUEZ;MARCELINO ROA VÁZQUEZ;15
CALLE;DE;MARCELO MUÑOZ DIAZ;MARCELO MUÑOZ DÍAZ;12
CALLE;DE;MARCELO USERA;MARCELO USERA;12
CALLE;DE;MARCELO USERA;MARCELO USERA;12
CALLE;DE;MARCELO USERA;MARCELO USERA;12
CALLE;DE;MARCELO USERA;MARCELO USERA;12
CALLE;DE;MARCENADO;MARCENADO;5
CALLE;DE;MARCHAMALO;MARCHAMALO;13
AVENIDA;DE;MARCONI;MARCONI;17
CALLE;DE;MARCONI NORTE;MARCONI NORTE;17
CALLE;DE;MARCOS DE ORUETA;MARCOS DE ORUETA;8
CALLE;DE;MARCUDOS;MARCUDOS;12
PASAJE;DE;MARCUDOS;MARCUDOS;12
CALLE;DE LAS;MAREAS;MAREAS;17
PLAZA;DE;MARGARET THATCHER;MARGARET THATCHER;4
CALLE;DE;MARGARITA DE PARMA;MARGARITA DE PARMA;16
CALLE;DE;MARGARITA NELKEN;MARGARITA NELKEN;8
CALLE;DE;MARGARITA XIRGU;MARGARITA XIRGU;16
CALLE;DE LAS;MARGARITAS;MARGARITAS;6
PLAZUELA;DE;MARI LUZ;MARI LUZ;12
CALLE;DE;MARI PEPA COLOMER;MARI PEPA COLOMER;8
CALLE;DE;MARIA ALONSO;MARÍA ALONSO;8
CALLE;DE;MARIA ANTONIA;MARÍA ANTONIA;12
CALLE;DE;MARIA AUXILIADORA;MARÍA AUXILIADORA;9
CALLE;DE;MARIA BARRIENTOS;MARÍA BARRIENTOS;17
CALLE;DE;MARIA BLANCHARD;MARÍA BLANCHARD;16
CALLE;DE;MARIA BLANCO;MARÍA BLANCO;9
CALLE;DE;MARIA BOSCH;MARÍA BOSCH;13
CALLE;DE;MARIA CALLAS;MARÍA CALLAS;17
CALLE;DE;MARIA CASARES;MARÍA CASARES;8
CALLE;DE;MARIA DE ECHARRI;MARÍA DE ECHARRI;17
CALLE;DE;MARIA DE GUZMAN;MARÍA DE GUZMÁN;7
CALLE;DE;MARIA DE LAS MERCEDES DE BORBON;MARÍA DE LAS MERCEDES DE BORBÓN;16
CALLE;DE;MARIA DE MAEZTU;MARÍA DE MAEZTU;8
CALLE;DE;MARIA DE MAEZTU;MARÍA DE MAEZTU;8
CALLE;DE;MARIA DE MOLINA;MARÍA DE MOLINA;4
CALLE;DE;MARIA DE MOLINA;MARÍA DE MOLINA;4
CALLE;DE;MARIA DE MOLINA;MARÍA DE MOLINA;5
CALLE;DE;MARIA DE MOLINA;MARÍA DE MOLINA;5
CALLE;DE;MARIA DE PORTUGAL;MARÍA DE PORTUGAL;16
GLORIETA;DE;MARIA DE VILLOTA;MARÍA DE VILLOTA;16
CALLE;DE;MARIA DEL CARMEN;MARÍA DEL CARMEN;10
CALLE;DE;MARIA DOMINGO;MARÍA DOMINGO;11
PASEO;DE;MARIA DROC;MARÍA DROC;17
PASEO;DE;MARIA DROC;MARÍA DROC;17
CALLE;DE;MARIA ENCINAS;MARÍA ENCINAS;13
CALLE;DE;MARIA FRANCISCA;MARÍA FRANCISCA;5
CALLE;DE;MARIA GOYRI;MARÍA GOYRI;8
CALLE;DE;MARIA GUERRERO;MARÍA GUERRERO;11
PLAZA;DE;MARIA GUERRERO;MARÍA GUERRERO;5
CALLE;DE;MARIA GUILHOU;MARÍA GUILHOU;5
CALLE;DE;MARIA IGNACIA;MARÍA IGNACIA;6
CALLE;DE;MARIA ISABEL;MARÍA ISABEL;10
CALLE;DE;MARIA ISABEL NAVARRO;MARÍA ISABEL NAVARRO;8
CALLE;DE;MARIA ISABEL NAVARRO;MARÍA ISABEL NAVARRO;8
CALLE;DE;MARIA ISIDRA;MARÍA ISIDRA;8
CALLE;DE;MARIA JENARA;MARÍA JENARA;13
CALLE;DE;MARIA JESUS;MARÍA JESÚS;11
CALLE;DE;MARIA JOSEFA;MARÍA JOSÉFA;17
CALLE;DE;MARIA JUANA;MARÍA JUANA;6
TRAVESÍA;DE;MARIA JUANA;MARÍA JUANA;6
PLAZA;DE;MARIA JUANA ONTAÑON;MARÍA JUANA ONTAÑÓN;7
CALLE;DE;MARIA LEJARRAGA;MARÍA LEJARRAGA;11
CALLE;DE;MARIA LOMBILLO;MARÍA LOMBILLO;20
CALLE;DE;MARIA LUISA;MARÍA LUISA;6
CALLE;DE;MARIA MARTINEZ;MARÍA MARTÍNEZ;11
CALLE;DE;MARIA MARTINEZ OVIOL;MARÍA MARTÍNEZ OVIOL;17
CALLE;DE;MARIA MOLINER;MARÍA MOLINER;16
CALLE;DE;MARIA MONTESSORI;MARÍA MONTESSORI;8
CALLE;DE;MARIA NISTAL;MARÍA NISTAL;15
CALLE;DE;MARIA ODIAGA;MARÍA ODIAGA;11
CALLE;DE;MARIA ORUE;MARÍA ORÚE;17
CALLE;DE;MARIA PANES;MARÍA PANÉS;7
CALLE;DE;MARIA PAZ UNCITI;MARÍA PAZ UNCITI;13
CALLEJÓN;DE;MARIA PAZ UNCITI;MARÍA PAZ UNCITI;13
CALLE;DE;MARIA PEDRAZA;MARÍA PEDRAZA;6
CALLE;DE;MARIA PEREZ MEDEL;MARÍA PÉREZ MEDEL;18
GLORIETA;DE;MARIA PIGNATELLI;MARÍA PIGNATELLI;4
CALLE;DE;MARIA PITA;MARÍA PITA;19
CALLE;DE;MARIA REICHE;MARÍA REICHE;16
CALLE;DE;MARIA REICHE;MARÍA REICHE;21
GLORIETA;DE;MARIA REINA;MARÍA REINA;9
CALLE;DE;MARIA SEVILLA DIAGO;MARÍA SEVILLA DIAGO;20
CALLE;DE;MARIA TARIN;MARÍA TARÍN;20
CALLE;DE;MARIA TARIN;MARÍA TARÍN;20
CALLE;DE;MARIA TERESA;MARÍA TERESA;4
PASEO;DE;MARIA TERESA;MARÍA TERESA;9
CALLE;DE;MARIA TERESA ACOSTA;MARÍA TERESA ACOSTA;10
CALLE;DE;MARIA TERESA LEON;MARÍA TERESA LEÓN;18
CALLE;DE;MARIA TERESA ROBLEDO;MARÍA TERESA ROBLEDO;13
CALLE;DE;MARIA TERESA SAENZ DE HEREDIA;MARÍA TERESA SÁENZ DE HEREDIA;15
CALLE;DE;MARIA TUBAU;MARÍA TUBAU;8
CALLE;DE;MARIA TUDOR;MARÍA TUDOR;16
CALLE;DE;MARIA ZAMBRANO;MARÍA ZAMBRANO;15
TRAVESÍA;DE;MARIA ZAMBRANO;MARÍA ZAMBRANO;15
CALLE;DE;MARIA ZAYAS;MARÍA ZAYAS;6
TRAVESÍA;DE;MARIA ZAYAS;MARÍA ZAYAS;6
CALLE;DE;MARIA ZURITA;MARÍA ZURITA;11
PLAZA;DE;MARIANA PINEDA;MARIANA PINEDA;13
CALLE;DE;MARIANELA;MARIANELA;6
CALLE;DE LOS;MARIANISTAS;MARIANISTAS;11
CALLE;DE;MARIANO AGÜI;MARIANO AGÜÍ;8
CALLE;DE;MARIANO BENLLIURE;MARIANO BENLLIURE;13
CALLE;DE;MARIANO CARDERERA;MARIANO CARDERERA;10
PLAZA;DE;MARIANO DE CAVIA;MARIANO DE CAVIA;3
PLAZA;DE;MARIANO DE CAVIA;MARIANO DE CAVIA;3
PLAZA;DE;MARIANO DE CAVIA;MARIANO DE CAVIA;3
CALLE;DE;MARIANO DIAZ ALONSO;MARIANO DÍAZ ALONSO;15
CALLE;DE;MARIANO FERNANDEZ;MARIANO FERNÁNDEZ;6
PASEO;DE;MARIANO LAGASCA;MARIANO LAGASCA;3
PLAZA;DE;MARIANO LANUZA;MARIANO LANUZA;10
CALLE;DE;MARIANO MATESANZ;MARIANO MATESANZ;17
GLORIETA;DE;MARIANO SALVADOR MAELLA;MARIANO SALVADOR MAELLA;8
CALLE;DE;MARIANO SERRANO;MARIANO SERRANO;6
CALLE;DE;MARIANO USERA;MARIANO USERA;12
CALLE;DE;MARIANO VELA;MARIANO VELA;12
CALLE;DE;MARIANO VELA;MARIANO VELA;12
CALLE;DE LA;MARIBLANCA;MARIBLANCA;12
CALLE;DE;MARICARA;MARICARA;17
CALLE;DE;MARIE CURIE;MARIE CURIE;8
PLAZA;DE LA;MARINA ESPAÑOLA;MARINA ESPAÑOLA;1
CALLE;DE;MARINA LAVANDEIRA;MARINA LAVANDEIRA;11
CALLE;DE;MARINA USERA;MARINA USERA;12
CALLE;DE;MARINA VEGA;MARINA VEGA;12
TRAVESÍA;DE;MARINA VEGA;MARINA VEGA;12
CALLE;DE LOS;MARINEROS;MARINEROS;20
CALLE;DE;MARIO CABRE;MARIO CABRE;14
CALLE;DE;MARIO CABRE;MARIO CABRE;14
CALLE;DE;"MARIO MORENO """"CANTINFLAS""""";"MARIO MORENO """"CANTINFLAS""""";19
CALLE;DE;"MARIO MORENO """"CANTINFLAS""""";"MARIO MORENO """"CANTINFLAS""""";19
CALLE;DE;MARIO RECUERO;MARIO RECUERO;8
CALLE;DE;MARIO ROSO DE LUNA;MARIO ROSO DE LUNA;20
PLAZUELA;DE;MARISA BRAVO;MARISA BRAVO;16
CALLE;DEL;MARISCAL GUTIERREZ DE OTERO;MARISCAL GUTIÉRREZ DE OTERO;17
CALLE;DE LAS;MARISMAS;MARISMAS;13
CALLE;DEL;MARMOL;MÁRMOL;2
PLAZA;DEL;MARMOL;MÁRMOL;3
CALLE;DE LA;MARMOLINA;MARMOLINA;19
CALLE;DE LOS;MARMOLISTAS;MARMOLISTAS;20
CALLE;DEL;MAROJAL;MAROJAL;8
CAMINO;DE;MAROTO;MAROTO;8
CALLE;DEL;MARQUES DE AHUMADA;MARQUÉS DE AHUMADA;4
CALLE;DEL;MARQUES DE ALTAMIRA;MARQUÉS DE ALTAMIRA;15
CALLE;DEL;MARQUES DE BERNA;MARQUÉS DE BERNA;21
PLAZA;DEL;MARQUES DE CAMARINES;MARQUÉS DE CAMARINES;9
CALLE;DEL;MARQUES DE CASA JIMENEZ;MARQUÉS DE CASA JIMÉNEZ;11
CALLE;DEL;MARQUES DE CASA RIERA;MARQUÉS DE CASA RIERA;1
CALLE;DEL;MARQUES DE CASA TILLY;MARQUÉS DE CASA TILLY;19
PLAZA;DEL;MARQUES DE CERRALBO;MARQUÉS DE CERRALBO;9
PLAZA;DEL;MARQUES DE COMILLAS;MARQUÉS DE COMILLAS;7
PLAZA;DEL;MARQUES DE COMILLAS;MARQUÉS DE COMILLAS;9
AVENIDA;DEL;MARQUES DE CORBERA;MARQUÉS DE CORBERA;15
CALLE;DEL;MARQUES DE CORTINA;MARQUÉS DE CORTINA;6
CALLE;DEL;MARQUES DE CUBAS;MARQUÉS DE CUBAS;1
CALLE;DEL;MARQUES DE ENCINARES;MARQUÉS DE ENCINARES;6
CALLE;DEL;MARQUES DE FONTALBA;MARQUÉS DE FONTALBA;21
CALLE;DEL;MARQUES DE HOYOS;MARQUÉS DE HOYOS;15
CALLE;DEL;MARQUES DE JURA REAL;MARQUÉS DE JURA REAL;11
CALLE;DEL;MARQUES DE LA ENSENADA;MARQUÉS DE LA ENSENADA;1
CALLE;DEL;MARQUES DE LA HERMIDA;MARQUÉS DE LA HERMIDA;4
CALLE;DEL;MARQUES DE LA ROMANA;MARQUÉS DE LA ROMANA;7
CALLE;DEL;MARQUES DE LA VALDAVIA;MARQUÉS DE LA VALDAVIA;2
CALLE;DEL;MARQUES DE LEGANES;MARQUÉS DE LEGANÉS;1
CALLE;DEL;MARQUES DE LEIS;MARQUÉS DE LEIS;6
CALLE;DEL;MARQUES DE LEMA;MARQUÉS DE LEMA;7
CALLE;DEL;MARQUES DE LOZOYA;MARQUÉS DE LOZOYA;3
CALLE;DEL;MARQUES DE MONASTERIO;MARQUÉS DE MONASTERIO;1
CALLE;DEL;MARQUES DE MONDEJAR;MARQUÉS DE MONDÉJAR;4
PASEO;DEL;MARQUES DE MONISTROL;MARQUÉS DE MONISTROL;9
PASEO;DEL;MARQUES DE MONISTROL;MARQUÉS DE MONISTROL;9
PASEO;DEL;MARQUES DE MONISTROL;MARQUÉS DE MONISTROL;10
PASEO;DEL;MARQUES DE MONISTROL;MARQUÉS DE MONISTROL;17
CALLE;DEL;MARQUES DE MONTEAGUDO;MARQUÉS DE MONTEAGUDO;4
GLORIETA;DEL;MARQUES DE OLIVA;MARQUÉS DE OLIVA;
CALLE;DEL;MARQUES DE PICO VELASCO;MARQUÉS DE PICO VELASCO;15
PASEO;DEL;MARQUES DE PONTEJOS;MARQUÉS DE PONTEJOS;3
CALLE;DEL;MARQUES DE PORTUGALETE;MARQUÉS DE PORTUGALETE;15
CALLE;DEL;MARQUES DE PORTUGALETE;MARQUÉS DE PORTUGALETE;15
PLAZA;DEL;MARQUES DE SALAMANCA;MARQUÉS DE SALAMANCA;4
PLAZA;DEL;MARQUES DE SALAMANCA;MARQUÉS DE SALAMANCA;4
CALLE;DEL;MARQUES DE SAN GREGORIO;MARQUÉS DE SAN GREGORIO;12
CALLE;DEL;MARQUES DE SANTA ANA;MARQUÉS DE SANTA ANA;1
CALLE;DEL;MARQUES DE SANTILLANA;MARQUÉS DE SANTILLANA;5
CALLE;DEL;MARQUES DE TOCA;MARQUÉS DE TOCA;1
CALLE;DEL;MARQUES DE TORRELAGUNA;MARQUÉS DE TORRELAGUNA;5
CALLE;DEL;MARQUES DE TORROJA;MARQUÉS DE TORROJA;5
CALLE;DEL;MARQUES DE URQUIJO;MARQUÉS DE URQUIJO;9
GLORIETA;DEL;MARQUES DE VADILLO;MARQUÉS DE VADILLO;11
GLORIETA;DEL;MARQUES DE VADILLO;MARQUÉS DE VADILLO;11
GLORIETA;DEL;MARQUES DE VADILLO;MARQUÉS DE VADILLO;11
CALLE;DEL;MARQUES DE VALDECILLA;MARQUÉS DE VALDECILLA;5
CALLE;DEL;MARQUES DE VALDEIGLESIAS;MARQUÉS DE VALDEIGLESIAS;1
CALLE;DEL;MARQUES DE VALLEJO;MARQUÉS DE VALLEJO;4
CALLE;DEL;MARQUES DE VIANA;MARQUÉS DE VIANA;6
CALLE;DEL;MARQUES DE VIANA;MARQUÉS DE VIANA;6
CALLE;DEL;MARQUES DE VILLABRAGIMA;MARQUÉS DE VILLABRÁGIMA;8
CALLE;DEL;MARQUES DE VILLAMAGNA;MARQUÉS DE VILLAMAGNA;4
CALLE;DEL;MARQUES DE VILLAMAGNA;MARQUÉS DE VILLAMAGNA;4
CALLE;DEL;MARQUES DE VILLAMEJOR;MARQUÉS DE VILLAMEJOR;4
CALLE;DEL;MARQUES DE ZAFRA;MARQUÉS DE ZAFRA;4
GLORIETA;DEL;MARQUES DE ZAFRA;MARQUÉS DE ZAFRA;4
PASEO;DEL;MARQUES DE ZAFRA;MARQUÉS DE ZAFRA;4
CALLE;DEL;MARQUES DE ZURGENA;MARQUÉS DE ZURGENA;4
CALLE;DEL;MARQUES DEL DUERO;MARQUÉS DEL DUERO;4
CALLE;DE;MARQUES DEL RISCAL;MARQUÉS DEL RISCAL;7
CALLE;DEL;MARQUES DEL VASTO;MARQUÉS DEL VASTO;7
CALLE;DEL;MARQUES VIUDO DE PONTEJOS;MARQUÉS VIUDO DE PONTEJOS;1
CALLE;DE LA;MARQUESA DE ARGÜESO;MARQUESA DE ARGÜESO;11
CALLE;DE LA;MARQUESA DE SILVELA;MARQUESA DE SILVELA;12
CALLE;DE LA;MARQUESA DE TORRECILLA;MARQUESA DE TORRECILLA;15
CALLE;DEL;MARQUESADO DE SANTA MARTA;MARQUESADO DE SANTA MARTA;20
CALLE;DE LA;MARROQUINA;MARROQUINA;14
CALLE;DE;MARSELLA;MARSELLA;20
CALLE;DE;MARTE;MARTE;21
CALLE;DE;MARTELL;MARTELL;13
CALLE;DE;MARTI;MARTÍ;4
CALLE;DE;MARTIN DE LOS HEROS;MARTÍN DE LOS HEROS;9
CALLE;DE;MARTIN DE VARGAS;MARTÍN DE VARGAS;2
CALLE;DE;MARTIN FERREIRO;MARTÍN FERREIRO;20
CALLE;DE;MARTIN FIERRO;MARTÍN FIERRO;9
CALLE;DE;MARTIN MACHIO;MARTÍN MACHÍO;5
CALLE;DE;MARTIN MARTINEZ;MARTÍN MARTÍNEZ;5
CALLE;DE;MARTIN MORA;MARTÍN MORA;13
CALLE;DE;MARTIN MUÑOZ DE LAS POSADAS;MARTÍN MUÑOZ DE LAS POSADAS;18
CALLE;DE;MARTIN PESCADOR;MARTÍN PESCADOR;9
CALLE;DE;MARTIN SARMIENTO;MARTÍN SARMIENTO;3
CALLE;DE;MARTIN SOLER;MARTÍN SOLER;2
CALLE;DE;MARTINEZ;MARTÍNEZ;6
CALLE;DE;MARTINEZ CORROCHANO;MARTÍNEZ CORROCHANO;3
CALLE;DE;MARTINEZ DE LA RIVA;MARTÍNEZ DE LA RIVA;13
CALLE;DE;MARTINEZ DE LA RIVA;MARTÍNEZ DE LA RIVA;13
PLAZA;DE;MARTINEZ DE LA RIVA;MARTÍNEZ DE LA RIVA;13
CALLE;DE;MARTINEZ DE LA ROSA;MARTÍNEZ DE LA ROSA;4
CALLE;DE;MARTINEZ IZQUIERDO;MARTÍNEZ IZQUIERDO;4
CALLE;DE;MARTINEZ IZQUIERDO;MARTÍNEZ IZQUIERDO;15
CALLE;DE;MARTINEZ MOLINA;MARTÍNEZ MOLINA;20
PLAZA;DE;MARTINEZ OLMEDILLA;MARTÍNEZ OLMEDILLA;18
CALLE;DE;MARTINEZ OVIOL;MARTÍNEZ OVIOL;17
CALLE;DE;MARTINEZ PAGE;MARTÍNEZ PAGE;6
CALLE;DE;MARTINEZ SECO;MARTÍNEZ SECO;17
CALLE;DE;MARTINEZ VILLERGAS;MARTÍNEZ VILLERGAS;15
PLAZA;DE LOS;MARTIRES;MÁRTIRES;8
CALLE;DE LAS;MARTIRES CONCEPCIONISTAS;MÁRTIRES CONCEPCIONISTAS;4
CALLE;DE LAS;MARTIRES CONCEPCIONISTAS;MÁRTIRES CONCEPCIONISTAS;4
CALLE;DE LOS;MARTIRES DE ALCALA;MÁRTIRES DE ALCALÁ;1
CALLE;DE LOS;MARTIRES DE LA VENTILLA;MÁRTIRES DE LA VENTILLA;6
CALLE;DE LOS;MARTIRES DE PARACUELLOS;MÁRTIRES DE PARACUELLOS;6
AVENIDA;DE LOS;MARTIRES MARISTAS;MÁRTIRES MARISTAS;9
CALLE;DE;MARTOS;MARTOS;13
PLAZA;DE;MARUJA;MARUJA;8
CALLE;DE;MARUJA GARCIA ROMERO;MARUJA GARCÍA ROMERO;13
AVENIDA;DE;MARUJA MALLO;MARUJA MALLO;16
CALLE;DE;MARX;MARX;8
CALLE;DE;MARZO;MARZO;20
CALLE;DE;MASCARAQUE;MASCARAQUE;11
CALLE;DE;MASEDA;MASEDA;6
CALLE;DE LA;MASILLA;MASILLA;20
PLAZA;DE;MASLAMA AL-MAYRITI;MASLAMA AL-MAYRITI;5
CALLE;DEL;MASTELERO;MASTELERO;16
CALLE;DE LA;MATA DEL AGUA;MATA DEL AGUA;18
CAMINO;DE;MATA LA EMBOSCADA;MATA LA EMBOSCADA;8
CAMINO;DE;MATA LAS PALOMAS;MATA LAS PALOMAS;8
PLAZA;DE;MATACAN;MATACÁN;10
CALLE;DEL;MATACHEL;MATACHEL;17
CALLE;DEL;MATADERO;MATADERO;6
CALLE;DEL;MATADERO DE EL PARDO;MATADERO DE EL PARDO;8
CALLE;DEL;MATADERO VIEJO;MATADERO VIEJO;19
CALLE;DE;MATAELPINO;MATAELPINO;5
CALLE;DE;MATAMOROSA;MATAMOROSA;15
CALLE;DE;MATAPOZUELOS;MATAPOZUELOS;16
CALLE;DE;MATARO;MATARÓ;8
CALLE;DE;MATEO GARCIA;MATEO GARCÍA;15
CALLE;DE;MATEO GUILL;MATEO GUILL;10
CALLE;DE;MATEO INURRIA;MATEO INURRIA;5
CALLE;DE;MATEO INURRIA;MATEO INURRIA;5
CALLE;DE;MATEO LOPEZ;MATEO LÓPEZ;3
PASAJE;DE;MATHEU;MATHÉU;1
CALLE;DE;MATIAS DE LA FUENTE;MATÍAS DE LA FUENTE;8
PASAJE;DE;MATIAS MONTERO;MATÍAS MONTERO;5
CALLE;DE;MATIAS TURRION;MATÍAS TURRIÓN;15
CALLE;DE;MATIAS TURRION;MATÍAS TURRIÓN;16
CALLE;DE;MATILDE DIEZ;MATILDE DÍEZ;5
CALLE;DE;MATILDE GAYO;MATILDE GAYO;12
CALLE;DE;MATILDE GONZALEZ ESTUA;MATILDE GONZÁLEZ ESTÚA;10
CALLE;DE;MATILDE HERNANDEZ;MATILDE HERNÁNDEZ;11
CALLE;DE;MATILDE HERNANDEZ;MATILDE HERNÁNDEZ;11
CALLE;DE;MATILDE LANDA;MATILDE LANDA;6
ESCALINATA;DE;MATILDE LANDA;MATILDE LANDA;6
CALLE;DE;MATILDE TELLEZ;MATILDE TÉLLEZ;8
CALLE;DE;MATILLAS;MATILLAS;18
PLAZA;DE;MATUTE;MATUTE;1
CALLE;DE;MAUDES;MAUDES;7
CALLE;DE;MAUREGATO;MAUREGATO;10
CALLE;DE;MAURICIO LEGENDRE;MAURICIO LEGENDRE;5
CALLE;DE;MAURICIO LEGENDRE;MAURICIO LEGENDRE;8
CALLE;DE;MAURICIO RAVEL;MAURICIO RAVEL;5
CALLE;DE;MAURO;MAURO;5
CALLE;DE;MAX AUB;MAX AUB;7
CALLE;DE;MAXIMINO BLAZQUEZ;MAXIMINO BLÁZQUEZ;9
CALLE;DE;MAXIMO CARAZO;MÁXIMO CARAZO;12
CALLE;DE;MAXIMO SAN JUAN;MÁXIMO SAN JUAN;15
CALLE;DE;MAYO;MAYO;20
CALLE;DE;MAYOLICA;MAYÓLICA;20
CALLE;;MAYOR;MAYOR;1
CALLE;;MAYOR;MAYOR;1
PLAZA;;MAYOR;MAYOR;1
PLAZA;;MAYOR DE BARAJAS;MAYOR DE BARAJAS;21
PLAZA;;MAYOR DE CIUDAD PEGASO;MAYOR DE CIUDAD PEGASO;20
PLAZA;;MAYOR DE VILLAVERDE;MAYOR DE VILLAVERDE;17
AVENIDA;DEL;MAYORAZGO;MAYORAZGO;18
AVENIDA;DEL;MAYORAZGO;MAYORAZGO;18
CAMINO;DE;MAYORAZGO;MAYORAZGO;18
CALLE;DEL;MAYORAZGO DE DUARTE;MAYORAZGO DE DUARTE;19
CALLE;DE;MAYORGA;MAYORGA;16
CALLE;DE;MAZARAMBROZ;MAZARAMBROZ;11
CALLE;DE;MAZARREDO;MAZARREDO;2
CALLE;DE;MAZATERON;MAZATERÓN;18
CALLE;DEL;MAZO;MAZO;15
CALLE;DE LA;MEALLA;MEALLA;11
CALLE;DEL;MECANICO RADA;MECÁNICO RADA;9
CALLE;DE;MEDEA;MEDEA;20
CALLE;DE;MEDELLIN;MEDELLÍN;7
CALLE;DE LA;MEDIA;MEDIA;12
PASEO;DEL;MEDIANIL;MEDIANIL;9
PASEO;DEL;MEDIANIL;MEDIANIL;9
CALLE;DE LAS;MEDIDAS;MEDIDAS;20
CALLE;DE;MEDINA DE POMAR;MEDINA DE POMAR;21
CALLE;DE;MEDINA DEL CAMPO;MEDINA DEL CAMPO;10
CALLE;DE;MEDINA DEL CAMPO;MEDINA DEL CAMPO;10
CALLE;DE;MEDINA SIDONIA;MEDINA SIDONIA;11
CARRETERA;DEL;MEDIODIA;MEDIODÍA;16
CALLE;DEL;MEDIODIA CHICA;MEDIODÍA CHICA;1
CALLE;DEL;MEDIODIA GRANDE;MEDIODÍA GRANDE;1
AVENIDA;DEL;MEDITERRANEO;MEDITERRÁNEO;3
AVENIDA;DEL;MEDITERRANEO;MEDITERRÁNEO;3
AVENIDA;DEL;MEDITERRANEO;MEDITERRÁNEO;3
AVENIDA;DEL;MEDITERRANEO;MEDITERRÁNEO;3
AVENIDA;DEL;MEDITERRANEO;MEDITERRÁNEO;13
AVENIDA;DEL;MEDITERRANEO;MEDITERRÁNEO;13
AVENIDA;DEL;MEDITERRANEO;MEDITERRÁNEO;13
AVENIDA;DEL;MEDITERRANEO;MEDITERRÁNEO;14
AVENIDA;DEL;MEDITERRANEO;MEDITERRÁNEO;14
AVENIDA;DEL;MEDITERRANEO;MEDITERRÁNEO;14
AVENIDA;DEL;MEDITERRANEO;MEDITERRÁNEO;18
AVENIDA;DEL;MEDITERRANEO;MEDITERRÁNEO;18
AVENIDA;DEL;MEDITERRANEO;MEDITERRÁNEO;18
AVENIDA;DEL;MEDITERRANEO;MEDITERRÁNEO;19
AVENIDA;DEL;MEDITERRANEO;MEDITERRÁNEO;19
CALLE;DE LAS;MEDULAS;MÉDULAS;11
GLORIETA;DE LA;MEDUSA;MEDUSA;16
CALLE;DE;MEJIA LEQUERICA;MEJÍA LEQUERICA;1
AVENIDA;DE;MEJICO;MÉJICO;3
CALLE;DE;MEJICO;MÉJICO;4
CALLE;DE;MEJORADA DEL CAMPO;MEJORADA DEL CAMPO;2
CARRETERA;DE;MEJORADA DEL CAMPO;MEJORADA DEL CAMPO;19
CALLE;DE LA;MEJORANA;MEJORANA;13
PASEO;DE LOS;MELANCOLICOS;MELANCÓLICOS;2
TRAVESÍA;DE LOS;MELANCOLICOS;MELANCÓLICOS;2
CALLE;DE;MELCHOR CANO;MELCHOR CANO;9
CALLE;DE;MELCHOR FERNANDEZ ALMAGRO;MELCHOR FERNÁNDEZ ALMAGRO;8
CALLE;DE;MELCHOR FERNANDEZ ALMAGRO;MELCHOR FERNÁNDEZ ALMAGRO;8
CALLE;DE;MELCHOR RODRIGUEZ;MELCHOR RODRÍGUEZ;9
CALLE;DE;MELENDEZ VALDES;MELÉNDEZ VALDÉS;7
CALLE;DE;MELENDEZ VALDES;MELÉNDEZ VALDÉS;7
CALLE;DE;MELENDEZ VALDES;MELÉNDEZ VALDÉS;9
CAMINO;DE;MELEON;MELEÓN;8
CALLE;DE;MELIDE;MELIDE;8
CALLE;DE;MELILLA;MELILLA;2
CALLE;DEL;MELILOTO;MELILOTO;10
CALLE;DEL;MELILOTO;MELILOTO;10
CALLE;DE LA;MELISA;MELISA;11
CALLEJÓN;DEL;MELLIZO;MELLIZO;1
CALLE;DE;MELQUIADES ALVAREZ;MELQUÍADES ÁLVAREZ;7
CALLE;DE;MELQUIADES BIENCINTO;MELQUÍADES BIENCINTO;13
CALLE;DE;MEMBEZAR;MEMBEZAR;13
CALLE;DEL;MEMBRILLO;MEMBRILLO;5
AVENIDA;DE LA;MEMORIA;MEMORIA;9
AVENIDA;DE LA;MEMORIA;MEMORIA;9
PLAZUELA;DE LA;MEMORIA TRANS;MEMORIA TRANS;1
PLAZA;DE LA;MEMORIA VINCULANTE;MEMORIA VINCULANTE;12
CALLE;DE;MENASALBAS;MENASALBAS;17
CALLE;DE;MENCHU AJAMIL;MENCHU AJAMIL;8
CALLE;DE;MENDEZ ALVARO;MÉNDEZ ÁLVARO;2
CALLE;DE;MENDEZ ALVARO;MÉNDEZ ÁLVARO;2
CALLE;DE;MENDEZ ALVARO;MÉNDEZ ÁLVARO;2
CALLE;DE;MENDEZ ALVARO;MÉNDEZ ÁLVARO;2
CALLE;DE;MENDEZ ALVARO;MÉNDEZ ÁLVARO;13
CALLE;DE;MENDEZ NUÑEZ;MÉNDEZ NÚÑEZ;3
PLAZA;DE;MENDEZ PARADA;MÉNDEZ PARADA;11
CALLE;DE;MENDIVIL;MENDÍVIL;13
AVENIDA;DE;MENENDEZ PELAYO;MENÉNDEZ PELAYO;3
AVENIDA;DE;MENENDEZ PELAYO;MENÉNDEZ PELAYO;3
AVENIDA;DE;MENENDEZ PELAYO;MENÉNDEZ PELAYO;3
AVENIDA;DE;MENENDEZ PELAYO;MENÉNDEZ PELAYO;3
AVENIDA;DE;MENENDEZ PELAYO;MENÉNDEZ PELAYO;4
AVENIDA;DE;MENENDEZ PELAYO;MENÉNDEZ PELAYO;4
PLAZA;DE;MENENDEZ PELAYO;MENÉNDEZ PELAYO;9
CALLE;DE;MENENDEZ PIDAL;MENÉNDEZ PIDAL;5
CALLE;DE;MENESES;MENESES;2
CALLE;DE;MENESES;MENESES;2
CALLE;DE;MENORCA;MENORCA;3
CALLE;DE LA;MENTA;MENTA;9
CALLE;DE;MENTRIDA;MÉNTRIDA;16
CALLE;DE;MEQUINENZA;MEQUINENZA;16
CALLE;DE;MEQUINENZA;MEQUINENZA;20
CALLE;DE;MEQUINENZA;MEQUINENZA;20
CALLEJÓN;DEL;MERCADO;MERCADO;2
CALLE;DE LAS;MERCANCIAS;MERCANCÍAS;17
CALLE;DE;MERCATOR;MERCATOR;13
CALLE;DE LAS;MERCEDES;MERCEDES;6
CALLE;DE;MERCEDES ARTEAGA;MERCEDES ARTEAGA;11
CALLE;DE;MERCEDES DOMINGO;MERCEDES DOMINGO;11
CALLE;DE;MERCEDES FORMICA;MERCEDES FÓRMICA;4
CALLE;DE;MERCEDES MANJON;MERCEDES MANJÓN;12
CALLE;DE;MERCEDES RODRIGUEZ;MERCEDES RODRÍGUEZ;11
CALLE;DEL;MERCURIO;MERCURIO;19
PLAZA;DE;MERCURIO;MERCURIO;21
CAMINO;DEL;MERENDERO;MERENDERO;8
CALLE;DE;MERIDA;MÉRIDA;14
CALLE;DE;MESENA;MESENA;15
CALLE;DE;MESENA;MESENA;15
CALLE;DE;MESENA;MESENA;15
CALLE;DE;MESENA;MESENA;16
CALLE;DE;MESENA;MESENA;16
CALLE;DE;MESENA;MESENA;16
PLAZA;DE LA;MESETA;MESETA;9
PLAZA;DEL;MESIAS;MESÍAS;20
CALLE;DEL;MESON DE PAÑOS;MESÓN DE PAÑOS;1
CALLE;DEL;MESON DE PAREDES;MESÓN DE PAREDES;1
CALLE;DE;MESONERO ROMANOS;MESONERO ROMANOS;1
CALLE;DE;MESONERO ROMANOS;MESONERO ROMANOS;1
CALLE;DE;MESTANZA;MESTANZA;13
CALLE;DEL;METAL;METAL;17
PLAZA;DE LOS;METALES;METALES;17
CALLE;DE LA;MEZQUITA;MEZQUITA;12
CALLE;DE LA;MEZQUITA DE CORDOBA;MEZQUITA DE CÓRDOBA;11
CALLE;DEL;MEZQUITE;MEZQUITE;2
CALLE;DE;MIAMI;MIAMI;20
CALLE;DE LA;MICA;MICA;17
CALLE;DE;MIERES;MIERES;20
CALLE;DE;MIGUEL ANGEL;MIGUEL ÁNGEL;7
CALLE;DE;MIGUEL ANGEL ASTURIAS;MIGUEL ANGEL ASTURIAS;16
CALLE;DE;MIGUEL ARACIL;MIGUEL ARACIL;8
CALLE;DE;MIGUEL ARREDONDO;MIGUEL ARREDONDO;2
CALLE;DE;MIGUEL DE LA IGLESIA;MIGUEL DE LA IGLESIA;15
CALLE;DE;MIGUEL DE LA ROCA;MIGUEL DE LA ROCA;13
CALLE;DE;MIGUEL DE UNAMUNO;MIGUEL DE UNAMUNO;15
AVENIDA;DE;MIGUEL DELIBES;MIGUEL DELIBES;19
AVENIDA;DE;MIGUEL DELIBES;MIGUEL DELIBES;19
CALLE;DE;MIGUEL FISAC;MIGUEL FISAC;8
CALLE;DE;MIGUEL FLETA;MIGUEL FLETA;20
CALLE;DE;MIGUEL GILA;MIGUEL GILA;9
AVENIDA;DE;MIGUEL HERNANDEZ;MIGUEL HERNÁNDEZ;13
CALLE;DE;MIGUEL HIDALGO;MIGUEL HIDALGO;16
CALLE;DE;MIGUEL MAYOR;MIGUEL MAYOR;11
GLORIETA;DE;MIGUEL MIHURA;MIGUEL MIHURA;4
CALLE;DE;MIGUEL MOYA;MIGUEL MOYA;1
CALLE;DE;MIGUEL PALACIOS;MIGUEL PALACIOS;13
CALLE;DE;MIGUEL RIESCO;MIGUEL RIESCO;16
CALLE;DE;MIGUEL RIESCO;MIGUEL RIESCO;16
GLORIETA;DE;MIGUEL RUBIALES;MIGUEL RUBIALES;6
CALLE;DE;MIGUEL SAN NARCISO;MIGUEL SAN NARCISO;13
CALLE;DE;MIGUEL SERVET;MIGUEL SERVET;1
CALLE;DE;MIGUEL SOLAS;MIGUEL SOLAS;17
CALLE;DE;MIGUEL SORIANO;MIGUEL SORIANO;11
CALLE;DE;MIGUEL YUSTE;MIGUEL YUSTE;20
PASEO;DE;MIGUELA DEL BURGO;MIGUELA DEL BURGO;16
CALLE;DE;MIJANCAS;MIJANCAS;20
CALLE;DE;MIJAS;MIJAS;13
CALLE;DEL;MIJO;MIJO;12
CALLE;;MIKE;MIKE;21
PLAZA;DE LOS;MIL DELEGADOS;MIL DELEGADOS;12
CALLEJÓN;DE LOS;MILAGROS;MILAGROS;13
CALLE;DE LA;MILAGROSA;MILAGROSA;10
CALLE;DE;MILAN;MILÁN;16
CALLE;DE;MILAN;MILÁN;16
CALLE;DE LOS;MILANESES;MILANESES;1
CALLE;DE LOS;MILANOS;MILANOS;19
CALLE;DE LA;MILENRAMA;MILENRAMA;10
COLONIA;;MILITAR DE CUATRO VIENTOS;MILITAR DE CUATRO VIENTOS;
COLONIA;;MILITAR DE VICALVARO;MILITAR DE VICÁLVARO;
COLONIA;;MILITAR EL GOLOSO;MILITAR EL GOLOSO;
CALLE;DE;MILMARCOS;MILMARCOS;18
CALLE;DE LA;MIMOSA;MIMOSA;9
PLAZA;DEL;MINARETE;MINARETE;12
CALLE;DE LAS;MINAS;MINAS;1
CALLE;DE;MINAYA;MINAYA;16
CALLE;DE LOS;MINERALES;MINERALES;9
CALLE;DE LA;MINERIA;MINERÍA;20
CALLE;DE LOS;MINEROS;MINEROS;11
CALLE;DE;MINERVA;MINERVA;19
CALLE;DE;MINERVA;MINERVA;19
CALLE;DE;MINERVA;MINERVA;19
CALLE;DE;MINGORRIA;MINGORRÍA;10
CALLE;DE LOS;MINISTRILES;MINISTRILES;1
CALLE;DE LOS;MINISTRILES CHICA;MINISTRILES CHICA;1
CALLE;DEL;MINISTRO IBAÑEZ MARTIN;MINISTRO IBÁÑEZ MARTÍN;9
CALLE;DEL;MIÑO;MIÑO;5
CALLE;DE LA;MIOSOTIS;MIOSOTIS;6
CALLE;DE;MIR;MIR;19
CALLE;DE;MIRA CETI;MIRA CETI;9
CALLE;DE;MIRA EL RIO;MIRA EL RÍO;8
CALLE;DE;MIRA EL RIO ALTA;MIRA EL RÍO ALTA;1
CALLE;DE;MIRA EL RIO BAJA;MIRA EL RÍO BAJA;1
CALLE;DE;MIRA EL SOL;MIRA EL SOL;1
CALLE;DE;MIRABEL;MIRABEL;10
CALLE;DEL;MIRADOR DE LA REINA;MIRADOR DE LA REINA;8
CALLE;DEL;MIRADOR DE LA SIERRA;MIRADOR DE LA SIERRA;9
PLAZA;DEL;MIRADOR DE ORCASITAS;MIRADOR DE ORCASITAS;12
GLORIETA;DEL;MIRADOR DEL SUR;MIRADOR DEL SUR;17
AVENIDA;DE;MIRAFLORES;MIRAFLORES;9
CALLE;DE;MIRALLOS;MIRALLOS;8
CALLE;DE;MIRAMADRID;MIRAMADRID;12
CALLE;DE;MIRANDA DE ARGA;MIRANDA DE ARGA;16
CALLE;DE;MIRASIERRA;MIRASIERRA;12
AVENIDA;DE;MIRAVALLES;MIRAVALLES;9
CALLE;DEL;MIRLO;MIRLO;10
CALLE;DEL;MIRTO;MIRTO;6
CALLE;DE;MIRUEÑA;MIRUEÑA;10
CALLE;DE LA;MISERICORDIA;MISERICORDIA;1
CALLE;DE LOS;MISTERIOS;MISTERIOS;15
CALLE;DE LOS;MISTERIOS;MISTERIOS;15
CALLE;DEL;MISTRAL;MISTRAL;21
CALLE;DE LA;MITRA;MITRA;16
CALLE;DE;MIZAR;MIZAR;9
CALLE;DE LOS;MOCETES;MOCETES;19
CALLE;DEL;MOCHUELO;MOCHUELO;11
CAMINO;DEL;MOCHUELO;MOCHUELO;8
CALLE;DE;MODESTO ALONSO;MODESTO ALONSO;13
CALLE;DE;MODESTO LAFUENTE;MODESTO LAFUENTE;7
CALLE;DE;MODESTO LAFUENTE;MODESTO LAFUENTE;7
CALLE;DE LAS;MODISTAS;MODISTAS;20
CALLE;DE;MOGAMBO;MOGAMBO;13
CALLE;DE;MOGUER;MOGUER;9
CALLE;DE;MOHERNANDO;MOHERNANDO;13
CALLE;DE;MOJACAR;MOJÁCAR;16
CALLE;DE;MOLINA;MOLINA;6
CALLE;DE;MOLINA DE ARAGON;MOLINA DE ARAGÓN;9
CALLE;DE;MOLINA DE SEGURA;MOLINA DE SEGURA;14
CALLE;DE;MOLINASECA;MOLINASECA;8
PASEO;DEL;MOLINO;MOLINO;2
CALLE;DEL;MOLINO DE VIENTO;MOLINO DE VIENTO;1
CALLE;DEL;MOLINO VIEJO;MOLINO VIEJO;19
CAMINO;DE LOS;MOLINOS;MOLINOS;17
CALLE;DE;MOLINS DE REY;MOLINS DE REY;8
CALLE;DE LOS;MOLTURADORES;MOLTURADORES;20
CALLE;DE;MOMBELTRAN;MOMBELTRÁN;9
CALLE;DE;MOMBUEY;MOMBUEY;16
CALLE;DE;MOMPOS;MOMPOS;16
CALLE;DE;MONACO;MÓNACO;20
CALLE;DEL;MONASTERIO DE ARLANZA;MONASTERIO DE ARLANZA;8
CALLE;DEL;MONASTERIO DE ARLANZA;MONASTERIO DE ARLANZA;8
CALLE;DEL;MONASTERIO DE CAAVEIRO;MONASTERIO DE CAAVEIRO;8
AVENIDA;DEL;MONASTERIO DE EL ESCORIAL;MONASTERIO DE EL ESCORIAL;8
CALLE;DEL;MONASTERIO DE EL PAULAR;MONASTERIO DE EL PAULAR;8
CALLE;DEL;MONASTERIO DE EL PAULAR;MONASTERIO DE EL PAULAR;8
CALLE;DEL;MONASTERIO DE GUADALUPE;MONASTERIO DE GUADALUPE;8
CALLE;DEL;MONASTERIO DE LA RABIDA;MONASTERIO DE LA RÁBIDA;8
CALLE;DEL;MONASTERIO DE LA RABIDA;MONASTERIO DE LA RÁBIDA;8
CALLE;DEL;MONASTERIO DE LAS BATUECAS;MONASTERIO DE LAS BATUECAS;8
CALLE;DEL;MONASTERIO DE LAS BATUECAS;MONASTERIO DE LAS BATUECAS;8
CALLE;DEL;MONASTERIO DE LAS HUELGAS;MONASTERIO DE LAS HUELGAS;8
CALLE;DEL;MONASTERIO DE LAS HUELGAS;MONASTERIO DE LAS HUELGAS;8
CALLE;DEL;MONASTERIO DE LEYRE;MONASTERIO DE LEYRE;6
CALLE;DEL;MONASTERIO DE LIEBANA;MONASTERIO DE LIÉBANA;8
CALLE;DEL;MONASTERIO DE MONTESCLAROS;MONASTERIO DE MONTESCLAROS;8
CALLE;DEL;MONASTERIO DE MONTESCLAROS;MONASTERIO DE MONTESCLAROS;8
CALLE;DEL;MONASTERIO DE OSEIRA;MONASTERIO DE OSEIRA;8
CALLE;DEL;MONASTERIO DE POBLET;MONASTERIO DE POBLET;11
CALLE;DEL;MONASTERIO DE POYO;MONASTERIO DE POYO;8
CALLE;DEL;MONASTERIO DE POYO;MONASTERIO DE POYO;10
CALLE;DEL;MONASTERIO DE SAMOS;MONASTERIO DE SAMOS;8
AVENIDA;DEL;MONASTERIO DE SILOS;MONASTERIO DE SILOS;8
AVENIDA;DEL;MONASTERIO DE SILOS;MONASTERIO DE SILOS;8
CALLE;DEL;MONASTERIO DE SOBRADO;MONASTERIO DE SOBRADO;8
CALLE;DE LOS;MONASTERIOS DE SUSO Y YUSO;MONASTERIOS DE SUSO Y YUSO;8
CALLE;DE LOS;MONASTERIOS DE SUSO Y YUSO;MONASTERIOS DE SUSO Y YUSO;8
CALLE;DE;MONCADA;MONCADA;17
AVENIDA;DE LA;MONCLOA;MONCLOA;7
AVENIDA;DE LA;MONCLOA;MONCLOA;9
PLAZA;DE LA;MONCLOA;MONCLOA;9
PLAZA;DE;MONDARIZ;MONDARIZ;8
PLAZA;DE;MONDOÑEDO;MONDOÑEDO;8
PLAZA;DE;MONDOÑEDO;MONDOÑEDO;8
CALLE;DE;MONDRAGON;MONDRAGÓN;9
CALLE;DE LA;MONEDA;MONEDA;3
CALLE;DE LOS;MONEDEROS;MONEDEROS;12
CALLE;DE LOS;MONEDEROS;MONEDEROS;12
AVENIDA;DE;MONFORTE DE LEMOS;MONFORTE DE LEMOS;8
AVENIDA;DE;MONFORTE DE LEMOS;MONFORTE DE LEMOS;8
AVENIDA;DE;MONFORTE DE LEMOS;MONFORTE DE LEMOS;8
CALLE;DE;MONFRAGUE;MONFRAGUE;14
CALLE;DE;MONFRAGUE;MONFRAGUE;14
RONDA;DE LAS;MONJAS;MONJAS;9
CALLE;DE;MONLEON;MONLEÓN;13
CALLE;DE;MONOCEROS;MONOCEROS;9
CALLE;DE;MONOVAR;MONÓVAR;16
TRAVESÍA;DE;MONOVAR;MONÓVAR;16
CALLE;DE;MONROY;MONROY;10
CALLE;DE;MONSALUPE;MONSALUPE;10
CALLE;DEL;MONSEÑOR OSCAR ROMERO;MONSEÑOR ÓSCAR ROMERO;11
CALLE;DEL;MONSEÑOR OSCAR ROMERO;MONSEÑOR ÓSCAR ROMERO;11
CALLE;DE;MONTALBAN;MONTALBÁN;3
CALLE;DE;MONTALBOS;MONTALBOS;16
CALLE;DE;MONTAMARTA;MONTAMARTA;20
CALLE;DE;MONTANA;MONTANA;12
CALLE;DE;MONTANCHEZ;MONTÁNCHEZ;13
GLORIETA;DE LA;MONTAÑA;MONTAÑA;20
CAMINO;DEL;MONTE;MONTE;21
CALLE;DEL;MONTE AYA;MONTE AYA;18
CALLE;DEL;MONTE CALOBRO;MONTE CALOBRO;13
CAMINO;DEL;MONTE CARMELO;MONTE CARMELO;8
CAMINO;DEL;MONTE CARMELO;MONTE CARMELO;8
CAMINO;DEL;MONTE CARMELO;MONTE CARMELO;8
CALLE;DEL;MONTE DE MONTJUICH;MONTE DE MONTJUICH;18
CALLE;DEL;MONTE DE MONTJUICH;MONTE DE MONTJUICH;18
CALLE;DEL;MONTE DE PIEDAD;MONTE DE PIEDAD;4
CALLE;DEL;MONTE DE SAN MARCIAL;MONTE DE SAN MARCIAL;13
CALLE;DEL;MONTE DE SAN MARCIAL;MONTE DE SAN MARCIAL;13
GLORIETA;DEL;MONTE DEL GOZO;MONTE DEL GOZO;8
CARRETERA;DEL;MONTE DEL PILAR;MONTE DEL PILAR;9
CALLE;DEL;MONTE ESQUINZA;MONTE ESQUINZA;7
AVENIDA;DEL;MONTE IGUELDO;MONTE IGUELDO;13
CALLE;DEL;MONTE NARANCO;MONTE NARANCO;13
CALLE;DEL;MONTE OLIVETI;MONTE OLIVETI;13
CALLE;DEL;MONTE PARNASO;MONTE PARNASO;21
CALLE;DEL;MONTE PERDIDO;MONTE PERDIDO;13
CALLE;DEL;MONTE PERDIDO;MONTE PERDIDO;13
CALLE;DEL;MONTE SANTO;MONTE SANTO;18
CALLE;DEL;MONTE ULIA;MONTE ULÍA;13
CALLE;DEL;MONTE URGULL;MONTE URGULL;13
CAMINO;DEL;MONTE VIEJO;MONTE VIEJO;8
CALLE;DE;MONTEARAGON;MONTEARAGÓN;16
CALLE;DE;MONTEARAGON;MONTEARAGÓN;16
CALLE;DE;MONTEBLANCA;MONTEBLANCA;8
AVENIDA;DEL;MONTECARMELO;MONTECARMELO;8
AVENIDA;DEL;MONTECARMELO;MONTECARMELO;8
AVENIDA;DEL;MONTECARMELO;MONTECARMELO;8
CALLE;DE;MONTEFRIO;MONTEFRÍO;12
CALLE;DE;MONTEHERMOSO;MONTEHERMOSO;10
CALLE;DE;MONTEHERMOSO;MONTEHERMOSO;10
CALLE;DE;MONTEJO;MONTEJO;17
CALLE;DE;MONTEJURRA;MONTEJURRA;15
CALLE;DE;MONTELEON;MONTELEÓN;1
CALLE;DE;MONTELEON;MONTELEÓN;7
CALLE;DE;MONTEMAYOR DE PILILLA;MONTEMAYOR DE PILILLA;16
CALLE;DE;MONTEMOR;MONTEMOR;11
CALLE;DE LA;MONTERA;MONTERA;1
CALLE;DE;MONTERDE;MONTERDE;17
CALLE;DE LA;MONTERIA;MONTERÍA;16
CALLE;DE;MONTERO CALVO;MONTERO CALVO;9
CALLE;DE LOS;MONTEROS;MONTEROS;8
PLAZA;DE;MONTERREY;MONTERREY;16
CALLE;DE LOS;MONTES ALBERES;MONTES ALBERES;18
CALLE;DE LOS;MONTES CLAROS;MONTES CLAROS;13
CALLE;DE LOS;MONTES DE BARBANZA;MONTES DE BARBANZA;18
CALLE;DE LOS;MONTES DE TOLEDO;MONTES DE TOLEDO;18
CALLE;DE LOS;MONTES PIRINEOS;MONTES PIRINEOS;13
CALLE;DE LOS;MONTES UNIVERSALES;MONTES UNIVERSALES;13
CALLE;DE;MONTESA;MONTESA;4
CALLE;DE;MONTESA;MONTESA;4
PASAJE;DE;MONTESA;MONTESA;4
CALLE;DE;MONTEVERDE;MONTEVERDE;21
CALLE;DE;MONTEVIDEO;MONTEVIDEO;6
CALLE;DE;MONTIEL;MONTIEL;13
PLAZA;DE;MONTIEL;MONTIEL;13
PLAZA;DE;MONTILLA;MONTILLA;10
CALLE;DEL;MONTON DE TRIGO;MONTÓN DE TRIGO;9
CAMINO;DE;MONTORO;MONTORO;16
CALLE;DE;MONTOYA;MONTOYA;6
CALLE;DE;MONTPELLIER;MONTPELLIER;14
CALLE;DE;MONTSENY;MONTSENY;13
CALLE;DE;MONTSERRAT;MONTSERRAT;1
PASAJE;DEL;MONTSERRAT;MONTSERRAT;11
CALLE;DE;MONTUENGA;MONTUENGA;10
CALLE;DEL;MONZON;MONZÓN;21
CALLE;DE LAS;MOQUETAS;MOQUETAS;6
CALLE;DE;MORALEJA DE COCA;MORALEJA DE COCA;18
PASAJE;DE;MORALEJA DE ENMEDIO;MORALEJA DE ENMEDIO;5
CALLE;DE LOS;MORALES;MORALES;11
CALLEJÓN;DE LOS;MORALES;MORALES;5
CALLE;DE;MORALES DEL REY;MORALES DEL REY;20
CALLE;DE;MORALZARZAL;MORALZARZAL;8
CALLE;DE;MORALZARZAL;MORALZARZAL;8
CALLE;DE;MORANDO;MORANDO;6
CALLE;DE LAS;MORAS;MORAS;19
CALLE;DE;MORATA DE TAJUÑA;MORATA DE TAJUÑA;18
AVENIDA;DE;MORATALAZ;MORATALAZ;14
AVENIDA;DE;MORATALAZ;MORATALAZ;14
AVENIDA;DE;MORATALAZ;MORATALAZ;14
AVENIDA;DE;MORATALAZ;MORATALAZ;14
CALLE;DE;MORATALLA;MORATALLA;16
CALLE;DE;MORATILLA DE HENARES;MORATILLA DE HENARES;18
AVENIDA;DE;MORATILLA DE LOS MELEROS;MORATILLA DE LOS MELEROS;18
CALLE;DE;MORATIN;MORATÍN;1
CALLE;DE;MORATINES;MORATINES;2
CALLE;DE;MOREJA;MOREJA;12
CALLE;DE;MOREJON;MOREJÓN;7
CALLE;DE;MORENA CLARA;MORENA CLARA;13
CALLE;DE;MORENES ARTEAGA;MORENES ARTEAGA;11
CALLE;DE;MORENO;MORENO;11
CALLE;DE;MORENO NAVARRO;MORENO NAVARRO;13
CALLE;DE;MORENO NIETO;MORENO NIETO;2
CALLE;DE LAS;MORERAS;MORERAS;13
PASEO;DE LAS;MORERAS;MORERAS;17
PLAZA;DE LAS;MORERAS;MORERAS;9
CALLE;DE LA;MORERIA;MORERÍA;1
PLAZA;DE LA;MORERIA;MORERÍA;1
CALLE;DE;MORERUELA;MORERUELA;16
PASEO;DE;MORET;MORET;9
PASEO;DE;MORET;MORET;9
CALLE;DE;MORETO;MORETO;3
CALLE;DE;MORILES;MORILES;10
CALLE;DEL;MORTERO;MORTERO;9
CALLE;DE LA;MOSCARETA;MOSCARETA;10
CALLE;DE;MOSCATELAR;MOSCATELAR;16
CALLE;DE;MOSCATELAR;MOSCATELAR;16
CALLE;DE;MOSCATELAR;MOSCATELAR;20
CALLE;DE;MOSCATELAR;MOSCATELAR;21
CALLE;DE;MOSCU;MOSCÚ;20
CALLE;DE LA;MOSQUETA;MOSQUETA;10
PLAZA;DE LOS;MOSTENSES;MOSTENSES;1
CALLE;DE;MOSTOLES;MÓSTOLES;5
CALLE;DE;MOSTOLES;MÓSTOLES;5
CALLE;DE;MOTA DEL CUERVO;MOTA DEL CUERVO;16
CALLE;DE;MOTILLA DEL PALANCAR;MOTILLA DEL PALANCAR;16
CALLE;DE;MOTRICO;MOTRICO;9
CALLE;DE;MOTRIL;MOTRIL;12
PLAZA;DEL;MOVIMIENTO CIUDADANO;MOVIMIENTO CIUDADANO;12
CALLE;DE;MOVINDA;MOVINDA;20
CALLE;DE;MOZART;MOZART;9
CALLE;DE;MUDELA;MUDELA;13
CALLE;DE LA;MUELA DE SAN JUAN;MUELA DE SAN JUAN;18
CALLE;DE;MUELAS DEL PAN;MUELAS DEL PAN;20
CALLE;DEL;MUELLE;MUELLE;18
CALLE;DEL;MUGUET;MUGUET;11
CALLE;DE;MUIÑOS;MUIÑOS;18
PLAZA;DE LAS;MUJERES;MUJERES;19
CALLE;DE;MULLER;MULLER;6
CALLE;DEL;MUNDILLO;MUNDILLO;6
PLAZA;DE;MUNGUIA;MUNGUÍA;12
CALLE;DE;MUNICH;MUNICH;14
PLAZA;DE;MUNILLA;MUNILLA;19
CALLE;DE;MUNTADAS;MUNTADAS;10
CALLE;DE;MUÑANA;MUÑANA;10
CALLE;DE;MUÑICO;MUÑICO;10
CALLE;DE;MUÑICO;MUÑICO;10
CALLE;DE;MUÑICO;MUÑICO;10
CALLE;DE;MUÑOPEDRO;MUÑOPEDRO;2
CALLE;DE;MUÑOZ TORRERO;MUÑOZ TORRERO;1
CALLE;DE LA;MURALLA;MURALLA;8
CALLE;DE LAS;MURALLAS DE AVILA;MURALLAS DE ÁVILA;11
CALLE;DE LAS;MURALLAS DE LUGO;MURALLAS DE LUGO;11
CALLE;DE;MURCIA;MURCIA;2
CALLEJÓN;DE;MURCIA;MURCIA;15
CALLE;DE;MURIAS DE PAREDES;MURIAS DE PAREDES;16
CALLE;DE;MURILLO;MURILLO;7
PLAZA;DE;MURILLO;MURILLO;3
CALLE;DEL;MURO;MURO;21
CALLE;DE LAS;MUSAS;MUSAS;20
CALLE;DEL;MUSGO;MUSGO;9
CALLE;DE LA;MUSICA;MÚSICA;20
CALLE;DE LA;MUTUAL;MUTUAL;11
CALLE;DEL;NACIMIENTO;NACIMIENTO;20
CALLE;DE LAS;NACIONES;NACIONES;4
CALLE;DEL;NADIR;NADIR;9
CALLE;DE;NADOR;NADOR;6
CALLE;DEL;NAJARRA;NAJARRA;13
CALLE;DE;NAJERA;NÁJERA;11
PLAZA;DE;NALDA;NALDA;15
CALLE;DE;NANCLARES DE OCA;NANCLARES DE OCA;20
CALLE;DE;NANTES;NANTES;20
CALLE;DE;NAO;NAO;1
CALLE;DE;NAPOLES;NÁPOLES;16
CALLE;DEL;NARANJO;NARANJO;6
CALLE;DE;NARCIS MONTURIOL;NARCÍS MONTURIOL;8
CALLE;DE;NARCISO SERRA;NARCISO SERRA;3
CALLE;DE LOS;NARCISOS;NARCISOS;5
CALLE;DEL;NARDO;NARDO;6
TRAVESÍA;DEL;NARDO;NARDO;6
CAMINO;DE LOS;NARROS;NARROS;8
CALLE;DE;NARVAEZ;NARVÁEZ;3
CALLE;DE;NARVAEZ;NARVÁEZ;4
CALLE;DE;NATALIA DE SILVA;NATALIA DE SILVA;15
CALLE;DE;NATI MISTRAL;NATI MISTRAL;2
CALLE;DE LA;NATIVIDAD;NATIVIDAD;20
BULEVAR;DE LA;NATURALEZA;NATURALEZA;18
BULEVAR;DE LA;NATURALEZA;NATURALEZA;18
CAMINO;DE LA;NAVA;NAVA;8
CALLE;DE LA;NAVA DE ROA;NAVA DE ROA;8
CALLE;DE;NAVACEPEDILLA;NAVACEPEDILLA;10
GLORIETA;DE;NAVACERRADA;NAVACERRADA;4
CAMINO;DE;NAVACHESCAS A CASTREJON;NAVACHESCAS A CASTREJÓN;8
CAMINO;DE;NAVACHESCAS A LA ATALAYUELA;NAVACHESCAS A LA ATALAYUELA;8
CAMINO;DE;NAVACHESCAS A LA ATALAYUELA;NAVACHESCAS A LA ATALAYUELA;8
CAMINO;DE;NAVACHESCAS A LA CASA DE VALDELAPEÑA;NAVACHESCAS A LA CASA DE VALDELAPEÑA;8
PISTA;DE;NAVACHESCAS A LA TROFA;NAVACHESCAS A LA TROFA;8
PLAZA;DE;NAVAFRIA;NAVAFRÍA;15
CAMINO;DE;NAVAHERMOSA;NAVAHERMOSA;8
CALLE;DE;NAVAHONDA;NAVAHONDA;11
CALLE;DE;NAVALAFUENTE;NAVALAFUENTE;5
CAMINO;DE;NAVALASMUELAS;NAVALASMUELAS;8
CAMINO;DE;NAVALASMUELAS;NAVALASMUELAS;8
CALLE;DE;NAVALCAN;NAVALCÁN;9
PASAJE;DE;NAVALCARNERO;NAVALCARNERO;5
CAMINO;DE;NAVALCARRO;NAVALCARRO;8
CARRETERA;DE;NAVALCARRO;NAVALCARRO;8
CARRETERA;DE;NAVALCARRO;NAVALCARRO;8
CALLE;DE;NAVALENO;NAVALENO;16
CALLE;DE;NAVALMANZANO;NAVALMANZANO;9
CALLE;DE;NAVALMORAL DE LA MATA;NAVALMORAL DE LA MATA;10
CALLE;DE;NAVALPERAL;NAVALPERAL;9
CAMINO;DE;NAVALPUERCO;NAVALPUERCO;8
PISTA;DE;NAVALPUERCO;NAVALPUERCO;8
CALLE;DE;NAVALUENGA;NAVALUENGA;8
CALLE;DE;NAVAMURES;NAVAMURES;18
CALLE;DE;NAVARIDAS;NAVARIDAS;20
CALLE;DE;NAVARRA;NAVARRA;6
CALLE;DE;NAVARREDONDA DE GREDOS;NAVARREDONDA DE GREDOS;8
CALLE;DE;NAVARRETE;NAVARRETE;8
CALLE;DE;NAVARRO AMANDI;NAVARRO AMANDI;15
CAMINO;DE;NAVARRONDAN;NAVARRONDÁN;8
PLAZA;DE LOS;NAVARROS;NAVARROS;11
CALLE;DE;NAVAS DE ORO;NAVAS DE ORO;9
CALLE;DE LAS;NAVAS DE TOLOSA;NAVAS DE TOLOSA;1
CALLE;DE;NAVAS DEL REY;NAVAS DEL REY;10
CALLE;DE;NAVASCUES;NAVASCUÉS;12
CALLE;DE;NAVASECAS;NAVASECAS;9
CALLE;DE LA;NAVEGACION;NAVEGACIÓN;17
CALLE;DE LAS;NAVES;NAVES;2
CALLE;DE;NAVIA;NAVIA;10
CAMINO;DE LA;NAVILLA;NAVILLA;8
PLAZA;DEL;NAVIO;NAVÍO;21
AVENIDA;DE;NAZARET;NAZARET;3
CALLE;DE;NAZARIN;NAZARÍN;19
CALLEJÓN;DE;NEBLI;NEBLI;11
CALLE;DE LAS;NEBULOSAS;NEBULOSAS;2
CALLE;DEL;NECTAR;NÉCTAR;20
CAMINO;DE;NEGRALEJO;NEGRALEJO;19
CAMINO;DE;NEGRALEJO;NEGRALEJO;19
CALLE;DE LAS;NEGRAS;NEGRAS;1
CALLE;DE LA;NEGUILLA;NEGUILLA;10
CALLE;DE;NEGURI;NEGURI;17
CALLE;DE;NELLY SACHS;NELLY SACHS;17
PLAZA;DE;NELSON MANDELA;NELSON MANDELA;1
CALLE;DEL;NENUFAR;NENÚFAR;6
CALLE;DE;NEREIDA;NEREIDA;2
CALLE;DE;NERINE;NERINE;11
CALLE;DE;NERJA;NERJA;2
CALLE;DEL;NERVION;NERVIÓN;5
CALLE;DE;NESTARES;NESTARES;2
CALLE;DE;NESTOR;NÉSTOR;20
CALLE;DEL;NEVADO DEL CUMBAL;NEVADO DEL CUMBAL;16
CALLE;DEL;NEVADO DEL RUIZ;NEVADO DEL RUIZ;16
CALLE;DE;NEWTON;NEWTON;8
CALLE;DE;NICARAGUA;NICARAGUA;5
PLAZA;DE;NICARAGUA;NICARAGUA;3
CALLE;DE;NICASIO GALLEGO;NICASIO GALLEGO;7
AVENIDA;DE;NICETO ALCALA ZAMORA;NICETO ALCALÁ ZAMORA;8
AVENIDA;DE;NICETO ALCALA ZAMORA;NICETO ALCALÁ ZAMORA;16
AVENIDA;DE;NICETO ALCALA ZAMORA;NICETO ALCALÁ ZAMORA;16
AVENIDA;DE;NICETO ALCALA ZAMORA;NICETO ALCALÁ ZAMORA;16
CALLE;DE;NICOLAS AROCENA;NICOLÁS AROCENA;6
CALLE;DE;NICOLAS CABRERA;NICOLÁS CABRERA;8
CALLE;DE;NICOLAS GODOY;NICOLÁS GODOY;12
CALLE;DE;NICOLAS MARIA URGOITI;NICOLÁS MARÍA URGOITI;8
CALLE;DE;NICOLAS MORALES;NICOLÁS MORALES;11
CALLE;DE;NICOLAS SALMERON;NICOLÁS SALMERÓN;15
CALLE;DE;NICOLAS SANCHEZ;NICOLÁS SÁNCHEZ;12
CALLE;DE;NICOLAS SANCHEZ;NICOLÁS SÁNCHEZ;12
CALLE;DE;NICOLAS USERA;NICOLÁS USERA;12
CALLE;DE;NICOLAS USERA;NICOLÁS USERA;12
CALLE;DE;NICOLAS USERA;NICOLÁS USERA;12
CALLE;DE;NICOLASA GOMEZ;NICOLASA GÓMEZ;20
CALLE;DE;NIELFA;NIELFA;5
CALLE;DE;NIEREMBERG;NIEREMBERG;5
CALLE;DE;NIKOLA TESLA;NIKOLA TESLA;13
CALLE;DE;NIMES;NIMES;20
CALLE;DEL;NIÑO;NIÑO;19
PLAZA;DEL;NIÑO JESUS;NIÑO JESÚS;3
CALLE;DEL;NIQUEL;NÍQUEL;17
CALLE;DEL;NISCALO;NÍSCALO;9
CALLE;DEL;NISPERO;NÍSPERO;5
CALLE;DE;NIVAR;NÍVAR;12
AVENIDA;DE;NIZA;NIZA;20
CALLE;DEL;NOBELIO;NOBELIO;17
CALLE;DE;NOBLEJAS;NOBLEJAS;1
CALLE;DE LA;NOCHEBUENA;NOCHEBUENA;12
CALLE;DE;NOEZ;NOEZ;17
CALLE;DEL;NOGAL;NOGAL;6
CALLE;DE LOS;NOGALES;NOGALES;2
CALLE;DE LOS;NOGALES;NOGALES;2
CALLE;DE LA;NOPALERA;NOPALERA;10
CALLE;DEL;NORAY;NORAY;21
CALLE;DE;NORBERTO;NORBERTO;13
CALLE;DE;NORMANDIA;NORMANDÍA;20
CALLE;DE;NORMANDIA;NORMANDÍA;20
CALLE;DE LAS;NORMAS;NORMAS;15
CALLE;DEL;NORTE;NORTE;1
PLAZA;DEL;NORTE;NORTE;6
CALLE;DE;NORUEGA;NORUEGA;20
CALLE;DE;NORUEGA;NORUEGA;20
CALLE;DE;NOVECENTO;NOVECENTO;13
CALLE;;NOVEMBER;NOVEMBER;21
CALLE;;NOVENA;NOVENA;5
CALLE;DEL;NOVICIADO;NOVICIADO;1
CALLE;DE;NOVIEMBRE;NOVIEMBRE;20
CALLE;DE;NUESTRA SEÑORA DE ARACELI;NUESTRA SEÑORA DE ARACELI;21
AVENIDA;DE;NUESTRA SEÑORA DE BEGOÑA;NUESTRA SEÑORA DE BEGOÑA;9
CALLE;DE;NUESTRA SEÑORA DE BEGOÑA;NUESTRA SEÑORA DE BEGOÑA;17
AVENIDA;DE;NUESTRA SEÑORA DE FATIMA;NUESTRA SEÑORA DE FÁTIMA;11
CALLE;DE;NUESTRA SEÑORA DE GRACIA;NUESTRA SEÑORA DE GRACIA;11
CALLE;DE;NUESTRA SEÑORA DE GUADALUPE;NUESTRA SEÑORA DE GUADALUPE;4
CALLE;DE;NUESTRA SEÑORA DE LA ANTIGUA;NUESTRA SEÑORA DE LA ANTIGUA;11
CALLE;DE;NUESTRA SEÑORA DE LA BLANCA;NUESTRA SEÑORA DE LA BLANCA;20
PLAZA;DE;NUESTRA SEÑORA DE LA CANDELARIA;NUESTRA SEÑORA DE LA CANDELARIA;20
CALLE;DE;NUESTRA SEÑORA DE LA ESPERANZA;NUESTRA SEÑORA DE LA ESPERANZA;11
CALLE;DE;NUESTRA SEÑORA DE LA LUZ;NUESTRA SEÑORA DE LA LUZ;10
CALLE;DE;NUESTRA SEÑORA DE LA LUZ;NUESTRA SEÑORA DE LA LUZ;11
CALLE;DE;NUESTRA SEÑORA DE LA LUZ;NUESTRA SEÑORA DE LA LUZ;11
CALLE;DE;NUESTRA SEÑORA DE LA PAZ;NUESTRA SEÑORA DE LA PAZ;3
CALLE;DE;NUESTRA SEÑORA DE LA SOLEDAD;NUESTRA SEÑORA DE LA SOLEDAD;11
CALLE;DE;NUESTRA SEÑORA DE LA TORRE;NUESTRA SEÑORA DE LA TORRE;18
CALLE;DE;NUESTRA SEÑORA DE LAS ANGUSTIAS;NUESTRA SEÑORA DE LAS ANGUSTIAS;5
CALLE;DE;NUESTRA SEÑORA DE LAS MERCEDES;NUESTRA SEÑORA DE LAS MERCEDES;13
PLAZA;DE;NUESTRA SEÑORA DE LORETO;NUESTRA SEÑORA DE LORETO;21
CALLE;DE;NUESTRA SEÑORA DE LOS DOLORES;NUESTRA SEÑORA DE LOS DOLORES;6
CALLE;DE;NUESTRA SEÑORA DE LUJAN;NUESTRA SEÑORA DE LUJÁN;5
AVENIDA;DE;NUESTRA SEÑORA DE VALVANERA;NUESTRA SEÑORA DE VALVANERA;10
AVENIDA;DE;NUESTRA SEÑORA DE VALVANERA;NUESTRA SEÑORA DE VALVANERA;10
AVENIDA;DE;NUESTRA SEÑORA DE VALVANERA;NUESTRA SEÑORA DE VALVANERA;11
AVENIDA;DE;NUESTRA SEÑORA DE VALVANERA;NUESTRA SEÑORA DE VALVANERA;11
CALLE;DE;NUESTRA SEÑORA DE VALVERDE;NUESTRA SEÑORA DE VALVERDE;8
CALLE;DE;NUESTRA SEÑORA DE VALVERDE;NUESTRA SEÑORA DE VALVERDE;8
PLAZA;DE;NUESTRA SEÑORA DEL BUEN CAMINO;NUESTRA SEÑORA DEL BUEN CAMINO;9
PLAZA;DE;NUESTRA SEÑORA DEL BUEN CONSEJO;NUESTRA SEÑORA DEL BUEN CONSEJO;9
CALLE;DE;NUESTRA SEÑORA DEL CARMEN;NUESTRA SEÑORA DEL CARMEN;6
CALLE;DE;NUESTRA SEÑORA DEL PERPETUO SOCORRO;NUESTRA SEÑORA DEL PERPETUO SOCORRO;13
PLAZA;DE;NUESTRA SEÑORA DEL PILAR;NUESTRA SEÑORA DEL PILAR;5
PLAZA;DE;NUESTRA SEÑORA DEL PRADO;NUESTRA SEÑORA DEL PRADO;8
PASEO;DE;NUESTRA SEÑORA DEL RECUERDO;NUESTRA SEÑORA DEL RECUERDO;5
CALLE;DE;NUESTRA SEÑORA DEL ROSARIO;NUESTRA SEÑORA DEL ROSARIO;11
PLAZA;DE;NUESTRA SEÑORA DEL TRANSITO;NUESTRA SEÑORA DEL TRÁNSITO;16
CALLE;DE;NUESTRA SEÑORA DEL VILLAR;NUESTRA SEÑORA DEL VILLAR;15
CALLE;DE;NUEVA CALEDONIA;NUEVA CALEDONIA;9
CALLE;;NUEVA DE EL PARDO;NUEVA DE EL PARDO;8
PLAZA;DE;NUEVA ORLEANS;NUEVA ORLEANS;15
CALLE;DE;NUEVA ZELANDA;NUEVA ZELANDA;8
CALLE;DE;NUEVA ZELANDA;NUEVA ZELANDA;9
CALLE;DE;NUEVA ZELANDA;NUEVA ZELANDA;9
CALLE;;NUEVE;NUEVE;20
CALLE;;NUEVE MERCAMADRID;NUEVE MERCAMADRID;18
CAMINO;;NUEVO;NUEVO;9
CAMINO;;NUEVO;NUEVO;9
CAMINO;;NUEVO AL CERRO DE BUENAVISTA;NUEVO AL CERRO DE BUENAVISTA;8
CALLE;;NUEVO BAZTAN;NUEVO BAZTÁN;3
CAMINO;;NUEVO DE RIVERA CASA EULOGIO;NUEVO DE RIVERA CASA EULOGIO;18
CAMINO;;NUEVO DE VALDELAMASA;NUEVO DE VALDELAMASA;8
CALLE;DE;NUMANCIA;NUMANCIA;6
CALLE;DE;NUMANCIA;NUMANCIA;9
CALLE;DEL;NUNCIO;NUNCIO;1
COSTANILLA;DEL;NUNCIO;NUNCIO;1
CALLE;DE;NUÑEZ DE ARCE;NÚÑEZ DE ARCE;1
CALLE;DE;NUÑEZ DE BALBOA;NÚÑEZ DE BALBOA;4
CALLE;DE;NUÑEZ DE BALBOA;NÚÑEZ DE BALBOA;4
CALLE;DE;NUÑEZ DE BALBOA;NÚÑEZ DE BALBOA;5
CALLE;DE;NUÑEZ MORGADO;NÚÑEZ MORGADO;5
CALLE;DE;NUÑO GOMEZ;NUÑO GÓMEZ;17
CALLE;DE;NUÑOMORAL;NUÑOMORAL;10
CALLE;DE;NUREMBERG;NUREMBERG;20
CALLE;DE;NURIA;NURIA;8
CALLE;DE;NURIA;NURIA;8
CALLE;DE;O'DONNELL;O'DONNELL;3
CALLE;DE;O'DONNELL;O'DONNELL;3
CALLE;DE;O'DONNELL;O'DONNELL;3
CALLE;DE;O'DONNELL;O'DONNELL;4
CALLE;DE;O'DONNELL;O'DONNELL;4
CALLE;DE;O'DONNELL;O'DONNELL;4
CALLE;DE;O'DONNELL;O'DONNELL;14
CALLE;DE;O'DONNELL;O'DONNELL;14
CALLE;DE;O'DONNELL;O'DONNELL;14
CALLE;DE;O'DONNELL;O'DONNELL;15
CALLE;DE;O'DONNELL;O'DONNELL;15
CALLE;DE;O'DONNELL;O'DONNELL;19
CALLE;DEL;OASIS;OASIS;17
CALLE;DE;OBANOS;OBANOS;8
CALLE;DEL;OBENQUE;OBENQUE;21
CALLE;DE;OBERON;OBERÓN;14
CALLE;DE LA;OBERTURA;OBERTURA;10
PASAJE;DEL;OBISPO;OBISPO;1
CALLE;DEL;OBISPO TREJO;OBISPO TREJO;9
CALLE;DEL;OBOE;OBOE;15
CALLE;DEL;OBOLO;ÓBOLO;11
PLAZUELA;DE LA;OBRA;OBRA;20
PLAZA;DEL;OBRADOIRO;OBRADOIRO;8
CALLE;DE LA;OCA;OCA;11
CALLE;DE LA;OCA;OCA;11
CALLE;DE;OCAÑA;OCAÑA;10
CALLE;DE;OCCIDENTE;OCCIDENTE;11
CALLE;DE;OCHAGAVIA;OCHAGAVÍA;9
CALLE;DE;OCHANDIANO;OCHANDIANO;9
CALLE;;OCHO;OCHO;20
CALLE;;OCHO MERCAMADRID;OCHO MERCAMADRID;18
CALLE;;OCTAVA;OCTAVA;5
CALLE;DE;OCTAVIO PAZ;OCTAVIO PAZ;16
CALLE;DE;OCTUBRE;OCTUBRE;20
PLAZA;DEL;OESTE;OESTE;6
CALLE;DE;OFELIA NIETO;OFELIA NIETO;6
CALLE;DE;OFELIA NIETO;OFELIA NIETO;9
PLAZA;DE LOS;OJOS DE LA MEZQUITA;OJOS DE LA MEZQUITA;12
PLAZA;DE LOS;OJOS DE LA MEZQUITA;OJOS DE LA MEZQUITA;12
CALLE;DE LAS;OLAS;OLAS;17
PLAZA;DE;OLAVIDE;OLAVIDE;7
CALLE;DEL;OLEO;ÓLEO;20
CALLE;DE;OLESA DE MONTSERRAT;OLESA DE MONTSERRAT;8
GLORIETA;DE;OLGA RAMOS;OLGA RAMOS;8
CALLE;DE;OLIANA;OLIANA;16
CALLE;DE;OLID;OLID;7
CALLE;DEL;OLIGISTO;OLIGISTO;12
CALLE;DE LA;OLIMPIADA;OLIMPIADA;9
CALLE;DE;OLIMPIO LOPEZ;OLIMPIO LÓPEZ;16
CALLE;DEL;OLIMPO;OLIMPO;16
CALLE;DE;OLITE;OLITE;6
CALLE;DE;OLIVA DE PLASENCIA;OLIVA DE PLASENCIA;10
CALLE;DEL;OLIVAR;OLIVAR;1
CAMINO;DEL;OLIVAR;OLIVAR;16
CAMINO;DEL;OLIVAR;OLIVAR;21
PLAZA;DE LAS;OLIVAS;OLIVAS;20
CALLE;DEL;OLIVILLO;OLIVILLO;9
CALLE;DEL;OLIVILLO;OLIVILLO;10
CALLE;DEL;OLIVINO;OLIVINO;9
PASAJE;DEL;OLIVINO;OLIVINO;9
CALLE;DEL;OLIVO;OLIVO;9
CALLE;DE LOS;OLIVOS;OLIVOS;7
COSTANILLA;DE LOS;OLIVOS;OLIVOS;10
PASEO;DE LOS;OLIVOS;OLIVOS;10
CALLE;DEL;OLMO;OLMO;1
PASEO;DE LOS;OLMOS;OLMOS;2
CALLE;DE;OLOMBRADA;OLOMBRADA;8
CALLE;DE;OLTRA;OLTRA;4
CALLE;DE;OLVEGA;OLVEGA;16
CALLE;DEL;OLVIDO;OLVIDO;12
CALLE;DEL;OLVIDO;OLVIDO;12
PARTICULAR;DEL;OLVIDO;OLVIDO;12
TRAVESÍA;DEL;OLVIDO;OLVIDO;12
CALLE;DEL;OMBU;OMBÚ;2
CALLE;DE;OMEGA;OMEGA;19
CALLE;;ONCE;ONCE;20
CALLE;;ONCE MERCAMADRID;ONCE MERCAMADRID;18
CALLE;DE LAS;ONCE VIGAS;ONCE VIGAS;6
CALLE;DE LAS;ONCE VIGAS;ONCE VIGAS;11
CALLE;DE;ONDARROA;ONDÁRROA;9
CALLE;DEL;ONICE;ÓNICE;2
CALLE;DEL;ONICE;ÓNICE;2
CALLE;DE;ONIL;ONIL;10
CALLE;DE;ONTANEDA;ONTANEDA;13
CALLE;DE;ONTANILLA;ONTANILLA;11
CALLE;DE;OÑA;OÑA;16
CALLE;DE;OÑATE;OÑATE;6
CALLE;DEL;OPALO;ÓPALO;17
TRAVESÍA;DEL;OPAÑEL;OPAÑEL;11
CALLE;DE;OPON;OPÓN;16
AVENIDA;DE;OPORTO;OPORTO;11
AVENIDA;DE;OPORTO;OPORTO;11
AVENIDA;DE;OPORTO;OPORTO;11
CALLE;DE LOS;OPTICOS;ÓPTICOS;20
CALLE;DE;OQUENDO;OQUENDO;5
CALLE;DE;ORCASITAS;ORCASITAS;4
AVENIDA;DE;ORCASUR;ORCASUR;12
CALLE;DE LA;ORDEN;ORDEN;6
CALLE;DE;ORDICIA;ORDICIA;12
CALLE;DE;ORDOÑEZ;ORDOÑEZ;6
CALLE;DE;ORDOÑO;ORDOÑO;10
PLAZA;DE;ORDOÑO;ORDOÑO;10
CALLE;DE;ORDUÑA;ORDUÑA;8
CALLE;DEL;OREGANO;ORÉGANO;9
CALLE;DE;OREJA;OREJA;12
CALLE;DE;ORELLANA;ORELLANA;1
CALLE;DE;ORENSE;ORENSE;6
CALLE;DE;ORENSE;ORENSE;6
CALLE;DE LA;ORFEBRERIA;ORFEBRERÍA;20
CALLE;DE;ORFEO;ORFEO;20
CALLE;DE;ORFILA;ORFILA;7
CALLE;DE;ORGAZ;ORGAZ;11
CALLE;DE;ORGIVA;ÓRGIVA;12
CALLE;DEL;ORIA;ORIA;5
CALLE;DEL;ORIANA;ORIANA;2
CALLE;DE;ORIENTE;ORIENTE;1
PLAZA;DE;ORIENTE;ORIENTE;1
PLAZA;DE;ORIENTE;ORIENTE;8
CALLE;DE;ORIO;ORIO;17
CALLE;DE;ORION;ORIÓN;21
CALLE;DE;ORIZABA;ORIZABA;20
CALLE;DEL;ORO;ORO;17
CALLE;DE LA;OROPENDOLA;OROPÉNDOLA;11
AVENIDA;;OROVILLA;OROVILLA;12
AVENIDA;;OROVILLA;OROVILLA;17
CALLE;DE;OROYA;OROYA;11
CALLE;DE LAS;ORQUIDEAS;ORQUÍDEAS;6
PLAZA;DE;ORTEGA Y MUNILLA;ORTEGA Y MUNILLA;2
CAMINO;DEL;ORTIGAL;ORTIGAL;8
PLAZA;DE;ORTIGOSA;ORTIGOSA;15
CALLE;DE;ORTIZ CAMPOS;ORTÍZ CAMPOS;12
CALLE;DE;ORURO;ORURO;5
PASAJE;DE;ORUSCO;ORUSCO;14
CALLE;DE LA;ORZA;ORZA;9
CALLE;DE;OSA DE LA VEGA;OSA DE LA VEGA;10
AVENIDA;DE LA;OSA MAYOR;OSA MAYOR;9
CALLE;DE LA;OSA MENOR;OSA MENOR;9
CALLE;;OSCAR;OSCAR;21
CALLE;DE;OSIRIS;OSIRIS;20
CALLE;DE;OSLO;OSLO;15
CALLE;DE;OSLO;OSLO;20
CALLE;DEL;OSO;OSO;1
GLORIETA;DE;OSWALDO PAYA SARDIÑAS;OSWALDO PAYÁ SARDIÑAS;16
CALLE;DE;OTAMENDI;OTAMENDI;6
CALLE;DE;OTEIZA;OTEIZA;12
CALLE;DE;OTERO;OTERO;4
CALLE;DE;OTERO DE LOS HERREROS;OTERO DE LOS HERREROS;8
CALLE;DE;OTERO Y DELAGE;OTERO Y DELAGE;8
CALLE;DE;OTERUELO DEL VALLE;OTERUELO DEL VALLE;8
CALLE;DEL;OTOÑO;OTOÑO;20
CALLE;DE;OUDRID;OUDRID;6
CALLE;DE;OVIEDO;OVIEDO;6
CALLE;DEL;OXALIS;OXALIS;11
CALLE;DEL;OXIGENO;OXÍGENO;17
TRAVESÍA;DEL;OXIGENO;OXÍGENO;17
PLAZA;DE;OYARZUN;OYARZUN;12
CALLE;DE;PABLO ARANDA;PABLO ARANDA;5
CALLE;DE;PABLO CASALS;PABLO CASALS;10
CALLE;DE;PABLO GARGALLO;PABLO GARGALLO;8
AVENIDA;DE;PABLO IGLESIAS;PABLO IGLESIAS;6
AVENIDA;DE;PABLO IGLESIAS;PABLO IGLESIAS;7
AVENIDA;DE;PABLO IGLESIAS;PABLO IGLESIAS;9
CALLE;DE;PABLO JIMENEZ CANO;PABLO JIMÉNEZ CANO;15
CALLE;DE;PABLO LAFARGUE;PABLO LAFARGUE;15
CALLE;DE;PABLO LUNA;PABLO LUNA;5
CALLE;DE;PABLO MONTESINOS;PABLO MONTESINOS;11
AVENIDA;DE;PABLO NERUDA;PABLO NERUDA;13
AVENIDA;DE;PABLO NERUDA;PABLO NERUDA;13
AVENIDA;DE;PABLO NERUDA;PABLO NERUDA;13
CALLE;DE;PABLO ORTIZ;PABLO ORTIZ;12
CALLE;DE;PABLO RICA;PABLO RICA;13
PLAZA;DE;PABLO RUIZ PICASSO;PABLO RUIZ PICASSO;6
CALLE;DE;PABLO SANCHEZ;PABLO SÁNCHEZ;15
CALLE;DE;PABLO SARASATE;PABLO SARASATE;10
CALLE;DE;PABLO SERRANO;PABLO SERRANO;16
CALLE;DE;PABLO VIDAL;PABLO VIDAL;15
CALLE;DE;PABLO VIDAL;PABLO VIDAL;15
CALLE;DE;PACA DIAZ;PACA DÍAZ;9
GLORIETA;DE;PACO MARTINEZ SORIA;PACO MARTÍNEZ SORIA;13
CALLE;DE;PACORRO;PACORRO;11
CALLE;DE;PADILLA;PADILLA;4
CALLE;DE;PADILLA;PADILLA;4
CALLE;DE;PADILLA DE DUERO;PADILLA DE DUERO;16
CALLE;DE;PADORNELO;PADORNELO;8
CALLE;DEL;PADRE AMIGO;PADRE AMIGO;11
CALLE;DEL;PADRE ARRUPE;PADRE ARRUPE;16
AVENIDA;DEL;PADRE CIPRIANO;PADRE CIPRIANO;8
CALLE;DEL;PADRE CLARET;PADRE CLARET;5
CALLE;DEL;PADRE CLARET;PADRE CLARET;5
CALLE;DEL;PADRE COLOMA;PADRE COLOMA;15
CALLE;DEL;PADRE DAMIAN;PADRE DAMIÁN;5
CALLE;DEL;PADRE DAMIAN;PADRE DAMIÁN;5
CALLE;DEL;PADRE FRANCISCO PALAU Y QUER;PADRE FRANCISCO PALAU Y QUER;5
CALLE;DEL;PADRE GREGORIO DE CESPEDES;PADRE GREGORIO DE CÉSPEDES;19
CALLE;DEL;PADRE GREGORIO DE CESPEDES;PADRE GREGORIO DE CÉSPEDES;19
AVENIDA;DEL;PADRE HUIDOBRO;PADRE HUIDOBRO;9
AVENIDA;DEL;PADRE HUIDOBRO;PADRE HUIDOBRO;9
AVENIDA;DEL;PADRE HUIDOBRO;PADRE HUIDOBRO;9
AVENIDA;DEL;PADRE HUIDOBRO;PADRE HUIDOBRO;9
CALLE;DEL;PADRE INDALECIO HERNANDEZ;PADRE INDALECIO HERNÁNDEZ;5
CALLE;DEL;PADRE JESUS ORDOÑEZ;PADRE JESÚS ORDOÑEZ;5
CALLE;DEL;PADRE JOSE MARIA;PADRE JOSÉ MARÍA;12
CALLE;DEL;PADRE LLANOS;PADRE LLANOS;13
GLORIETA;;PADRE LUIS DE LEZAMA;PADRE LUIS DE LEZAMA;
CALLE;DEL;PADRE OLTRA;PADRE OLTRA;11
AVENIDA;DEL;PADRE PIQUER;PADRE PIQUER;10
AVENIDA;DEL;PADRE PIQUER;PADRE PIQUER;10
CALLE;DEL;PADRE POVEDA;PADRE POVEDA;20
CALLE;DEL;PADRE RUBIO;PADRE RUBIO;6
CALLE;DEL;PADRE XIFRE;PADRE XIFRÉ;4
CALLE;DEL;PADRE XIFRE;PADRE XIFRÉ;5
CALLE;DE LOS;PADRES DOMINICOS;PADRES DOMINICOS;16
PLAZA;DE;PADRON;PADRÓN;8
CALLE;DE;PADUL;PADUL;12
CALLE;DE;PAIPA;PAIPA;16
CALLE;DEL;PAISAJE DE ARANJUEZ;PAISAJE DE ARANJUEZ;11
CAMINO;DE LA;PAJA;PAJA;8
PLAZA;DE LA;PAJA;PAJA;1
PLAZA;DE LA;PAJA;PAJA;8
CALLE;DE LA;PAJARERA REAL;PAJARERA REAL;11
CALLE;DE LOS;PAJARITOS;PAJARITOS;3
CALLE;DE LOS;PAJARONES;PAJARONES;21
PLAZA;DE LOS;PAJARONES;PAJARONES;21
AVENIDA;DEL;PALACIO;PALACIO;8
CARRETERA;DEL;PALACIO DE LA REAL QUINTA;PALACIO DE LA REAL QUINTA;8
CALLE;DE;PALACIOS;PALACIOS;6
CALLE;DE;PALAFOX;PALAFOX;7
CALLE;DE;PALAMOS;PALAMÓS;13
CALLE;DE;PALANQUINOS;PALANQUINOS;20
CALLE;DE;PALAS DE REY;PALAS DE REY;8
CALLE;DEL;PALAU DE LA MUSICA;PALAU DE LA MÚSICA;11
CALLE;DE;PALAZUELOS;PALAZUELOS;18
CALLE;DE;PALENCIA;PALENCIA;6
CALLE;DE;PALERMO;PALERMO;16
CALLE;DE;PALESTINA;PALESTINA;18
CALLE;DE LA;PALMA;PALMA;1
CALLE;DE;PALMA DEL RIO;PALMA DEL RÍO;5
CALLE;DE LAS;PALMAS;PALMAS;4
CALLE;DE LA;PALMERA;PALMERA;6
CALLE;DEL;PALMERAL DE ELCHE;PALMERAL DE ELCHE;11
CALLE;DEL;PALMIPEDO;PALMÍPEDO;10
CALLE;DEL;PALMITO;PALMITO;5
CALLE;DEL;PALO DE ROSA;PALO DE ROSA;2
CALLE;DE LA;PALOMA;PALOMA;1
PLAZA;DE LA;PALOMA DE LA PAZ;PALOMA DE LA PAZ;17
CALLE;DE;PALOMARES;PALOMARES;17
TRAVESÍA;DE;PALOMARES;PALOMARES;17
AVENIDA;DE LAS;PALOMERAS;PALOMERAS;13
AVENIDA;DE LAS;PALOMERAS;PALOMERAS;13
CALLE;DE LAS;PALOMERAS;PALOMERAS;13
TRAVESÍA;DE LAS;PALOMERAS;PALOMERAS;13
CAMINO;DE LOS;PALOMEROS;PALOMEROS;8
CALLE;DE;PALOS DE LA FRONTERA;PALOS DE LA FRONTERA;2
CALLE;DEL;PALOSANTO;PALOSANTO;9
CALLE;DE;PAMPLONA;PAMPLONA;6
CALLE;DEL;PAN;PAN;20
CALLE;DEL;PAN DE AZUCAR;PAN DE AZÚCAR;8
CALLE;DE;PAN Y TOROS;PAN Y TOROS;17
CALLE;DE LOS;PANADEROS;PANADEROS;8
SENDA;DE LOS;PANADEROS;PANADEROS;8
CALLE;DE;PANAMA;PANAMÁ;5
CALLE;DE;PANDO;PANDO;6
TRAVESÍA;DE;PANDO;PANDO;6
CALLE;DE;PANDORA;PANDORA;20
PASADIZO;DEL;PANECILLO;PANECILLO;1
CALLE;DEL;PANIZO;PANIZO;6
CALLE;DE;PANTICOSA;PANTICOSA;8
CALLE;DE;PANTOJA;PANTOJA;5
CALLE;DE LA;PAÑERIA;PAÑERÍA;20
CALLE;;PAPA;PAPA;21
AVENIDA;DEL;PAPA NEGRO;PAPA NEGRO;16
CALLE;DEL;PAPAGAYO;PAPAGAYO;11
CALLE;DE LA;PAPELERIA;PAPELERÍA;20
PASAJE;DE;PAQUITIN;PAQUITÍN;20
TRAVESÍA;DE LA;PARADA;PARADA;1
CALLE;DE;PARADINAS;PARADINAS;2
CALLE;DEL;PARADOR DE SANTA LUCIA;PARADOR DE SANTA LUCÍA;20
CALLE;DEL;PARADOR DEL SOL;PARADOR DEL SOL;11
CALLE;DE LOS;PARADORES;PARADORES;9
CALLE;DE;PARAGUAY;PARAGUAY;5
PASEO;DE;PARAGUAY;PARAGUAY;3
CALLE;DE LA;PARAGUAYA;PARAGUAYA;11
CALLE;DEL;PARAISO;PARAÍSO;19
CALLE;DEL;PARAMENTO;PARAMENTO;20
CALLE;DE;PARAVICINO;PARAVICINO;6
CALLE;DE;PARDO BAZAN;PARDO BAZÁN;5
CALLE;DE;PAREDES DE NAVA;PAREDES DE NAVA;15
CALLE;DE;PARMA;PARMA;16
CALLE;DE;PARMA;PARMA;16
CALLE;DE LA;PARODIA;PARODIA;10
AVENIDA;DEL;PARQUE;PARQUE;19
CALLE;DEL;PARQUE BIOLOGICO;PARQUE BIOLÓGICO;19
CARRETERA;DEL;PARQUE DE ATRACCIONES;PARQUE DE ATRACCIONES;9
CALLE;DEL;PARQUE DE DOÑANA;PARQUE DE DOÑANA;11
CALLE;DEL;PARQUE DE GARAJONAI;PARQUE DE GARAJONAI;11
ACCESO;AL;PARQUE DE LA ELIPA;PARQUE DE LA ELIPA;14
CALLE;DEL;PARQUE DE LA PALOMA;PARQUE DE LA PALOMA;12
AVENIDA;DEL;PARQUE DE PALOMERAS BAJAS;PARQUE DE PALOMERAS BAJAS;13
CALLE;DEL;PARQUE EUGENIA DE MONTIJO;PARQUE EUGENIA DE MONTIJO;11
CALLE;DEL;PARQUE GÜELL;PARQUE GÜELL;11
CALLE;DE LA;PARRA;PARRA;11
CALLE;DEL;PARRAL;PARRAL;4
CAMINO;DE LA;PARRILLA;PARRILLA;8
CALLE;DEL;PARROCO DON EMILIO FRANCO;PÁRROCO DON EMILIO FRANCO;13
CALLE;DEL;PARROCO EUSEBIO CUENCA;PÁRROCO EUSEBIO CUENCA;2
CALLE;DEL;PARROCO JULIO MORATE;PÁRROCO JULIO MORATE;2
PLAZA;DEL;PARROCO LUIS CALLEJA;PÁRROCO LUIS CALLEJA;20
CALLE;DEL;PARROCO MAXIMO MARTINEZ DE CASTRO;PÁRROCO MÁXIMO MARTÍNEZ DE CASTRO;21
PLAZA;DE LA;PARROQUIA;PARROQUIA;11
AVENIDA;DEL;PARTENON;PARTENÓN;21
PLAZA;DEL;PARTERRE;PARTERRE;11
CALLE;DE LA;PARTICIPACION;PARTICIPACIÓN;12
CALLE;;PARTICULAR;PARTICULAR;2
CAMINO;;PARTICULAR DE LA CASA DEL CERRO DEL COTO;PARTICULAR DE LA CASA DEL CERRO DEL COTO;9
CARRETERA;;PARTICULAR DE LA ESCORZONERA;PARTICULAR DE LA ESCORZONERA;9
CARRETERA;;PARTICULAR DE LA ZARZUELA;PARTICULAR DE LA ZARZUELA;8
CARRETERA;;PARTICULAR DE LA ZARZUELA;PARTICULAR DE LA ZARZUELA;9
CALLE;;PARTICULAR DEL CANAL DE ISABEL II;PARTICULAR DEL CANAL DE ISABEL II;8
CARRETERA;;PARTICULAR DEL CANAL DE ISABEL II;PARTICULAR DEL CANAL DE ISABEL II;14
CARRETERA;;PARTICULAR DEL CANAL DE ISABEL II;PARTICULAR DEL CANAL DE ISABEL II;15
CAMINO;;PARTICULAR DEL CANAL DE LOZOYA;PARTICULAR DEL CANAL DE LOZOYA;15
CARRETERA;;PARTICULAR DEL CHALET;PARTICULAR DEL CHALET;8
CARRETERA;;PARTICULAR DEL TIRO DE PICHON;PARTICULAR DEL TIRO DE PICHÓN;8
PLAZA;DE;PARVILLAS;PARVILLAS;17
CALLE;DE;PARVILLAS ALTAS;PARVILLAS ALTAS;17
CALLEJÓN;DE;PARVILLAS ALTAS;PARVILLAS ALTAS;17
CALLE;DE;PARVILLAS BAJAS;PARVILLAS BAJAS;17
CALLE;DE LA;PASA;PASA;1
PUENTE;;PASARELA DE ARRABALMAGNA;PASARELA DE ARRABALMAGNA;5
PUENTE;;PASARELA DE ARRABALMAGNA;PASARELA DE ARRABALMAGNA;15
PUENTE;;PASARELA DE LA QUINTA DE LA PALOMA;PASARELA DE LA QUINTA DE LA PALOMA;5
PUENTE;;PASARELA DE LA QUINTA DE LA PALOMA;PASARELA DE LA QUINTA DE LA PALOMA;15
PUENTE;;PASARELA DE SANCHO DAVILA;PASARELA DE SANCHO DÁVILA;4
PUENTE;;PASARELA DE SANCHO DAVILA;PASARELA DE SANCHO DÁVILA;15
PUENTE;;PASARELA DE VALDERRIBAS;PASARELA DE VALDERRIBAS;3
PUENTE;;PASARELA DE VALDERRIBAS;PASARELA DE VALDERRIBAS;13
PUENTE;;PASARELA DEL PIRAMIDON;PASARELA DEL PIRAMIDÓN;8
PUENTE;;PASARELA DEL PIRAMIDON;PASARELA DEL PIRAMIDÓN;8
GLORIETA;DE;PASCUAL BRAVO;PASCUAL BRAVO;21
CALLE;DE;PASCUAL RODRIGUEZ;PASCUAL RODRÍGUEZ;10
CALLE;DE;PASIFAE;PASIFAE;20
CALLE;DE LA;PASIONARIA;PASIONARIA;9
CALLE;DEL;PASO DE VILLAMANRIQUE;PASO DE VILLAMANRIQUE;18
CALLE;DE;PASTEUR;PASTEUR;8
CALLE;DEL;PASTOR;PASTOR;7
CALLE;DE;PASTOR MURIEL;PASTOR MURIEL;10
CALLE;DE;PASTOR MURIEL;PASTOR MURIEL;10
CALLE;DE;PASTORA IMPERIO;PASTORA IMPERIO;5
CALLE;DE LOS;PASTORES;PASTORES;20
CALLE;DE;PASTRANA;PASTRANA;20
CALLE;DE;PATERNA;PATERNA;17
CALLE;DE;PATERNA;PATERNA;17
CALLE;DE LA;PATILLA;PATILLA;10
CALLE;DE LA;PATILLA;PATILLA;11
GLORIETA;DE LOS;PATINES;PATINES;9
CALLE;DEL;PATIO DE DON ROMAN;PATIO DE DON ROMÁN;13
CALLE;DEL;PATIO DE LA IMPRENTA;PATIO DE LA IMPRENTA;3
CALLE;DEL;PATIO DE LA LITOGRAFIA;PATIO DE LA LITOGRAFÍA;3
CALLE;DEL;PATIO DE SANTIAGO;PATIO DE SANTIAGO;13
CALLE;DE;PATONES;PATONES;8
COSTANILLA;DEL;PATRIARCA;PATRIARCA;10
CALLE;DEL;PATRIARCA EIJO Y GARAY;PATRIARCA EIJO Y GARAY;8
PLAZA;DEL;PATRIARCA EIJO Y GARAY;PATRIARCA EIJO Y GARAY;10
CALLE;DEL;PATRIARCA SAN JOSE;PATRIARCA SAN JOSÉ;20
PLAZA;DE;PATRICIO AGUADO;PATRICIO AGUADO;16
PLAZA;DE;PATRICIO MARTINEZ;PATRICIO MARTÍNEZ;10
CALLE;DEL;PATRIMONIO DE LA HUMANIDAD;PATRIMONIO DE LA HUMANIDAD;9
CALLE;DEL;PATRIMONIO DE LA HUMANIDAD;PATRIMONIO DE LA HUMANIDAD;11
CALLE;DE;PATROCINIO GOMEZ;PATROCINIO GÓMEZ;20
CALLE;DE;PAUL GUINARD;PAUL GUINARD;9
CALLE;DE;PAULA DE LA VEGA;PAULA DE LA VEGA;16
CAMINO;DEL;PAULAR;PAULAR;8
CALLE;DE;PAULINA ODIAGA;PAULINA ODIAGA;11
CALLE;DE;PAVIA;PAVÍA;1
CALLE;DEL;PAVO REAL;PAVO REAL;9
CALLE;DEL;PAYASO FOFO;PAYASO FOFÓ;13
AVENIDA;DE LA;PAZ;PAZ;2
AVENIDA;DE LA;PAZ;PAZ;2
AVENIDA;DE LA;PAZ;PAZ;3
AVENIDA;DE LA;PAZ;PAZ;3
AVENIDA;DE LA;PAZ;PAZ;4
AVENIDA;DE LA;PAZ;PAZ;4
AVENIDA;DE LA;PAZ;PAZ;5
AVENIDA;DE LA;PAZ;PAZ;5
AVENIDA;DE LA;PAZ;PAZ;5
AVENIDA;DE LA;PAZ;PAZ;5
AVENIDA;DE LA;PAZ;PAZ;8
AVENIDA;DE LA;PAZ;PAZ;9
AVENIDA;DE LA;PAZ;PAZ;12
AVENIDA;DE LA;PAZ;PAZ;12
AVENIDA;DE LA;PAZ;PAZ;13
AVENIDA;DE LA;PAZ;PAZ;13
AVENIDA;DE LA;PAZ;PAZ;13
AVENIDA;DE LA;PAZ;PAZ;14
AVENIDA;DE LA;PAZ;PAZ;14
AVENIDA;DE LA;PAZ;PAZ;15
AVENIDA;DE LA;PAZ;PAZ;15
AVENIDA;DE LA;PAZ;PAZ;15
AVENIDA;DE LA;PAZ;PAZ;15
AVENIDA;DE LA;PAZ;PAZ;15
AVENIDA;DE LA;PAZ;PAZ;15
AVENIDA;DE LA;PAZ;PAZ;15
CALLE;DE LA;PAZ;PAZ;1
PUENTE;DE LA;PAZ;PAZ;4
PUENTE;DE LA;PAZ;PAZ;15
CALLE;DE;PEAL;PEAL;13
CALLE;DE;PECHUAN;PECHUÁN;5
CALLE;DEL;PEDERNAL;PEDERNAL;19
CALLE;DE;PEDRAFITA DO CEBREIRO;PEDRAFITA DO CEBREIRO;18
CALLE;DE;PEDRALBA;PEDRALBA;20
CAMINO;DE;PEDREGOSA;PEDREGOSA;8
CALLE;DE;PEDREÑA;PEDREÑA;13
CAMINO;DE;PEDREROS;PEDREROS;20
CALLE;DE;PEDREZUELA;PEDREZUELA;15
CALLE;DE;PEDRO ALONSO;PEDRO ALONSO;16
CALLE;DE;PEDRO ANTONIO DE ALARCON;PEDRO ANTONIO DE ALARCÓN;15
CALLE;DE;PEDRO BARREDA;PEDRO BARREDA;6
CALLE;DE;PEDRO BAUTISTA PINO;PEDRO BAUTISTA PINO;16
CALLE;DE;PEDRO BOSCH;PEDRO BOSCH;2
CALLE;DE;PEDRO BOSCH;PEDRO BOSCH;3
CALLE;DE;PEDRO BOSCH;PEDRO BOSCH;3
CALLE;DE;PEDRO CALLEJO;PEDRO CALLEJO;13
CALLE;DE;PEDRO CAMPOS;PEDRO CAMPOS;11
GLORIETA;DE;PEDRO CASARIEGO;PEDRO CASARIEGO;16
CALLE;DE;PEDRO DE REPIDE;PEDRO DE RÉPIDE;10
CALLE;DE;PEDRO DE RIBERA;PEDRO DE RIBERA;16
CALLE;DE;PEDRO DE VALDIVIA;PEDRO DE VALDIVIA;5
AVENIDA;DE;PEDRO DIEZ;PEDRO DÍEZ;11
CALLE;DE;PEDRO DOMINGO;PEDRO DOMINGO;11
CALLE;DE;PEDRO ESCUDERO;PEDRO ESCUDERO;13
CALLE;DE;PEDRO FERNANDEZ LABRADA;PEDRO FERNÁNDEZ LABRADA;10
CALLE;DE;PEDRO GARCIA MENDEZ;PEDRO GARCÍA MÉNDEZ;13
CALLE;DE;PEDRO GARCIA ORTIZ;PEDRO GARCÍA ORTIZ;19
CALLE;DE;PEDRO HEREDIA;PEDRO HEREDIA;4
CALLE;DE;PEDRO JIMENEZ;PEDRO JIMÉNEZ;17
CALLE;DE;PEDRO JUSTO DORADO DELLMANS;PEDRO JUSTO DORADO DELLMANS;9
CALLE;DE;PEDRO LABORDE;PEDRO LABORDE;13
CALLE;DE;PEDRO LABORDE;PEDRO LABORDE;13
TRAVESÍA;DE;PEDRO LABORDE;PEDRO LABORDE;13
PLAZA;DE;PEDRO MARCOS;PEDRO MARCOS;13
CALLE;DE;PEDRO MARTINEZ;PEDRO MARTÍNEZ;11
AVENIDA;DE;PEDRO MATA;PEDRO MATA;5
CALLE;DE;PEDRO MEDRANO;PEDRO MEDRANO;6
CALLE;DE;PEDRO MORENO;PEDRO MORENO;6
CALLE;DE;PEDRO MUGURUZA;PEDRO MUGURUZA;5
CALLE;DE;PEDRO MUÑOZ SECA;PEDRO MUÑOZ SECA;4
CALLE;DE;PEDRO PEREZ ALONSO;PEDRO PÉREZ ALONSO;9
CALLE;DE;PEDRO RICO;PEDRO RICO;8
CALLE;DE;PEDRO ROGEL;PEDRO ROGEL;6
CALLE;DE;PEDRO ROMERO;PEDRO ROMERO;16
CALLE;DE;PEDRO SAINZ RODRIGUEZ;PEDRO SAINZ RODRÍGUEZ;16
CALLE;DE;PEDRO SALINAS;PEDRO SALINAS;15
CALLE;DE;PEDRO TEIXEIRA;PEDRO TEIXEIRA;6
CALLE;DE;PEDRO TEZANO;PEDRO TEZANO;6
CALLE;DE;PEDRO UNANUE;PEDRO UNANUE;2
CALLE;DE;PEDRO VILLAR;PEDRO VILLAR;6
CALLE;DE;PEDRO YAGÜE;PEDRO YAGÜE;11
PLAZA;DE;PEDRO ZEROLO;PEDRO ZEROLO;1
PLAZA;DE;PEDRO ZEROLO;PEDRO ZEROLO;1
CALLE;DE;PEDROCHES;PEDROCHES;13
CALLE;DE;PEDROSA DEL PRINCIPE;PEDROSA DEL PRÍNCIPE;18
CALLE;DE;PEGASO;PEGASO;16
CALLE;DE;PEGO;PEGO;20
CALLE;DE;PEGUERINOS;PEGUERINOS;9
CALLE;DE;PEIRONCELY;PEIRONCELY;13
CALLE;DE;PELAYO;PELAYO;1
CAMINO;DE LOS;PELENDENGUES;PELENDENGUES;17
CALLE;DE LOS;PELETEROS;PELETEROS;20
CALLE;DEL;PELICANO;PELÍCANO;11
CALLE;DEL;PELOPONESO;PELOPONESO;15
CALLE;DEL;PENDULO;PÉNDULO;19
CALLE;DE;PENELOPE;PENÉLOPE;21
CALLE;DE LA;PENINSULA;PENÍNSULA;9
CALLE;DEL;PENSAMIENTO;PENSAMIENTO;6
PLAZA;DEL;PENSIONISTA;PENSIONISTA;12
CALLE;DE LA;PEÑA AMAYA;PEÑA AMAYA;13
CALLE;DE LA;PEÑA AMBOTE;PEÑA AMBOTE;18
CALLE;DE LA;PEÑA AUSEBA;PEÑA AUSEBA;8
CALLE;DE LA;PEÑA CAVERO;PEÑA CAVERO;18
PLAZA;DE;PEÑA CAVERO;PEÑA CAVERO;18
CALLE;DE LA;PEÑA CERREDO;PEÑA CERREDO;18
CALLE;DE LA;PEÑA CERVERA;PEÑA CERVERA;18
CALLE;DE LA;PEÑA CITORES;PEÑA CITORES;8
CALLE;DE LA;PEÑA DE FRANCIA;PEÑA DE FRANCIA;1
CALLE;DE LA;PEÑA DE LA ATALAYA;PEÑA DE LA ATALAYA;13
CALLE;DE LA;PEÑA DE LA MIEL;PEÑA DE LA MIEL;13
CALLE;DE LA;PEÑA DE OROEL;PEÑA DE OROEL;18
CALLE;DE LA;PEÑA DE VARGAS;PEÑA DE VARGAS;18
CALLE;DE LA;PEÑA DEL AGUILA;PEÑA DEL ÁGUILA;8
CALLE;DE LA;PEÑA DEL CUERVO;PEÑA DEL CUERVO;8
CALLE;DE LA;PEÑA DEL OSO;PEÑA DEL OSO;8
CALLE;DE LA;PEÑA DEL SOL;PEÑA DEL SOL;8
CALLE;DE LA;PEÑA DEL YELMO;PEÑA DEL YELMO;9
CALLE;DE LA;PEÑA DORADA;PEÑA DORADA;8
CALLE;DE LA;PEÑA FALCONERA;PEÑA FALCONERA;13
CALLE;DE LA;PEÑA GORBEA;PEÑA GORBEA;13
PLAZA;DE LA;PEÑA GUDINA;PEÑA GUDINA;13
PLAZA;DE LA;PEÑA HORCAJO;PEÑA HORCAJO;8
CALLE;DE LA;PEÑA LABRA;PEÑA LABRA;13
PLAZA;DE LA;PEÑA MORRAZ;PEÑA MORRAZ;13
CALLE;DE LA;PEÑA NEVADA;PEÑA NEVADA;18
CALLE;DE LA;PEÑA NOFRE;PEÑA NOFRE;13
CALLE;DE LA;PEÑA NUEVA;PEÑA NUEVA;18
CALLE;DE LA;PEÑA OVILLE;PEÑA OVILLE;18
CALLE;DE LA;PEÑA PINTADA;PEÑA PINTADA;8
AVENIDA;DE LA;PEÑA PRIETA;PEÑA PRIETA;13
CALLE;DE LA;PEÑA REDONDA;PEÑA REDONDA;13
CALLE;DE LA;PEÑA RIVERA;PEÑA RIVERA;18
CALLE;DE LA;PEÑA RUBIA;PEÑA RUBIA;13
CALLE;DE;PEÑA SANTA;PEÑA SANTA;8
CALLE;DE LA;PEÑA SIRIO;PEÑA SIRIO;8
CALLE;DE LA;PEÑA SORRAPIA;PEÑA SORRAPIA;18
CALLE;DE LA;PEÑA TREVINCA;PEÑA TREVINCA;13
CALLE;DE LA;PEÑA UBIÑA;PEÑA UBIÑA;13
CALLE;DE LA;PEÑA VEIGA;PEÑA VEIGA;18
CALLE;DE LA;PEÑA VIEJA;PEÑA VIEJA;8
PLAZA;DE LA;PEÑABLANCA;PEÑABLANCA;15
CALLE;DE;PEÑAFIEL;PEÑAFIEL;11
CALLE;DE;PEÑALARA;PEÑALARA;5
CALLE;DE;PEÑALARA DE ARAVACA;PEÑALARA DE ARAVACA;9
CALLE;DE;PEÑALARA DE ARAVACA;PEÑALARA DE ARAVACA;9
CALLE;DEL;PEÑALBA;PEÑALBA;10
CALLE;DE;PEÑARANDA DE BRACAMONTE;PEÑARANDA DE BRACAMONTE;18
CALLE;DE;PEÑARANDA DE BRACAMONTE;PEÑARANDA DE BRACAMONTE;18
CALLE;DE;PEÑARANDA DE BRACAMONTE;PEÑARANDA DE BRACAMONTE;18
CALLE;DE;PEÑARROYA;PEÑARROYA;13
CALLE;DE LAS;PEÑAS DEL ARCIPRESTE;PEÑAS DEL ARCIPRESTE;8
CALLE;DE LAS;PEÑAS DEL CASTILLO;PEÑAS DEL CASTILLO;18
CALLE;DE LAS;PEÑAS LARGAS;PEÑAS LARGAS;18
CALLE;DE LAS;PEÑUELAS;PEÑUELAS;2
PLAZA;DE LAS;PEÑUELAS;PEÑUELAS;2
CALLE;DE LOS;PEONES;PEONES;20
CALLE;DE LAS;PEONIAS;PEONÍAS;16
GLORIETA;DE;PEPE DOMINGO CASTAÑO;PEPE DOMINGO CASTAÑO;
CALLE;DE;PEPE HILLO;PEPE HILLO;16
CALLE;DE;PEPE ISBERT;PEPE ISBERT;15
CALLE;DEL;PEPION;PEPIÓN;11
CALLE;DE;PERALEJO;PERALEJO;12
CAMINO;DE;PERALES;PERALES;12
CAMINO;DE;PERALES;PERALES;12
CAMINO;DE;PERALES;PERALES;12
CAMINO;DE;PERALES;PERALES;13
CAMINO;DE;PERALES;PERALES;17
PASEO;DE LOS;PERALES;PERALES;10
CALLE;DE;PERALES DE TAJUÑA;PERALES DE TAJUÑA;12
CALLE;DE;PERALES DEL RIO;PERALES DEL RÍO;18
CAMINO;DE LA;PERDIGUERA;PERDIGUERA;8
PISTA;DE LA;PERDIGUERA;PERDIGUERA;8
CALLE;DE LA;PERDIZ;PERDIZ;10
CALLE;DEL;PEREJIL;PEREJIL;17
CALLE;DE;PERELADA;PERELADA;13
CALLE;DE;PEREZ AYUSO;PÉREZ AYUSO;5
CALLE;DE;PEREZ CIDON;PÉREZ CIDÓN;15
GLORIETA;DE;PEREZ CIDON;PÉREZ CIDÓN;15
CALLE;DE;PEREZ DE VICTORIA;PÉREZ DE VICTORIA;9
TRAVESÍA;DE;PEREZ DE VICTORIA;PÉREZ DE VICTORIA;9
CALLE;DE;PEREZ ESCRICH;PÉREZ ESCRICH;11
CALLE;DE;PEREZ GALDOS;PÉREZ GALDÓS;1
GLORIETA;DE;PEREZ GALDOS;PÉREZ GALDÓS;3
CALLE;DE;PEREZ HERRERA;PÉREZ HERRERA;5
CALLE;DEL;PERGAMINO;PERGAMINO;19
CALLE;DE;PERIANA;PERIANA;12
CALLE;DE;PERICLES;PERICLES;10
CALLE;DE;PERICO EL GORDO;PERICO EL GORDO;11
CALLE;DE LAS;PERINDOLAS;PERINDOLAS;8
AVENIDA;DE LA;PERLA;PERLA;12
CALLE;DE;PERPETUA DIAZ;PERPETUA DÍAZ;12
CALLE;DE;PERSEO;PERSEO;3
PLAZA;DE;PERSEO;PERSEO;3
GLORIETA;DE;PERSONAL SANITARIO;PERSONAL SANITARIO;
CALLE;DE LA;PERSUASION;PERSUASIÓN;15
CALLE;DE LA;PERSUASION;PERSUASIÓN;15
AVENIDA;DE;PERU;PERÚ;3
PLAZA;DE;PERU;PERÚ;5
CALLE;DE LOS;PERUCHOS;PERUCHOS;19
CALLE;DE LOS;PESCADORES;PESCADORES;20
CALLE;DE;PESCARA;PESCARA;15
AVENIDA;DE LA;PESETA;PESETA;10
AVENIDA;DE LA;PESETA;PESETA;11
CALLE;DEL;PESO HISPANO;PESO HISPANO;11
CALLE;DE;PESQUERA DE DUERO;PESQUERA DE DUERO;16
CALLE;DE;PESQUERA DE DUERO;PESQUERA DE DUERO;16
CALLE;DEL;PETIRROJO;PETIRROJO;10
CALLE;DEL;PETROLEO;PETRÓLEO;12
CALLE;DE LAS;PETUNIAS;PETUNIAS;16
CALLE;DE;PEYRE;PEYRE;4
CALLE;DEL;PEZ;PEZ;1
CALLE;DEL;PEZ AUSTRAL;PEZ AUSTRAL;3
CALLE;DEL;PEZ VOLADOR;PEZ VOLADOR;3
CALLE;DEL;PIAMONTE;PIAMONTE;1
CALLE;DEL;PIANO;PIANO;19
CALLE;DEL;PIANO;PIANO;19
CALLE;DEL;PIANOFORTE;PIANOFORTE;10
CALLE;DE LA;PICAZA;PICAZA;10
AVENIDA;DE LAS;PICEAS;PICEAS;16
AVENIDA;DE LAS;PICEAS;PICEAS;16
CALLE;DEL;PICO ALMANZOR;PICO ALMANZOR;13
CALLE;DEL;PICO ALMENARA;PICO ALMENARA;9
CALLE;DEL;PICO ANAYET;PICO ANAYET;13
CALLE;DEL;PICO BALAITUS;PICO BALAITUS;8
CALLE;DEL;PICO BERIAIN;PICO BERIAÍN;18
CALLE;DEL;PICO CEBOLLERA;PICO CEBOLLERA;13
CALLE;DEL;PICO CEJO;PICO CEJO;13
CALLE;DEL;PICO CHILEGUA;PICO CHILEGUA;18
CALLE;DEL;PICO CLAVERO;PICO CLAVERO;13
CALLE;DEL;PICO COLLARADA;PICO COLLARADA;13
CALLE;DEL;PICO CUADRAMON;PICO CUADRAMÓN;13
CALLE;DEL;PICO DE ALBA;PICO DE ALBA;13
CALLE;DEL;PICO DE LA BRUJULA;PICO DE LA BRÚJULA;18
CALLE;DEL;PICO DE LA CIERVA;PICO DE LA CIERVA;18
CALLE;DEL;PICO DE LA GOLONDRINA;PICO DE LA GOLONDRINA;9
CALLE;DEL;PICO DE LA MALICIOSA;PICO DE LA MALICIOSA;13
CALLE;DEL;PICO DE LA MIEL;PICO DE LA MIEL;9
CALLE;DEL;PICO DE LA MUELA;PICO DE LA MUELA;13
CALLE;DEL;PICO DE LA PINAREJA;PICO DE LA PINAREJA;8
CALLE;DEL;PICO DE LOS ARTILLEROS;PICO DE LOS ARTILLEROS;13
CALLE;DEL;PICO DE LOS ARTILLEROS;PICO DE LOS ARTILLEROS;14
CALLE;DEL;PICO DE LOS ARTILLEROS;PICO DE LOS ARTILLEROS;14
CALLE;DEL;PICO DE LOS ARTILLEROS;PICO DE LOS ARTILLEROS;14
CALLE;DEL;PICO DE MAJALASNA;PICO DE MAJALASNA;8
CALLE;DEL;PICO DE MONTANCHEZ;PICO DE MONTÁNCHEZ;18
CALLE;DEL;PICO DE MULHACEN;PICO DE MULHACÉN;13
CALLE;DEL;PICO DE PEÑA GOLOSA;PICO DE PEÑA GOLOSA;13
CALLE;DEL;PICO DEL AGUILA;PICO DEL ÁGUILA;5
COLONIA;DEL;PICO DEL PAÑUELO;PICO DEL PAÑUELO;
CALLE;DEL;PICO DEL SALTADERO;PICO DEL SALTADERO;13
CALLE;DEL;PICO ESPIGÜETE;PICO ESPIGÜETE;18
CALLE;DEL;PICO JAVALON;PICO JAVALÓN;13
CALLE;DEL;PICO MAMPODRE;PICO MAMPODRE;18
CALLE;DEL;PICO MAUPAS;PICO MAUPAS;13
CALLE;DEL;PICO MILANO;PICO MILANO;8
CALLE;DEL;PICO MONCAYO;PICO MONCAYO;13
CALLE;DEL;PICO OCEJON;PICO OCEJÓN;9
CALLE;DEL;PICO PASAPAN;PICO PASAPÁN;8
PLAZA;DEL;PICO SALVAGUARDIA;PICO SALVAGUARDIA;8
CALLE;DEL;PICO TEIDE;PICO TEIDE;13
CALLE;DEL;PICO VELETA;PICO VELETA;13
CALLE;DE LOS;PICOS DE EUROPA;PICOS DE EUROPA;13
CALLE;DE LOS;PICOS DE URBION;PICOS DE URBIÓN;18
CALLE;DE;PIEDRABUENA;PIEDRABUENA;12
GLORIETA;DE;PIEDRAFITA DEL CEBRERO;PIEDRAFITA DEL CEBRERO;8
CALLE;DE;PIEDRAHITA;PIEDRAHITA;11
CALLE;DE;PIEDRALAVES;PIEDRALAVES;9
CAMINO;DE LAS;PIEDRAS;PIEDRAS;19
CALLE;DE;PILAR;PILAR;10
CALLE;DE;PILAR ANDRADE;PILAR ANDRADE;9
CALLE;DE;PILAR BELLOSILLO;PILAR BELLOSILLO;19
CALLE;DE;PILAR CAVERO;PILAR CAVERO;15
CALLE;DE;PILAR DE MADARIAGA ROJO;PILAR DE MADARIAGA ROJO;18
CALLE;DEL;PILAR DE ZARAGOZA;PILAR DE ZARAGOZA;4
CALLE;DE;PILAR LORENGAR;PILAR LORENGAR;17
CALLE;DE;PILAR MILLAN ASTRAY;PILAR MILLÁN ASTRAY;3
GLORIETA;DE;PILAR MIRO;PILAR MIRÓ;16
CALLE;DE;PILAR NOGUEIRO;PILAR NOGUEIRO;13
TRAVESÍA;DE;PILAR NOGUEIRO;PILAR NOGUEIRO;13
CALLE;DE;PILAR PEREZ LAVID;PILAR PÉREZ LAVID;11
CALLE;DE;PILAR RUEDA;PILAR RUEDA;13
CALLE;DE LA;PILARICA;PILARICA;12
CALLE;DE LA;PILARICA;PILARICA;12
CALLE;DEL;PILEO;PILEO;15
PLAZA;DEL;PILON;PILÓN;12
CAMINO;DE LOS;PILONES;PILONES;18
CALLE;DE LA;PIMIENTA;PIMIENTA;17
CALLE;DEL;PINAR;PINAR;4
CALLE;DEL;PINAR;PINAR;5
CAMINO;DEL;PINAR CHICO;PINAR CHICO;9
CAMINO;DEL;PINAR CHICO;PINAR CHICO;9
CAMINO;DEL;PINAR CHICO;PINAR CHICO;21
CALLE;DEL;PINAR DE SAN JOSE;PINAR DE SAN JOSÉ;10
CALLE;DEL;PINAR DE SAN JOSE;PINAR DE SAN JOSÉ;11
CALLE;DEL;PINAR DEL REY;PINAR DEL REY;16
COLONIA;DEL;PINAR DEL REY;PINAR DEL REY;
CAMINO;DEL;PINAR GRANDE;PINAR GRANDE;9
CALLE;DE LOS;PINAREJOS;PINAREJOS;10
CALLE;DEL;PINARILLO;PINARILLO;5
PLAZA;DE LOS;PINAZO;PINAZO;17
CALLE;DEL;PINGÜINO;PINGÜINO;11
CALLE;DE;PINILLA DEL VALLE;PINILLA DEL VALLE;5
CALLE;DE LOS;PINILLAS;PINILLAS;19
COLONIA;DEL;PINO;PINO;
CAMINO;DE LOS;PINOS;PINOS;9
PASEO;DE LOS;PINOS;PINOS;2
PASEO;DE LOS;PINOS;PINOS;2
CALLE;DE;PINOS ALTA;PINOS ALTA;6
CALLE;DE;PINOS ALTA;PINOS ALTA;6
TRAVESÍA;DE;PINOS ALTA;PINOS ALTA;6
CALLE;DE;PINOS BAJA;PINOS BAJA;6
CALLE;DE;PINOS BAJA;PINOS BAJA;6
CALLE;DE LOS;PINOS DE OSUNA;PINOS DE OSUNA;21
CALLE;DEL;PINSAPO;PINSAPO;12
CALLE;DEL;PINTOR ANTONIO SAURA;PINTOR ANTONIO SAURA;16
CALLE;DEL;PINTOR BRENES;PINTOR BRENES;16
CALLE;DEL;PINTOR DOMINGUEZ;PINTOR DOMÍNGUEZ;4
CALLE;DEL;PINTOR EL GRECO;PINTOR EL GRECO;9
CALLE;DEL;PINTOR FRANCISCO LLORENS;PINTOR FRANCISCO LLORENS;8
CALLE;DEL;PINTOR IGNACIO DE ZULOAGA;PINTOR IGNACIO DE ZULOAGA;16
CALLE;DEL;PINTOR JUAN GRIS;PINTOR JUAN GRIS;6
PLAZA;DEL;PINTOR LUCAS;PINTOR LUCAS;12
CALLE;DEL;PINTOR LUCIO MUÑOZ;PINTOR LUCIO MUÑOZ;16
CALLE;DEL;PINTOR MORENO CARBONERO;PINTOR MORENO CARBONERO;4
CALLE;DEL;PINTOR RIBERA;PINTOR RIBERA;5
PASEO;DEL;PINTOR ROSALES;PINTOR ROSALES;9
PASEO;DEL;PINTOR ROSALES;PINTOR ROSALES;9
CALLE;DEL;PINTOR SOROLLA;PINTOR SOROLLA;13
GLORIETA;DEL;PINTOR SOROLLA;PINTOR SOROLLA;7
GLORIETA;DEL;PINTOR SOROLLA;PINTOR SOROLLA;7
CALLE;DE LA;PINTORA ANGELES SANTOS;PINTORA ÁNGELES SANTOS;13
CALLE;DE LOS;PINTORES;PINTORES;20
CALLE;DEL;PINZON;PINZÓN;11
TRAVESÍA;DEL;PINZON;PINZÓN;11
CALLE;DE LA;PIÑA;PIÑA;11
CAMINO;DEL;PIÑONERO;PIÑONERO;9
CAMINO;DEL;PIÑONERO;PIÑONERO;9
PASEO;DEL;PIÑONERO;PIÑONERO;9
PASEO;DEL;PIÑONERO;PIÑONERO;17
CALLE;DE;PIÑUECAR;PIÑUECAR;17
CALLE;DE;PIO BAROJA;PÍO BAROJA;3
CALLE;DE;PIO DEL RIO HORTEGA;PÍO DEL RÍO HORTEGA;19
CALLE;DE;PIO FELIPE;PÍO FELIPE;13
CALLE;DE;PIO FELIPE;PÍO FELIPE;13
AVENIDA;DE;PIO XII;PÍO XII;5
AVENIDA;DE;PIO XII;PÍO XII;5
CALLE;DE;PIQUEÑAS;PIQUEÑAS;10
CALLE;DE;PIQUEÑAS;PIQUEÑAS;11
CALLE;DE;PIQUER;PIQUER;15
CALLE;DE LA;PIRAGUA;PIRAGUA;21
GLORIETA;DE LAS;PIRAMIDES;PIRÁMIDES;2
GLORIETA;DE LAS;PIRAMIDES;PIRÁMIDES;2
CALLE;DE LOS;PIRINEOS;PIRINEOS;9
CALLE;DE LA;PIRITA;PIRITA;12
CALLE;DE LA;PIROTECNIA;PIROTECNIA;19
CALLE;DE;PIRRA;PIRRA;20
CALLE;DE;PISCIS;PISCIS;3
CALLE;DE LA;PISTA;PISTA;1
CALLE;DE LA;PISTA;PISTA;9
CALLE;DEL;PISUEÑA;PISUEÑA;16
CALLE;DEL;PISUERGA;PISUERGA;5
CALLE;DE;PITAGORAS;PITÁGORAS;20
CALLE;DE;PIVIJAY;PIVIJAY;16
CALLE;DE LA;PIZARRA;PIZARRA;2
CALLE;DE;PIZARRO;PIZARRO;1
CALLE;DEL;PLAN PARCIAL;PLAN PARCIAL;12
CALLE;DEL;PLANETA;PLANETA;21
CALLE;DEL;PLANETA TIERRA;PLANETA TIERRA;2
AVENIDA;DEL;PLANETARIO;PLANETARIO;2
AVENIDA;DEL;PLANETARIO;PLANETARIO;2
CALLE;DE LAS;PLANTAS;PLANTAS;9
CALLE;DE LA;PLATA;PLATA;17
TRAVESÍA;DE LA;PLATA;PLATA;17
PASEO;;PLATA Y CASTAÑAR;PLATA Y CASTAÑAR;17
CALLE;DEL;PLATANO;PLÁTANO;6
PASEO;DE LOS;PLATANOS;PLÁTANOS;9
CAMINO;DE LAS;PLATAS;PLATAS;9
CAMINO;DE LAS;PLATAS;PLATAS;9
CALLE;DE;PLATEA;PLATEA;16
PLAZA;DE LA;PLATERIA DE MARTINEZ;PLATERÍA DE MARTÍNEZ;1
CALLE;DE LAS;PLATERIAS;PLATERÍAS;5
CALLE;DE LAS;PLATERIAS;PLATERÍAS;5
CALLE;DE LOS;PLATILLOS;PLATILLOS;10
CALLE;DEL;PLATINO;PLATINO;17
PLAZA;DE;PLATON;PLATÓN;15
CALLE;DE LA;PLAYA AMERICA;PLAYA AMÉRICA;21
CALLE;DE LA;PLAYA DE ARO;PLAYA DE ARO;21
CALLE;DE LA;PLAYA DE BARLOVENTO;PLAYA DE BARLOVENTO;21
CALLE;DE LA;PLAYA DE BOLNUEVO;PLAYA DE BOLNUEVO;21
CALLE;DE LA;PLAYA DE FORMENTOR;PLAYA DE FORMENTOR;21
CALLE;DE LA;PLAYA DE LA CALETA;PLAYA DE LA CALETA;21
CALLE;DE;PLAYA DE LA CONCHA;PLAYA DE LA CONCHA;21
CALLE;DE;PLAYA DE LAS CATEDRALES;PLAYA DE LAS CATEDRALES;21
CALLE;DE LA;PLAYA DE PONIENTE;PLAYA DE PONIENTE;21
CALLE;DE LA;PLAYA DE RIAZOR;PLAYA DE RIAZOR;21
CALLE;DE LA;PLAYA DE SAN JUAN;PLAYA DE SAN JUAN;21
GLORIETA;DE LA;PLAYA DE SAN LORENZO;PLAYA DE SAN LORENZO;21
CALLE;DE;PLAYA DE TORIMBIA;PLAYA DE TORIMBIA;21
CALLE;DE LA;PLAYA DE ZARAUZ;PLAYA DE ZARAUZ;21
CALLE;DE LA;PLAYA DEL SARDINERO;PLAYA DEL SARDINERO;21
CALLE;DE LA;PLAZA;PLAZA;16
AVENIDA;DE LA;PLAZA DE TOROS;PLAZA DE TOROS;11
CALLE;DE LA;PLAZA MAYOR DE SALAMANCA;PLAZA MAYOR DE SALAMANCA;11
CALLE;DE LA;PLEAMAR;PLEAMAR;17
CALLE;DE;PLEITES;PLEITES;9
CALLE;DE LAS;PLEYADES;PLÉYADES;9
TRAVESÍA;DE LAS;PLEYADES;PLÉYADES;9
CALLE;DE LA;PLOMADA;PLOMADA;20
CALLE;DEL;PLOMO;PLOMO;2
CALLE;DEL;PLOMO;PLOMO;2
TRAVESÍA;DEL;PLOMO;PLOMO;2
CALLE;DEL;PLUS ULTRA;PLUS ULTRA;21
CALLE;DE;POBLA DE SEGUR;POBLA DE SEGUR;16
CALLE;DE;POBLACION DE CAMPOS;POBLACIÓN DE CAMPOS;8
AVENIDA;DE LOS;POBLADOS;POBLADOS;10
AVENIDA;DE LOS;POBLADOS;POBLADOS;10
AVENIDA;DE LOS;POBLADOS;POBLADOS;11
AVENIDA;DE LOS;POBLADOS;POBLADOS;11
AVENIDA;DE LOS;POBLADOS;POBLADOS;11
AVENIDA;DE LOS;POBLADOS;POBLADOS;11
AVENIDA;DE LOS;POBLADOS;POBLADOS;12
AVENIDA;DE LOS;POBLADOS;POBLADOS;12
AVENIDA;DE LOS;POBLADOS;POBLADOS;12
AVENIDA;DE LOS;POBLADOS;POBLADOS;12
CALLE;DE;POBLADURA DEL VALLE;POBLADURA DEL VALLE;20
CALLE;DE;POBLADURA DEL VALLE;POBLADURA DEL VALLE;20
CALLE;DE;POBLADURA DEL VALLE;POBLADURA DEL VALLE;20
CALLE;DE LAS;PODEROSAS;PODEROSAS;21
CALLE;DEL;POEMA SINFONICO;POEMA SINFÓNICO;10
CALLE;DE LA;POETA ANGELA FIGUERA;POETA ÁNGELA FIGUERA;7
CALLE;DEL;POETA BLAS DE OTERO;POETA BLAS DE OTERO;15
TRAVESÍA;DEL;POETA BLAS DE OTERO;POETA BLAS DE OTERO;15
CALLE;DEL;POETA CLAUDIO RODRIGUEZ;POETA CLAUDIO RODRÍGUEZ;5
CALLE;DEL;POETA ESTEBAN DE VILLEGAS;POETA ESTEBAN DE VILLEGAS;3
CALLE;DEL;POETA JOAN MARAGALL;POETA JOAN MARAGALL;6
CALLE;DEL;POETA JOAN MARAGALL;POETA JOAN MARAGALL;6
PLAZA;DEL;POETA LEOPOLDO DE LUIS;POETA LEOPOLDO DE LUIS;6
PLAZA;DEL;POETA MANUEL DEL PALACIO;POETA MANUEL DEL PALACIO;5
PLAZA;DEL;POETA RIOJA;POETA RIOJA;11
CALLE;DE LOS;POETAS;POETAS;19
CALLE;DE LOS;POETAS;POETAS;19
CALLE;DE;POLAN;POLÁN;11
CALLE;DEL;POLEO;POLEO;9
CALLE;DE;POLIBEA;POLIBEA;15
PASEO;DEL;POLIDEPORTIVO;POLIDEPORTIVO;19
CAMINO;DEL;POLIGONO;POLÍGONO;8
CALLE;DE;POLIMNIA;POLIMNIA;20
AVENIDA;DE LA;POLITECNICA;POLITÉCNICA;13
CALLE;DE;POLONIA;POLONIA;9
CALLE;DE;POLVORANCA;POLVORANCA;11
CALLE;DE;PONCE DE LEON;PONCE DE LEÓN;7
CALLE;DE;PONCIANO;PONCIANO;1
CALLE;DE;PONFERRADA;PONFERRADA;8
CALLE;DE;PONIENTE;PONIENTE;5
CALLE;DE;PONT DE MOLINS;PONT DE MOLINS;13
CALLE;DE;PONTEAREAS;PONTEAREAS;5
PLAZA;DE;PONTEJOS;PONTEJOS;1
CALLE;DE;PONTEVEDRA;PONTEVEDRA;7
PASEO;DE LOS;PONTONES;PONTONES;2
CALLE;DE;PONZANO;PONZANO;7
CALLE;DE;PONZANO;PONZANO;7
CALLE;DE;PONZANO;PONZANO;7
CALLE;DEL;POPAYAN;POPAYÁN;16
CALLE;;POPULAR MADRILEÑA;POPULAR MADRILEÑA;12
CALLE;DE LA;PORCELANA;PORCELANA;20
CALLE;DE;PORFIRIO;PORFIRIO;6
CALLE;DE;PORTA COELI;PORTA COELI;12
CALLE;DEL;PORTAL;PORTAL;20
CALLE;DEL;PORTAL DE BELEN;PORTAL DE BELÉN;3
CALLE;DE;PORTALEGRE;PORTALEGRE;11
CALLE;DE;PORTALEGRE;PORTALEGRE;11
CALLE;DE;PORTALENA;PORTALENA;9
CALLE;DE LA;PORTERA DEL CURA;PORTERA DEL CURA;8
CALLE;DE;PORTHOS;PORTHOS;10
CALLE;DEL;PORTICO DE LA GLORIA;PÓRTICO DE LA GLORIA;8
PISTA;DE LA;PORTILLERA VALDELEGANAR;PORTILLERA VALDELEGANAR;8
CAMINO;DEL;PORTILLO;PORTILLO;8
CALLE;DEL;PORTILLO DE EL PARDO;PORTILLO DE EL PARDO;9
CALLE;DE;PORTOMARIN;PORTOMARÍN;8
AVENIDA;DE;PORTUGAL;PORTUGAL;1
AVENIDA;DE;PORTUGAL;PORTUGAL;9
AVENIDA;DE;PORTUGAL;PORTUGAL;10
AVENIDA;DE;PORTUGAL;PORTUGAL;10
CALLE;DE;PORTUGALETE;PORTUGALETE;15
CALLE;DEL;PORVENIR;PORVENIR;4
CALLE;DE LA;POSTAL;POSTAL;11
CALLE;DE LAS;POSTAS;POSTAS;1
CALLE;DEL;POSTIGO DE SAN MARTIN;POSTIGO DE SAN MARTÍN;1
CALLE;DE LA;POTASA;POTASA;17
CALLE;DE;POTES;POTES;17
CALLE;DE;POTOSI;POTOSÍ;5
CALLE;DE;POTSDAM;POTSDAM;15
CALLE;DE LA;POVEDILLA;POVEDILLA;4
CALLE;DE;POZA DE LA SAL;POZA DE LA SAL;18
CALLE;DE LAS;POZAS;POZAS;1
TRAVESÍA;DE LAS;POZAS;POZAS;1
CALLE;DEL;POZO;POZO;1
CAMINO;DEL;POZO;POZO;9
CAMINO;DEL;POZO;POZO;9
CAMINO;DEL;POZO DEL TIO RAIMUNDO;POZO DEL TÍO RAIMUNDO;13
CAMINO;DEL;POZO DEL TIO RAIMUNDO;POZO DEL TÍO RAIMUNDO;18
PLAZA;DEL;POZO DEL TIO RAIMUNDO;POZO DEL TÍO RAIMUNDO;13
CALLE;DE;POZOBLANCO;POZOBLANCO;10
CALLE;DE;POZOHALCON;POZOHALCÓN;13
CAMINO;DE;POZUELO;POZUELO;9
CAMINO;DE;POZUELO;POZUELO;20
CALLE;DE;POZUELO DE ZARZON;POZUELO DE ZARZÓN;2
CALLE;DE;PRADALES;PRADALES;10
CALLE;DE;PRADENA DEL RINCON;PRÁDENA DEL RINCÓN;5
PLAZA;DE LA;PRADERA;PRADERA;8
GLORIETA;DE LA;PRADERA DE CORRALILLOS;PRADERA DE CORRALILLOS;8
GLORIETA;DE LA;PRADERA DE NAVALAZOR;PRADERA DE NAVALAZOR;8
GLORIETA;DE LA;PRADERA DE NAVALAZOR;PRADERA DE NAVALAZOR;8
GLORIETA;DE LA;PRADERA DE NAVALUSILLA;PRADERA DE NAVALUSILLA;8
GLORIETA;DE LA;PRADERA DE NAVALUSILLA;PRADERA DE NAVALUSILLA;8
GLORIETA;DE LA;PRADERA DE NAVARRULAQUE;PRADERA DE NAVARRULAQUE;8
GLORIETA;DE LA;PRADERA DE VAQUERIZAS;PRADERA DE VAQUERIZAS;8
CALLE;DE;PRADILLO;PRADILLO;5
PASAJE;DE;PRADILLO;PRADILLO;5
CALLE;DEL;PRADO;PRADO;1
PASEO;DEL;PRADO;PRADO;1
PASEO;DEL;PRADO;PRADO;3
CALLE;DE;PRADO ALEGRE;PRADO ALEGRE;10
CALLE;DE;PRADO MERINERO;PRADO MERINERO;11
CALLE;DEL;PRADO ZURITA;PRADO ZURITA;17
CALLE;DE;PRADOLONGO;PRADOLONGO;12
CALLE;DE;PRADOLONGUILLO;PRADOLONGUILLO;12
CALLE;DE;PRADOLUENGO;PRADOLUENGO;21
GLORIETA;DE;PRAGA;PRAGA;21
PUENTE;DE;PRAGA;PRAGA;2
PUENTE;DE;PRAGA;PRAGA;2
PUENTE;DE;PRAGA;PRAGA;11
PUENTE;DE;PRAGA;PRAGA;12
CALLE;DEL;PRAT;PRAT;19
CALLE;DE;PRAVIA;PRAVIA;20
CALLE;DE;PRECIADOS;PRECIADOS;1
CALLEJÓN;DE;PRECIADOS;PRECIADOS;1
CALLE;DEL;PRELUDIO;PRELUDIO;10
CALLE;DE LA;PRENSA;PRENSA;15
PLAZA;DEL;PRESIDENTE CARDENAS;PRESIDENTE CÁRDENAS;5
AVENIDA;DEL;PRESIDENTE CARMONA;PRESIDENTE CARMONA;6
GLORIETA;DEL;PRESIDENTE GARCIA MORENO;PRESIDENTE GARCÍA MORENO;7
GLORIETA;DEL;PRESIDENTE GARCIA MORENO;PRESIDENTE GARCÍA MORENO;9
CALLE;DEL;PRETIL DE LOS CONSEJOS;PRETIL DE LOS CONSEJOS;1
CALLE;DEL;PRETIL DE SANTISTEBAN;PRETIL DE SANTISTEBAN;1
CALLE;DE;PRIEGO;PRIEGO;10
CALLE;DE;PRIETO UREÑA;PRIETO UREÑA;5
CALLE;DE;PRIM;PRIM;1
CALLE;DE LA;PRIMAVERA;PRIMAVERA;1
TRAVESÍA;DE LA;PRIMAVERA;PRIMAVERA;1
CALLE;DE LA;PRIMAVERA DE PRAGA;PRIMAVERA DE PRAGA;14
AVENIDA;;PRIMERA;PRIMERA;20
CALLE;;PRIMERA;PRIMERA;5
CALLE;DE;PRIMITIVA GAÑAN;PRIMITIVA GAÑÁN;12
CALLE;DE LA;PRIMULA;PRÍMULA;11
CALLE;DE LA;PRINCESA;PRINCESA;1
CALLE;DE LA;PRINCESA;PRINCESA;7
CALLE;DE LA;PRINCESA;PRINCESA;9
PUENTE;DE LA;PRINCESA;PRINCESA;2
PUENTE;DE LA;PRINCESA;PRINCESA;2
PUENTE;DE LA;PRINCESA;PRINCESA;12
PUENTE;DE LA;PRINCESA;PRINCESA;12
CALLE;DE LA;PRINCESA DE EBOLI;PRINCESA DE ÉBOLI;16
CALLE;DE LA;PRINCESA DE KAPURTALA;PRINCESA DE KAPURTALA;18
CALLE;DE LA;PRINCESA DE KAPURTALA;PRINCESA DE KAPURTALA;18
AVENIDA;DE LA;PRINCESA JUANA DE AUSTRIA;PRINCESA JUANA DE AUSTRIA;11
AVENIDA;DE LA;PRINCESA JUANA DE AUSTRIA;PRINCESA JUANA DE AUSTRIA;11
AVENIDA;DE LA;PRINCESA JUANA DE AUSTRIA;PRINCESA JUANA DE AUSTRIA;11
AVENIDA;DE LA;PRINCESA JUANA DE AUSTRIA;PRINCESA JUANA DE AUSTRIA;11
AVENIDA;DE LA;PRINCESA JUANA DE AUSTRIA;PRINCESA JUANA DE AUSTRIA;12
AVENIDA;DE LA;PRINCESA JUANA DE AUSTRIA;PRINCESA JUANA DE AUSTRIA;12
AVENIDA;DE LA;PRINCESA JUANA DE AUSTRIA;PRINCESA JUANA DE AUSTRIA;12
AVENIDA;DE LA;PRINCESA JUANA DE AUSTRIA;PRINCESA JUANA DE AUSTRIA;17
CALLE;DE LA;PRINCESA MICOMICONA;PRINCESA MICOMICONA;8
CALLE;DEL;PRINCIPADO;PRINCIPADO;11
AVENIDA;;PRINCIPAL;PRINCIPAL;9
CALLE;;PRINCIPAL;PRINCIPAL;17
CALLE;;PRINCIPAL DE PROVINCIAS;PRINCIPAL DE PROVINCIAS;8
CALLE;;PRINCIPAL DE PROVINCIAS;PRINCIPAL DE PROVINCIAS;9
CALLE;DEL;PRINCIPE;PRÍNCIPE;1
CAMINO;DEL;PRINCIPE;PRÍNCIPE;9
CALLE;DEL;PRINCIPE ANGLONA;PRÍNCIPE ANGLONA;1
CALLE;DEL;PRINCIPE CARLOS;PRÍNCIPE CARLOS;8
CALLE;DEL;PRINCIPE CARLOS;PRÍNCIPE CARLOS;16
CALLE;DEL;PRINCIPE DE ASTURIAS;PRÍNCIPE DE ASTURIAS;4
CALLE;DEL;PRINCIPE DE VERGARA;PRÍNCIPE DE VERGARA;4
CALLE;DEL;PRINCIPE DE VERGARA;PRÍNCIPE DE VERGARA;4
CALLE;DEL;PRINCIPE DE VERGARA;PRÍNCIPE DE VERGARA;4
CALLE;DEL;PRINCIPE DE VERGARA;PRÍNCIPE DE VERGARA;4
CALLE;DEL;PRINCIPE DE VERGARA;PRÍNCIPE DE VERGARA;5
CALLE;DEL;PRINCIPE DE VERGARA;PRÍNCIPE DE VERGARA;5
CALLE;DEL;PRINCIPE DE VERGARA;PRÍNCIPE DE VERGARA;5
CALLE;DEL;PRINCIPE DE VERGARA;PRÍNCIPE DE VERGARA;5
CALLE;DEL;PRINCIPE DE VERGARA;PRÍNCIPE DE VERGARA;5
CALLE;DEL;PRINCIPE DE VIANA;PRÍNCIPE DE VIANA;9
CALLE;DEL;PRINCIPE DE VIANA;PRÍNCIPE DE VIANA;9
CALLE;DE LA;PRIORA;PRIORA;1
CALLE;DE;PROCION;PROCIÓN;9
CALLE;DE;PROCION;PROCIÓN;9
CALLE;DEL;PROFESOR ARANGUREN;PROFESOR ARANGUREN;9
CALLE;DEL;PROFESOR JOSE GARCIA SANTESMASES;PROFESOR JOSÉ GARCÍA SANTESMASES;9
CALLE;DEL;PROFESOR JUAN IGLESIAS;PROFESOR JUAN IGLESIAS;9
CALLE;DEL;PROFESOR MARTIN ALMAGRO BASCH;PROFESOR MARTÍN ALMAGRO BASCH;9
CALLE;DEL;PROFESOR MARTIN LAGOS;PROFESOR MARTÍN LAGOS;9
CALLE;DEL;PROFESOR MARTIN LAGOS;PROFESOR MARTÍN LAGOS;10
CALLE;DEL;PROFESOR WAKSMAN;PROFESOR WAKSMAN;5
CALLE;DEL;PROGRESO;PROGRESO;11
PLAZA;DE LAS;PROMESAS;PROMESAS;12
PLAZA;DE LA;PROSPERIDAD;PROSPERIDAD;5
CALLE;DE;PROTASIO GOMEZ;PROTASIO GÓMEZ;15
CALLE;DE;PROTOGINA;PROTOGINA;17
PLAZA;DE LA;PROVINCIA;PROVINCIA;1
RONDA;DE LAS;PROVINCIAS;PROVINCIAS;9
RONDA;DE LAS;PROVINCIAS;PROVINCIAS;11
AVENIDA;;PROVISIONAL AHIJONES BERROCALES CINCO;PROVISIONAL AHIJONES BERROCALES CINCO;19
AVENIDA;;PROVISIONAL AHIJONES BERROCALES CINCO;PROVISIONAL AHIJONES BERROCALES CINCO;19
AVENIDA;;PROVISIONAL AHIJONES BERROCALES CUATRO;PROVISIONAL AHIJONES BERROCALES CUATRO;19
AVENIDA;;PROVISIONAL AHIJONES BERROCALES CUATRO;PROVISIONAL AHIJONES BERROCALES CUATRO;19
AVENIDA;;PROVISIONAL AHIJONES BERROCALES DOS;PROVISIONAL AHIJONES BERROCALES DOS;19
AVENIDA;;PROVISIONAL AHIJONES BERROCALES DOS;PROVISIONAL AHIJONES BERROCALES DOS;19
AVENIDA;;PROVISIONAL AHIJONES BERROCALES UNO;PROVISIONAL AHIJONES BERROCALES UNO;18
AVENIDA;;PROVISIONAL AHIJONES BERROCALES UNO;PROVISIONAL AHIJONES BERROCALES UNO;19
CALLE;;PROVISIONAL AHIJONES CATORCE;PROVISIONAL AHIJONES CATORCE;19
CALLE;;PROVISIONAL AHIJONES CIENTO VEINTICINCO;PROVISIONAL AHIJONES CIENTO VEINTICINCO;19
CALLE;;PROVISIONAL AHIJONES CIENTO VEINTICUATRO;PROVISIONAL AHIJONES CIENTO VEINTICUATRO;19
CALLE;;PROVISIONAL AHIJONES CIENTO VEINTIDOS;PROVISIONAL AHIJONES CIENTO VEINTIDOS;19
CALLE;;PROVISIONAL AHIJONES CIENTO VEINTISEIS;PROVISIONAL AHIJONES CIENTO VEINTISEIS;19
CALLE;;PROVISIONAL AHIJONES CIENTO VEINTISIETE;PROVISIONAL AHIJONES CIENTO VEINTISIETE;19
CALLE;;PROVISIONAL AHIJONES CIENTO VEINTITRES;PROVISIONAL AHIJONES CIENTO VEINTITRÉS;19
CALLE;;PROVISIONAL AHIJONES CINCUENTA;PROVISIONAL AHIJONES CINCUENTA;19
CALLE;;PROVISIONAL AHIJONES CINCUENTA Y CUATRO;PROVISIONAL AHIJONES CINCUENTA Y CUATRO;19
CALLE;;PROVISIONAL AHIJONES CINCUENTA Y DOS;PROVISIONAL AHIJONES CINCUENTA Y DOS;19
CALLE;;PROVISIONAL AHIJONES CINCUENTA Y TRES;PROVISIONAL AHIJONES CINCUENTA Y TRES;19
CALLE;;PROVISIONAL AHIJONES CINCUENTA Y UNO;PROVISIONAL AHIJONES CINCUENTA Y UNO;19
CALLE;;PROVISIONAL AHIJONES CUARENTA;PROVISIONAL AHIJONES CUARENTA;19
CALLE;;PROVISIONAL AHIJONES CUARENTA Y CINCO;PROVISIONAL AHIJONES CUARENTA Y CINCO;19
CALLE;;PROVISIONAL AHIJONES CUARENTA Y CUATRO;PROVISIONAL AHIJONES CUARENTA Y CUATRO;19
CALLE;;PROVISIONAL AHIJONES CUARENTA Y DOS;PROVISIONAL AHIJONES CUARENTA Y DOS;19
CALLE;;PROVISIONAL AHIJONES CUARENTA Y NUEVE;PROVISIONAL AHIJONES CUARENTA Y NUEVE;19
CALLE;;PROVISIONAL AHIJONES CUARENTA Y OCHO;PROVISIONAL AHIJONES CUARENTA Y OCHO;19
CALLE;;PROVISIONAL AHIJONES CUARENTA Y SEIS;PROVISIONAL AHIJONES CUARENTA Y SEIS;19
CALLE;;PROVISIONAL AHIJONES CUARENTA Y SIETE;PROVISIONAL AHIJONES CUARENTA Y SIETE;19
CALLE;;PROVISIONAL AHIJONES CUARENTA Y TRES;PROVISIONAL AHIJONES CUARENTA Y TRES;19
CALLE;;PROVISIONAL AHIJONES CUARENTA Y UNO;PROVISIONAL AHIJONES CUARENTA Y UNO;19
CALLE;;PROVISIONAL AHIJONES DIECINUEVE;PROVISIONAL AHIJONES DIECINUEVE;19
CALLE;;PROVISIONAL AHIJONES DIECIOCHO;PROVISIONAL AHIJONES DIECIOCHO;19
CALLE;;PROVISIONAL AHIJONES DIECISEIS;PROVISIONAL AHIJONES DIECISÉIS;19
AVENIDA;;PROVISIONAL AHIJONES DIEZ;PROVISIONAL AHIJONES DIEZ;19
CALLE;;PROVISIONAL AHIJONES DOCE;PROVISIONAL AHIJONES DOCE;19
AVENIDA;;PROVISIONAL AHIJONES NUEVE;PROVISIONAL AHIJONES NUEVE;19
CALLE;;PROVISIONAL AHIJONES OCHO;PROVISIONAL AHIJONES OCHO;19
CALLE;;PROVISIONAL AHIJONES ONCE;PROVISIONAL AHIJONES ONCE;19
CALLE;;PROVISIONAL AHIJONES QUINCE;PROVISIONAL AHIJONES QUINCE;19
AVENIDA;;PROVISIONAL AHIJONES SEIS;PROVISIONAL AHIJONES SEIS;19
AVENIDA;;PROVISIONAL AHIJONES SEIS;PROVISIONAL AHIJONES SEIS;19
AVENIDA;;PROVISIONAL AHIJONES SIETE;PROVISIONAL AHIJONES SIETE;19
CALLE;;PROVISIONAL AHIJONES TRECE;PROVISIONAL AHIJONES TRECE;19
CALLE;;PROVISIONAL AHIJONES TREINTA;PROVISIONAL AHIJONES TREINTA;19
CALLE;;PROVISIONAL AHIJONES TREINTA A;PROVISIONAL AHIJONES TREINTA A;19
CALLE;;PROVISIONAL AHIJONES TREINTA Y CINCO;PROVISIONAL AHIJONES TREINTA Y CINCO;19
CALLE;;PROVISIONAL AHIJONES TREINTA Y CUATRO;PROVISIONAL AHIJONES TREINTA Y CUATRO;19
CALLE;;PROVISIONAL AHIJONES TREINTA Y DOS;PROVISIONAL AHIJONES TREINTA Y DOS;19
CALLE;;PROVISIONAL AHIJONES TREINTA Y NUEVE;PROVISIONAL AHIJONES TREINTA Y NUEVE;19
CALLE;;PROVISIONAL AHIJONES TREINTA Y OCHO;PROVISIONAL AHIJONES TREINTA Y OCHO;19
CALLE;;PROVISIONAL AHIJONES TREINTA Y SEIS;PROVISIONAL AHIJONES TREINTA Y SEIS;19
CALLE;;PROVISIONAL AHIJONES TREINTA Y SIETE;PROVISIONAL AHIJONES TREINTA Y SIETE;19
CALLE;;PROVISIONAL AHIJONES TREINTA Y TRES;PROVISIONAL AHIJONES TREINTA Y TRES;19
CALLE;;PROVISIONAL AHIJONES VEINTE;PROVISIONAL AHIJONES VEINTE;19
CALLE;;PROVISIONAL AHIJONES VEINTICINCO;PROVISIONAL AHIJONES VEINTICINCO;19
CALLE;;PROVISIONAL AHIJONES VEINTICUATRO;PROVISIONAL AHIJONES VEINTICUATRO;19
CALLE;;PROVISIONAL AHIJONES VEINTIDOS;PROVISIONAL AHIJONES VEINTIDÓS;19
CALLE;;PROVISIONAL AHIJONES VEINTINUEVE;PROVISIONAL AHIJONES VEINTINUEVE;19
CALLE;;PROVISIONAL AHIJONES VEINTIOCHO;PROVISIONAL AHIJONES VEINTIOCHO;19
CALLE;;PROVISIONAL AHIJONES VEINTISEIS;PROVISIONAL AHIJONES VEINTISÉIS;19
CALLE;;PROVISIONAL AHIJONES VEINTISIETE;PROVISIONAL AHIJONES VEINTISIETE;19
CALLE;;PROVISIONAL AHIJONES VEINTITRES;PROVISIONAL AHIJONES VEINTITRÉS;19
CALLE;;PROVISIONAL AHIJONES VEINTIUNO;PROVISIONAL AHIJONES VEINTIUNO;19
CALLE;;PROVISIONAL ARBOLEDA DE SAN FERNANDO;PROVISIONAL ARBOLEDA DE SAN FERNANDO;8
CALLE;;PROVISIONAL BERROCALES AHIJONES CINCUENTA Y CUATRO;PROVISIONAL BERROCALES AHIJONES CINCUENTA Y CUATRO;
CALLE;;PROVISIONAL BERROCALES CIEN;PROVISIONAL BERROCALES CIEN;19
CALLE;;PROVISIONAL BERROCALES CIENTO CATORCE;PROVISIONAL BERROCALES CIENTO CATORCE;19
CALLE;;PROVISIONAL BERROCALES CIENTO CINCO;PROVISIONAL BERROCALES CIENTO CINCO;19
CALLE;;PROVISIONAL BERROCALES CIENTO CUATRO;PROVISIONAL BERROCALES CIENTO CUATRO;19
CALLE;;PROVISIONAL BERROCALES CIENTO DIECINUEVE;PROVISIONAL BERROCALES CIENTO DIECINUEVE;19
CALLE;;PROVISIONAL BERROCALES CIENTO DIECIOCHO;PROVISIONAL BERROCALES CIENTO DIECIOCHO;19
CALLE;;PROVISIONAL BERROCALES CIENTO DIECISEIS;PROVISIONAL BERROCALES CIENTO DIECISEIS;19
CALLE;;PROVISIONAL BERROCALES CIENTO DIECISIETE;PROVISIONAL BERROCALES CIENTO DIECISIETE;19
CALLE;;PROVISIONAL BERROCALES CIENTO DIEZ;PROVISIONAL BERROCALES CIENTO DIEZ;19
CALLE;;PROVISIONAL BERROCALES CIENTO DOCE;PROVISIONAL BERROCALES CIENTO DOCE;19
CALLE;;PROVISIONAL BERROCALES CIENTO DOS;PROVISIONAL BERROCALES CIENTO DOS;19
CALLE;;PROVISIONAL BERROCALES CIENTO NUEVE;PROVISIONAL BERROCALES CIENTO NUEVE;19
CALLE;;PROVISIONAL BERROCALES CIENTO OCHO;PROVISIONAL BERROCALES CIENTO OCHO;19
CALLE;;PROVISIONAL BERROCALES CIENTO ONCE;PROVISIONAL BERROCALES CIENTO ONCE;19
CALLE;;PROVISIONAL BERROCALES CIENTO QUINCE;PROVISIONAL BERROCALES CIENTO QUINCE;19
CALLE;;PROVISIONAL BERROCALES CIENTO SEIS;PROVISIONAL BERROCALES CIENTO SEIS;19
CALLE;;PROVISIONAL BERROCALES CIENTO SIETE;PROVISIONAL BERROCALES CIENTO SIETE;19
CALLE;;PROVISIONAL BERROCALES CIENTO TRECE;PROVISIONAL BERROCALES CIENTO TRECE;19
CALLE;;PROVISIONAL BERROCALES CIENTO TRES;PROVISIONAL BERROCALES CIENTO TRES;19
CALLE;;PROVISIONAL BERROCALES CIENTO UNO;PROVISIONAL BERROCALES CIENTO UNO;19
CALLE;;PROVISIONAL BERROCALES CIENTO VEINTE;PROVISIONAL BERROCALES CIENTO VEINTE;19
CALLE;;PROVISIONAL BERROCALES CIENTO VEINTIDOS;PROVISIONAL BERROCALES CIENTO VEINTIDÓS;19
JARDÍN;;PROVISIONAL BERROCALES CIENTO VEINTIUNO;PROVISIONAL BERROCALES CIENTO VEINTIUNO;
CALLE;;PROVISIONAL BERROCALES CINCUENTA Y CINCO;PROVISIONAL BERROCALES CINCUENTA Y CINCO;19
CALLE;;PROVISIONAL BERROCALES CINCUENTA Y NUEVE;PROVISIONAL BERROCALES CINCUENTA Y NUEVE;19
CALLE;;PROVISIONAL BERROCALES CINCUENTA Y OCHO;PROVISIONAL BERROCALES CINCUENTA Y OCHO;19
CALLE;;PROVISIONAL BERROCALES CINCUENTA Y SEIS;PROVISIONAL BERROCALES CINCUENTA Y SEIS;19
CALLE;;PROVISIONAL BERROCALES CINCUENTA Y SIETE;PROVISIONAL BERROCALES CINCUENTA Y SIETE;19
CALLE;;PROVISIONAL BERROCALES NOVENTA;PROVISIONAL BERROCALES NOVENTA;19
CALLE;;PROVISIONAL BERROCALES NOVENTA Y CINCO;PROVISIONAL BERROCALES NOVENTA Y CINCO;19
CALLE;;PROVISIONAL BERROCALES NOVENTA Y CUATRO;PROVISIONAL BERROCALES NOVENTA Y CUATRO;19
CALLE;;PROVISIONAL BERROCALES NOVENTA Y DOS;PROVISIONAL BERROCALES NOVENTA Y DOS;19
CALLE;;PROVISIONAL BERROCALES NOVENTA Y NUEVE;PROVISIONAL BERROCALES NOVENTA Y NUEVE;19
CALLE;;PROVISIONAL BERROCALES NOVENTA Y OCHO;PROVISIONAL BERROCALES NOVENTA Y OCHO;19
CALLE;;PROVISIONAL BERROCALES NOVENTA Y SEIS;PROVISIONAL BERROCALES NOVENTA Y SEIS;19
CALLE;;PROVISIONAL BERROCALES NOVENTA Y SIETE;PROVISIONAL BERROCALES NOVENTA Y SIETE;19
CALLE;;PROVISIONAL BERROCALES NOVENTA Y TRES;PROVISIONAL BERROCALES NOVENTA Y TRES;19
CALLE;;PROVISIONAL BERROCALES NOVENTA Y UNO;PROVISIONAL BERROCALES NOVENTA Y UNO;19
CALLE;;PROVISIONAL BERROCALES OCHENTA;PROVISIONAL BERROCALES OCHENTA;19
CALLE;;PROVISIONAL BERROCALES OCHENTA Y CINCO;PROVISIONAL BERROCALES OCHENTA Y CINCO;19
CALLE;;PROVISIONAL BERROCALES OCHENTA Y CUATRO;PROVISIONAL BERROCALES OCHENTA Y CUATRO;19
CALLE;;PROVISIONAL BERROCALES OCHENTA Y DOS;PROVISIONAL BERROCALES OCHENTA Y DOS;19
CALLE;;PROVISIONAL BERROCALES OCHENTA Y NUEVE;PROVISIONAL BERROCALES OCHENTA Y NUEVE;19
CALLE;;PROVISIONAL BERROCALES OCHENTA Y OCHO;PROVISIONAL BERROCALES OCHENTA Y OCHO;19
CALLE;;PROVISIONAL BERROCALES OCHENTA Y SEIS;PROVISIONAL BERROCALES OCHENTA Y SEIS;19
CALLE;;PROVISIONAL BERROCALES OCHENTA Y SIETE;PROVISIONAL BERROCALES OCHENTA Y SIETE;19
CALLE;;PROVISIONAL BERROCALES OCHENTA Y TRES;PROVISIONAL BERROCALES OCHENTA Y TRES;19
CALLE;;PROVISIONAL BERROCALES OCHENTA Y UNO;PROVISIONAL BERROCALES OCHENTA Y UNO;19
CALLE;;PROVISIONAL BERROCALES SESENTA;PROVISIONAL BERROCALES SESENTA;19
CALLE;;PROVISIONAL BERROCALES SESENTA Y CINCO;PROVISIONAL BERROCALES SESENTA Y CINCO;19
AVENIDA;;PROVISIONAL BERROCALES SESENTA Y CUATRO;PROVISIONAL BERROCALES SESENTA Y CUATRO;19
AVENIDA;;PROVISIONAL BERROCALES SESENTA Y DOS;PROVISIONAL BERROCALES SESENTA Y DOS;19
AVENIDA;;PROVISIONAL BERROCALES SESENTA Y NUEVE;PROVISIONAL BERROCALES SESENTA Y NUEVE;19
CALLE;;PROVISIONAL BERROCALES SESENTA Y OCHO;PROVISIONAL BERROCALES SESENTA Y OCHO;19
AVENIDA;;PROVISIONAL BERROCALES SESENTA Y SEIS;PROVISIONAL BERROCALES SESENTA Y SEIS;19
AVENIDA;;PROVISIONAL BERROCALES SESENTA Y SIETE;PROVISIONAL BERROCALES SESENTA Y SIETE;19
CALLE;;PROVISIONAL BERROCALES SESENTA Y TRES;PROVISIONAL BERROCALES SESENTA Y TRES;19
CALLE;;PROVISIONAL BERROCALES SESENTA Y UNO;PROVISIONAL BERROCALES SESENTA Y UNO;19
CALLE;;PROVISIONAL BERROCALES SETENTA;PROVISIONAL BERROCALES SETENTA;19
CALLE;;PROVISIONAL BERROCALES SETENTA Y CINCO;PROVISIONAL BERROCALES SETENTA Y CINCO;19
CALLE;;PROVISIONAL BERROCALES SETENTA Y CUATRO;PROVISIONAL BERROCALES SETENTA Y CUATRO;19
CALLE;;PROVISIONAL BERROCALES SETENTA Y DOS;PROVISIONAL BERROCALES SETENTA Y DOS;19
CALLE;;PROVISIONAL BERROCALES SETENTA Y NUEVE;PROVISIONAL BERROCALES SETENTA Y NUEVE;19
CALLE;;PROVISIONAL BERROCALES SETENTA Y OCHO;PROVISIONAL BERROCALES SETENTA Y OCHO;19
CALLE;;PROVISIONAL BERROCALES SETENTA Y SEIS;PROVISIONAL BERROCALES SETENTA Y SEIS;19
CALLE;;PROVISIONAL BERROCALES SETENTA Y SIETE;PROVISIONAL BERROCALES SETENTA Y SIETE;19
CALLE;;PROVISIONAL BERROCALES SETENTA Y TRES;PROVISIONAL BERROCALES SETENTA Y TRES;19
AVENIDA;;PROVISIONAL BERROCALES SETENTA Y UNO;PROVISIONAL BERROCALES SETENTA Y UNO;19
AVENIDA;;PROVISIONAL BERROCALES TRES;PROVISIONAL BERROCALES TRES;19
CALLE;;PROVISIONAL CARCEL DE CARABANCHEL CINCO;PROVISIONAL CÁRCEL DE CARABANCHEL CINCO;11
CALLE;;PROVISIONAL CARCEL DE CARABANCHEL CUATRO;PROVISIONAL CÁRCEL DE CARABANCHEL CUATRO;11
CALLE;;PROVISIONAL CARCEL DE CARABANCHEL DOS;PROVISIONAL CÁRCEL DE CARABANCHEL DOS;11
CALLE;;PROVISIONAL CARCEL DE CARABANCHEL SEIS;PROVISIONAL CÁRCEL DE CARABANCHEL SEIS;11
CALLE;;PROVISIONAL CARCEL DE CARABANCHEL SIETE;PROVISIONAL CÁRCEL DE CARABANCHEL SIETE;11
CALLE;;PROVISIONAL CARCEL DE CARABANCHEL TRES;PROVISIONAL CÁRCEL DE CARABANCHEL TRES;11
CALLE;;PROVISIONAL CARCEL DE CARABANCHEL UNO;PROVISIONAL CÁRCEL DE CARABANCHEL UNO;11
RONDA;;PROVISIONAL CIUDAD ESCOLAR;PROVISIONAL CIUDAD ESCOLAR;8
CALLE;;PROVISIONAL COCHERAS BUENAVISTA DOS;PROVISIONAL COCHERAS BUENAVISTA DOS;11
CALLE;;PROVISIONAL COCHERAS BUENAVISTA TRES;PROVISIONAL COCHERAS BUENAVISTA TRES;11
CALLE;;PROVISIONAL COCHERAS BUENAVISTA UNO;PROVISIONAL COCHERAS BUENAVISTA UNO;11
CALLE;;PROVISIONAL COCHERAS DE METRO DE HORTALEZA;PROVISIONAL COCHERAS DE METRO DE HORTALEZA;16
RONDA;;PROVISIONAL COLEGIO SAN FERNANDO;PROVISIONAL COLEGIO SAN FERNANDO;8
CALLE;;PROVISIONAL EL ESPINILLO DOS;PROVISIONAL EL ESPINILLO DOS;19
GLORIETA;;PROVISIONAL EL ESPINILLO TRES;PROVISIONAL EL ESPINILLO TRES;19
CALLE;;PROVISIONAL EL ESPINILLO UNO;PROVISIONAL EL ESPINILLO UNO;19
CALLE;;PROVISIONAL FERROVIARIOS CUATRO;PROVISIONAL FERROVIARIOS CUATRO;17
CALLE;;PROVISIONAL FERROVIARIOS DOS;PROVISIONAL FERROVIARIOS DOS;17
CALLE;;PROVISIONAL FERROVIARIOS TRES;PROVISIONAL FERROVIARIOS TRES;17
CALLE;;PROVISIONAL FERROVIARIOS UNO;PROVISIONAL FERROVIARIOS UNO;17
CALLE;;PROVISIONAL FIN DE SEMANA;PROVISIONAL FIN DE SEMANA;20
AVENIDA;;PROVISIONAL GRAN VIA DE VICALVARO;PROVISIONAL GRAN VÍA DE VICÁLVARO;19
AVENIDA;;PROVISIONAL GRAN VIA DE VICALVARO;PROVISIONAL GRAN VÍA DE VICÁLVARO;19
CALLE;;PROVISIONAL IVECO-PEGASO CINCO;PROVISIONAL IVECO-PEGASO CINCO;20
CALLE;;PROVISIONAL IVECO-PEGASO CUATRO;PROVISIONAL IVECO-PEGASO CUATRO;20
CALLE;;PROVISIONAL IVECO-PEGASO DOS;PROVISIONAL IVECO-PEGASO DOS;20
CALLE;;PROVISIONAL IVECO-PEGASO TRES;PROVISIONAL IVECO-PEGASO TRES;20
CALLE;;PROVISIONAL IVECO-PEGASO UNO;PROVISIONAL IVECO-PEGASO UNO;20
CALLE;;PROVISIONAL JOAQUIN LORENZO DOS;PROVISIONAL JOAQUÍN LORENZO DOS;8
CALLE;;PROVISIONAL LOS CALEROS;PROVISIONAL LOS CALEROS;9
CALLE;;PROVISIONAL PADRE CLARET;PROVISIONAL PADRE CLARET;5
CALLE;;PROVISIONAL PARQUE DE VALDEBEBAS CINCUENTA Y CINCO;PROVISIONAL PARQUE DE VALDEBEBAS CINCUENTA Y CINCO;16
CALLE;;PROVISIONAL RAMPA SIETE;PROVISIONAL RAMPA SIETE;21
CALLE;;PROVISIONAL SOLANA DE VALDEBEBAS CATORCE;PROVISIONAL SOLANA DE VALDEBEBAS CATORCE;16
CALLE;;PROVISIONAL SOLANA DE VALDEBEBAS CINCO;PROVISIONAL SOLANA DE VALDEBEBAS CINCO;16
CALLE;;PROVISIONAL SOLANA DE VALDEBEBAS CUATRO;PROVISIONAL SOLANA DE VALDEBEBAS CUATRO;16
CALLE;;PROVISIONAL SOLANA DE VALDEBEBAS DIECINUEVE;PROVISIONAL SOLANA DE VALDEBEBAS DIECINUEVE;16
CALLE;;PROVISIONAL SOLANA DE VALDEBEBAS DIECIOCHO;PROVISIONAL SOLANA DE VALDEBEBAS DIECIOCHO;16
CALLE;;PROVISIONAL SOLANA DE VALDEBEBAS DIECISEIS;PROVISIONAL SOLANA DE VALDEBEBAS DIECISEIS;16
CALLE;;PROVISIONAL SOLANA DE VALDEBEBAS DIECISIETE;PROVISIONAL SOLANA DE VALDEBEBAS DIECISIETE;16
CALLE;;PROVISIONAL SOLANA DE VALDEBEBAS DIEZ;PROVISIONAL SOLANA DE VALDEBEBAS DIEZ;16
CALLE;;PROVISIONAL SOLANA DE VALDEBEBAS DOS;PROVISIONAL SOLANA DE VALDEBEBAS DOS;16
CALLE;;PROVISIONAL SOLANA DE VALDEBEBAS NUEVE;PROVISIONAL SOLANA DE VALDEBEBAS NUEVE;16
CALLE;;PROVISIONAL SOLANA DE VALDEBEBAS OCHO;PROVISIONAL SOLANA DE VALDEBEBAS OCHO;16
CALLE;;PROVISIONAL SOLANA DE VALDEBEBAS ONCE;PROVISIONAL SOLANA DE VALDEBEBAS ONCE;16
CALLE;;PROVISIONAL SOLANA DE VALDEBEBAS QUINCE;PROVISIONAL SOLANA DE VALDEBEBAS QUINCE;16
CALLE;;PROVISIONAL SOLANA DE VALDEBEBAS SEIS;PROVISIONAL SOLANA DE VALDEBEBAS SEIS;16
CALLE;;PROVISIONAL SOLANA DE VALDEBEBAS SIETE;PROVISIONAL SOLANA DE VALDEBEBAS SIETE;16
CALLE;;PROVISIONAL SOLANA DE VALDEBEBAS TRECE;PROVISIONAL SOLANA DE VALDEBEBAS TRECE;16
CALLE;;PROVISIONAL SOLANA DE VALDEBEBAS TRES;PROVISIONAL SOLANA DE VALDEBEBAS TRES;16
CALLE;;PROVISIONAL SOLANA DE VALDEBEBAS UNO;PROVISIONAL SOLANA DE VALDEBEBAS UNO;16
CALLE;;PROVISIONAL SOLANA DE VALDEBEBAS VEINTE;PROVISIONAL SOLANA DE VALDEBEBAS VEINTE;16
CALLE;;PROVISIONAL SOLANA DE VALDEBEBAS VEINTIDOS;PROVISIONAL SOLANA DE VALDEBEBAS VEINTIDÓS;16
CALLE;;PROVISIONAL SOLANA DE VALDEBEBAS VEINTIUNO;PROVISIONAL SOLANA DE VALDEBEBAS VEINTIUNO;16
CALLE;;PROVISIONAL TALLERES GENERALES MZA;PROVISIONAL TALLERES GENERALES MZA;2
CALLE;DE LAS;PROVISIONES;PROVISIONES;1
CALLE;DE;PRUDENCIO ALVARO;PRUDENCIO ÁLVARO;15
AVENIDA;DE LOS;PRUNOS;PRUNOS;16
CALLE;DE LA;PUEBLA;PUEBLA;1
CALLE;DE;PUEBLA DE MONTALBAN;PUEBLA DE MONTALBÁN;11
CALLE;DE;PUEBLA DE SANABRIA;PUEBLA DE SANABRIA;17
PLAZA;DEL;PUEBLO;PUEBLO;12
CAMINO;DEL;PUENTE;PUENTE;17
PASO ELEVADO;DEL;PUENTE DE LOS CAPUCHINOS;PUENTE DE LOS CAPUCHINOS;11
PASO ELEVADO;DEL;PUENTE DE LOS CAPUCHINOS;PUENTE DE LOS CAPUCHINOS;12
GLORIETA;DEL;PUENTE DE SEGOVIA;PUENTE DE SEGOVIA;10
CALLE;DEL;PUENTE DE VIZCAYA;PUENTE DE VIZCAYA;17
CALLE;DEL;PUENTE DEL ARZOBISPO;PUENTE DEL ARZOBISPO;18
CALLE;DEL;PUENTE DEL DUERO;PUENTE DEL DUERO;5
PLAZA;DE;PUENTE GENIL;PUENTE GENIL;10
CALLE;DE;PUENTE LA REINA;PUENTE LA REINA;8
CALLE;DE;PUENTE VIESGO;PUENTE VIESGO;9
CALLE;DE;PUENTECESURES;PUENTECESURES;8
CALLE;DEL;PUENTECILLO;PUENTECILLO;16
CAMINO;DE LOS;PUENTECILLOS;PUENTECILLOS;8
CALLE;DE;PUENTEDEUME;PUENTEDEUME;8
CALLE;DE;PUENTEDEY;PUENTEDEY;18
CALLE;DE;PUENTELARRA;PUENTELARRA;18
CALLE;DE LA;PUERTA BONITA;PUERTA BONITA;11
PLAZA;DE LA;PUERTA CERRADA;PUERTA CERRADA;1
PLAZA;DE LA;PUERTA CERRADA;PUERTA CERRADA;1
AVENIDA;DE LA;PUERTA DE HIERRO;PUERTA DE HIERRO;9
GLORIETA;DE LA;PUERTA DE HIERRO;PUERTA DE HIERRO;9
PLAZA;DE LA;PUERTA DE MOROS;PUERTA DE MOROS;1
CALLE;DE LA;PUERTA DE PLATERIAS;PUERTA DE PLATERÍAS;8
GLORIETA;DE LA;PUERTA DE TOLEDO;PUERTA DE TOLEDO;1
GLORIETA;DE LA;PUERTA DE TOLEDO;PUERTA DE TOLEDO;1
GLORIETA;DE LA;PUERTA DE TOLEDO;PUERTA DE TOLEDO;2
GLORIETA;DE LA;PUERTA DE TOLEDO;PUERTA DE TOLEDO;2
AVENIDA;DE LA;PUERTA DE TOLEDO MERCAMADRID;PUERTA DE TOLEDO MERCAMADRID;18
PISTA;DE LA;PUERTA DEL ALMAJAN;PUERTA DEL ALMAJÁN;8
PASEO;DE LA;PUERTA DEL ANGEL;PUERTA DEL ÁNGEL;9
PASEO;DE LA;PUERTA DEL ANGEL;PUERTA DEL ÁNGEL;10
PLAZA;DE LA;PUERTA DEL ANGEL;PUERTA DEL ÁNGEL;9
PLAZA;DE LA;PUERTA DEL ANGEL;PUERTA DEL ÁNGEL;10
PLAZA;DE LA;PUERTA DEL SOL;PUERTA DEL SOL;1
CARRETERA;DE LAS;PUERTAS DE LAS COLUMNAS;PUERTAS DE LAS COLUMNAS;8
CALLE;DEL;PUERTO ALTO;PUERTO ALTO;13
PLAZA;DEL;PUERTO BARAZAR;PUERTO BARAZAR;12
CALLE;DEL;PUERTO DE ALAZORES;PUERTO DE ALAZORES;18
CALLE;DEL;PUERTO DE ALCOLEA;PUERTO DE ALCOLEA;13
CALLE;DEL;PUERTO DE ALMANSA;PUERTO DE ALMANSA;13
CALLE;DEL;PUERTO DE ALSASUA;PUERTO DE ALSASUA;13
CALLE;DEL;PUERTO DE ARLABAN;PUERTO DE ARLABÁN;13
CALLE;DEL;PUERTO DE BALBARAN;PUERTO DE BALBARÁN;13
CALLE;DEL;PUERTO DE BALBARAN;PUERTO DE BALBARÁN;13
CALLE;DEL;PUERTO DE BALBARAN;PUERTO DE BALBARÁN;13
CALLE;DEL;PUERTO DE BAÑOS;PUERTO DE BAÑOS;13
CALLE;DEL;PUERTO DE BEJAR;PUERTO DE BÉJAR;2
CALLE;DEL;PUERTO DE BENASQUE;PUERTO DE BENASQUE;18
CALLE;DEL;PUERTO DE BERMEO;PUERTO DE BERMEO;8
CALLE;DEL;PUERTO DE CANENCIA;PUERTO DE CANENCIA;13
CALLE;DEL;PUERTO DE CANFRANC;PUERTO DE CANFRANC;13
CALLE;DEL;PUERTO DE CARDOSO;PUERTO DE CARDOSO;13
CALLE;DEL;PUERTO DE CORLITE;PUERTO DE CORLITE;13
CALLE;DEL;PUERTO DE COSTABONA;PUERTO DE COSTABONA;13
CALLE;DEL;PUERTO DE COTOS;PUERTO DE COTOS;13
CALLE;DEL;PUERTO DE FUENFRIA;PUERTO DE FUENFRÍA;9
CALLE;DEL;PUERTO DE GALAPAGAR;PUERTO DE GALAPAGAR;18
PLAZA;DEL;PUERTO DE IBAÑETA;PUERTO DE IBAÑETA;18
CALLE;DEL;PUERTO DE IDIAZABAL;PUERTO DE IDIAZÁBAL;18
CALLE;DEL;PUERTO DE LA BONAIGUA;PUERTO DE LA BONAIGUA;13
CALLE;DEL;PUERTO DE LA BONAIGUA;PUERTO DE LA BONAIGUA;13
PLAZA;DE;PUERTO DE LA CRUZ;PUERTO DE LA CRUZ;8
CALLE;DEL;PUERTO DE LA CRUZ VERDE;PUERTO DE LA CRUZ VERDE;2
CALLE;DEL;PUERTO DE LA MAGDALENA;PUERTO DE LA MAGDALENA;13
CALLE;DEL;PUERTO DE LA MANO DE HIERRO;PUERTO DE LA MANO DE HIERRO;13
CALLE;DEL;PUERTO DE LA MORCUERA;PUERTO DE LA MORCUERA;13
CALLE;DEL;PUERTO DE LA MORCUERA;PUERTO DE LA MORCUERA;13
CALLE;DEL;PUERTO DE LAS PILAS;PUERTO DE LAS PILAS;18
TRAVESÍA;DEL;PUERTO DE LAS PILAS;PUERTO DE LAS PILAS;18
GLORIETA;DEL;PUERTO DE LOS CARROS;PUERTO DE LOS CARROS;21
CALLE;DEL;PUERTO DE LUMBRERAS;PUERTO DE LUMBRERAS;18
CALLE;DEL;PUERTO DE MADERI;PUERTO DE MADERI;13
CALLE;DEL;PUERTO DE MASPALOMAS;PUERTO DE MASPALOMAS;8
CALLE;DEL;PUERTO DE MIRAVETE;PUERTO DE MIRAVETE;2
CALLE;DEL;PUERTO DE NAVACERRADA;PUERTO DE NAVACERRADA;13
CALLE;DEL;PUERTO DE PAJARES;PUERTO DE PAJARES;13
CALLE;DEL;PUERTO DE PANTICOSA;PUERTO DE PANTICOSA;13
CALLE;DEL;PUERTO DE PIEDRAFITA;PUERTO DE PIEDRAFITA;13
CALLE;DEL;PUERTO DE PORZUNA;PUERTO DE PORZUNA;18
CALLE;DEL;PUERTO DE PORZUNA;PUERTO DE PORZUNA;18
CALLE;DEL;PUERTO DE POZAZAL;PUERTO DE POZAZAL;18
CALLE;DEL;PUERTO DE REINOSA;PUERTO DE REINOSA;18
TRAVESÍA;DEL;PUERTO DE REINOSA;PUERTO DE REINOSA;18
CALLE;DEL;PUERTO DE SALLENT;PUERTO DE SALLENT;13
CALLE;DEL;PUERTO DE SAN GLORIO;PUERTO DE SAN GLORIO;13
CALLE;DE;PUERTO DE SANTA MARIA;PUERTO DE SANTA MARÍA;15
CALLE;DE;PUERTO DE SANTA MARIA;PUERTO DE SANTA MARÍA;16
CALLE;DE;PUERTO DE SANTA MARIA;PUERTO DE SANTA MARÍA;16
CALLE;DEL;PUERTO DE SOLLUBE;PUERTO DE SOLLUBE;13
CALLE;DEL;PUERTO DE SOMIEDO;PUERTO DE SOMIEDO;13
CALLE;DEL;PUERTO DE SOMOSIERRA;PUERTO DE SOMOSIERRA;18
CALLE;DEL;PUERTO DE SOMPORT;PUERTO DE SOMPORT;8
CALLE;DEL;PUERTO DE TARANCON;PUERTO DE TARANCÓN;13
PLAZA;DEL;PUERTO DE URQUIOLA;PUERTO DE URQUIOLA;12
CALLE;DEL;PUERTO DE USED;PUERTO DE USED;18
CALLE;DEL;PUERTO DE VELATE;PUERTO DE VELATE;13
CALLE;DEL;PUERTO DE VIÑAMALA;PUERTO DE VIÑAMALA;13
CALLE;DEL;PUERTO DEL BRUCH;PUERTO DEL BRUCH;18
CALLE;DEL;PUERTO DEL BRUCH;PUERTO DEL BRUCH;18
CALLE;DEL;PUERTO DEL ESCUDO;PUERTO DEL ESCUDO;18
CALLE;DEL;PUERTO DEL MILAGRO;PUERTO DEL MILAGRO;13
CALLE;DEL;PUERTO DEL MONASTERIO;PUERTO DEL MONASTERIO;13
CALLE;DEL;PUERTO DEL MONASTERIO;PUERTO DEL MONASTERIO;13
CALLE;DEL;PUERTO DEL PICO;PUERTO DEL PICO;13
CALLE;DEL;PUERTO DEL REY;PUERTO DEL REY;13
CALLE;DEL;PUERTO DEL SUEBE;PUERTO DEL SUEBE;13
CALLE;DE;PUERTO LAPICE;PUERTO LÁPICE;17
CALLE;DE;PUERTO PRINCIPE;PUERTO PRÍNCIPE;16
CALLE;DE;PUERTO REAL;PUERTO REAL;16
CALLE;DE;PUERTO RICO;PUERTO RICO;5
CALLE;DE;PUERTO RICO;PUERTO RICO;5
PLAZA;DE;PUERTO RUBIO;PUERTO RUBIO;13
TRAVESÍA;DE;PUERTO RUBIO;PUERTO RUBIO;13
CALLE;DE;PUERTO SERRANO;PUERTO SERRANO;2
CALLE;DE;PUERTO VALLARTA;PUERTO VALLARTA;20
CALLE;DE;PUERTOLLANO;PUERTOLLANO;20
CALLE;DE;PUIGCERDA;PUIGCERDÁ;4
CALLE;DE;PUNTALLANA;PUNTALLANA;15
CALLE;DE;PUÑONROSTRO;PUÑONROSTRO;1
CALLE;DE;PURCHENA;PURCHENA;16
CALLE;;QUEBEC;QUEBEC;21
CALLE;DE LOS;QUEBRANTOS;QUEBRANTOS;11
CALLE;DE LOS;QUEBRANTOS;QUEBRANTOS;11
CALLE;DE;QUERO;QUERO;10
CALLE;DEL;QUEROL;QUEROL;15
CALLE;DE;QUESADA;QUESADA;7
CALLE;DE;QUEVEDO;QUEVEDO;1
GLORIETA;DE;QUEVEDO;QUEVEDO;7
GLORIETA;DE;QUEVEDO;QUEVEDO;7
CALLE;DE;QUIJADA DE PANDIELLOS;QUIJADA DE PANDIELLOS;13
TRAVESÍA;DE;QUIJADA DE PANDIELLOS;QUIJADA DE PANDIELLOS;13
CALLE;DE;QUIJORNA;QUIJORNA;18
CALLE;DE;QUILICHAO;QUILICHAO;16
CALLE;DE LOS;QUIMICOS;QUÍMICOS;20
CALLE;DEL;QUINCE DE AGOSTO;QUINCE DE AGOSTO;12
PASEO;DEL;QUINCE DE MAYO;QUINCE DE MAYO;11
AVENIDA;;QUINTA;QUINTA;20
CALLE;;QUINTA;QUINTA;16
CAMINO;DE LA;QUINTA;QUINTA;8
CAMINO;DE LA;QUINTA DE LOS MOLINOS;QUINTA DE LOS MOLINOS;20
CALLE;DE;QUINTANA;QUINTANA;9
CALLE;DE;QUINTANADUEÑAS;QUINTANADUEÑAS;8
CALLE;DE;QUINTANAPALLA;QUINTANAPALLA;8
CALLE;DEL;QUINTANAR;QUINTANAR;5
CALLE;DE;QUINTANAVIDES;QUINTANAVIDES;8
CALLE;DE;QUINTILIANO;QUINTILIANO;5
CALLE;DEL;QUINTO;QUINTO;16
CALLE;DE;QUIÑONES;QUIÑONES;1
PLAZA;DE;QUITO;QUITO;5
AUTOPISTA;;R-2;R-2;16
AUTOPISTA;;R-3;R-3;14
AUTOPISTA;;R-3;R-3;15
AUTOPISTA;;R-3;R-3;19
AUTOPISTA;;R-3;R-3;19
AUTOPISTA;;R-3;R-3;19
AUTOPISTA;;R-3;R-3;20
AUTOPISTA;;R-3;R-3;20
AUTOPISTA;;R-5;R-5;11
AUTOPISTA;;R-5;R-5;19
AUTOPISTA;;R-5;R-5;19
AUTOPISTA;;R-5;R-5;20
CALLE;DE;RABANAL DEL CAMINO;RABANAL DEL CAMINO;8
PLAZA;DE;RABASA;RABASA;10
CALLE;DE;RABAT;RABAT;14
CALLE;DE;RABAT;RABAT;14
CALLE;DE;RABE DE LAS CALZADAS;RABÉ DE LAS CALZADAS;8
CAMINO;DE LA;RABIA;RABIA;17
CALLE;DEL;RADIO;RADIO;11
AVENIDA;DE;RAFAEL ALBERTI;RAFAEL ALBERTI;13
CALLE;DE;RAFAEL BERGAMIN;RAFAEL BERGAMÍN;15
CALLE;DE;RAFAEL BOTI;RAFAEL BOTÍ;9
CALLE;DE;RAFAEL CABALLERO;RAFAEL CABALLERO;20
CALLE;DE;RAFAEL CALVO;RAFAEL CALVO;7
CALLE;DE;RAFAEL CALVO;RAFAEL CALVO;7
CALLE;DE;RAFAEL CEBALLOS;RAFAEL CEBALLOS;6
CALLE;DE;RAFAEL DE LA HOZ;RAFAEL DE LA HOZ;20
CALLE;DE;RAFAEL DE LEON;RAFAEL DE LEÓN;18
CALLE;DE;RAFAEL DE RIEGO;RAFAEL DE RIEGO;2
CALLE;DE;RAFAEL DE RIEGO;RAFAEL DE RIEGO;2
CALLE;DE;RAFAEL FERNANDEZ HIJICOS;RAFAEL FERNÁNDEZ HIJICOS;13
CALLE;DE;RAFAEL FINAT;RAFAEL FINAT;10
CALLE;DE;RAFAEL HERRERA;RAFAEL HERRERA;5
CALLE;DE;RAFAEL HERRERO;RAFAEL HERRERO;6
CALLE;DE;RAFAEL JUAN Y SEVA;RAFAEL JUAN Y SEVA;4
CALLE;DE;RAFAEL LOPEZ PANDO;RAFAEL LÓPEZ PANDO;10
CALLE;DE;RAFAEL MARCOTE;RAFAEL MARCOTE;13
CALLE;DE;RAFAEL SALAZAR ALONSO;RAFAEL SALAZAR ALONSO;3
CALLE;DE;RAFAEL SALGADO;RAFAEL SALGADO;5
CALLE;DE;RAFAEL SAN NARCISO;RAFAEL SAN NARCISO;13
CALLE;DE;RAFAEL VEGA;RAFAEL VEGA;16
CALLE;DE;RAFAEL VILLA;RAFAEL VILLA;9
CALLE;DE;RAFAEL ZUFRIATEGUI;RAFAEL ZUFRIÁTEGUI;16
CALLE;DE;RAFAELA APARICIO;RAFAELA APARICIO;16
CALLE;DE;RAFAELA BONILLA;RAFAELA BONILLA;4
CALLE;DE;RAFAELA PASCUAL;RAFAELA PASCUAL;9
AVENIDA;DE;RAFAELA YBARRA;RAFAELA YBARRA;12
AVENIDA;DE;RAFAELA YBARRA;RAFAELA YBARRA;12
AVENIDA;DE;RAFAELA YBARRA;RAFAELA YBARRA;12
AVENIDA;DE;RAFAELA YBARRA;RAFAELA YBARRA;17
PLAZA;DE;RAFFAELLA CARRA;RAFFAELLA CARRÀ;1
CALLE;DEL;RAIGRAS;RAIGRÁS;12
CALLE;DE;RAIMUNDO FERNANDEZ VILLAVERDE;RAIMUNDO FERNÁNDEZ VILLAVERDE;6
CALLE;DE;RAIMUNDO FERNANDEZ VILLAVERDE;RAIMUNDO FERNÁNDEZ VILLAVERDE;7
CALLE;DE;RAIMUNDO LULIO;RAIMUNDO LULIO;7
PLAZA;DE;RAMALES;RAMALES;1
CALLE;DE LA;RAMBLA;RAMBLA;21
CALLE;DE;RAMIREZ DE ARELLANO;RAMÍREZ DE ARELLANO;15
CALLE;DE;RAMIREZ DE PRADO;RAMÍREZ DE PRADO;2
CALLE;DE;RAMIREZ TOME;RAMÍREZ TOMÉ;13
CALLE;DE;RAMIRO DE MAEZTU;RAMIRO DE MAEZTU;9
CALLE;DE;RAMIRO II;RAMIRO II;7
CALLE;DE;RAMIRO MOLINA;RAMIRO MOLINA;10
CUESTA;DE;RAMON;RAMÓN;1
CALLE;DE;RAMON ARECES;RAMÓN ARECES;14
CALLE;DE;RAMON AZORIN;RAMÓN AZORÍN;10
CALLE;DE;RAMON CALABUIG;RAMÓN CALABUIG;13
CALLE;DE;RAMON CAMARERO;RAMÓN CAMARERO;8
CALLE;DE;RAMON CRESPO;RAMÓN CRESPO;9
CALLE;DE;RAMON DE AGUINAGA;RAMÓN DE AGUINAGA;4
CALLE;DE;RAMON DE MADARIAGA;RAMÓN DE MADARIAGA;12
CALLE;DE;RAMON DE SANTILLAN;RAMÓN DE SANTILLÁN;5
CALLE;DE;RAMON FORT;RAMÓN FORT;15
CALLE;DE;RAMON GOMEZ DE LA SERNA;RAMÓN GÓMEZ DE LA SERNA;8
CALLE;DE;RAMON LUJAN;RAMÓN LUJÁN;12
CALLE;DE;RAMON LUJAN;RAMÓN LUJÁN;12
CALLE;DE;RAMON PATUEL;RAMÓN PATUEL;15
CALLE;DE;RAMON PEREZ DE AYALA;RAMÓN PÉREZ DE AYALA;13
CALLE;DE;RAMON POWER;RAMÓN POWER;16
CALLE;DE;RAMON PULIDO;RAMÓN PULIDO;8
CALLE;DE;RAMON SAINZ;RAMÓN SAINZ;11
CALLE;DE;RAMON SERRANO;RAMÓN SERRANO;11
CALLE;DE;RAMON VAZQUEZ MOLEZUN;RAMÓN VÁZQUEZ MOLEZÚN;21
AVENIDA;DE;RAMON Y CAJAL;RAMÓN Y CAJAL;5
AVENIDA;DE;RAMON Y CAJAL;RAMÓN Y CAJAL;5
AVENIDA;DE;RAMON Y CAJAL;RAMÓN Y CAJAL;5
AVENIDA;DE;RAMON Y CAJAL;RAMÓN Y CAJAL;15
AVENIDA;DE;RAMON Y CAJAL;RAMÓN Y CAJAL;15
PLAZA;DE;RAMON Y CAJAL;RAMÓN Y CAJAL;9
CALLE;DE;RAMONET;RAMONET;15
CALLE;DE;RAMONET;RAMONET;16
CALLE;DE;RAMOS CARRION;RAMOS CARRIÓN;5
CALLE;DEL;RANCHO;RANCHO;12
CALLE;DE;RAQUEL MELLER;RAQUEL MELLER;15
CALLE;DE;RASCAFRIA;RASCAFRÍA;8
CALLE;DEL;RASCON;RASCÓN;11
CAMINO;DEL;RASILLO;RASILLO;21
PLAZA;DEL;RASTRILLO;RASTRILLO;1
CALLE;DEL;RASTRO;RASTRO;19
CAMINO;DEL;RASTROJO;RASTROJO;18
CALLE;DE;RAVENA;RÁVENA;20
CALLE;DE LA;RAYA;RAYA;19
CALLE;DEL;RAYO VALLECANO DE MADRID;RAYO VALLECANO DE MADRID;18
CALLE;DE LA;RAZA;RAZA;20
AVENIDA;;REAL;REAL;19
CALLE;DEL;REAL;REAL;11
CALLE;DEL;REAL ALCAZAR DE SEVILLA;REAL ALCÁZAR DE SEVILLA;11
CALLE;DEL;REAL BETIS;REAL BETIS;11
CALLE;;REAL DE ARGANDA;REAL DE ARGANDA;18
CALLE;;REAL DE ARGANDA;REAL DE ARGANDA;18
CALLE;;REAL DE ARGANDA;REAL DE ARGANDA;19
CAÑADA;;REAL DE MERINAS;REAL DE MERINAS;19
CAÑADA;;REAL DE MERINAS;REAL DE MERINAS;19
AVENIDA;;REAL DE PINTO;REAL DE PINTO;17
CAÑADA;;REAL GALIANA;REAL GALIANA;18
CAÑADA;;REAL GALIANA;REAL GALIANA;19
CALLE;DEL;REAL MADRID;REAL MADRID;11
GLORIETA;DE LAS;REALES ACADEMIAS;REALES ACADEMIAS;8
GLORIETA;DE LAS;REALES ACADEMIAS;REALES ACADEMIAS;8
CALLE;DE;REBEQUE;REBEQUE;1
PLAZA;DE;RECAJO;RECAJO;10
CALLE;DE;RECALDE;RECALDE;15
CALLE;DE;RECAREDO;RECAREDO;5
CALLE;DE;RECESVINTO;RECESVINTO;11
CALLE;DEL;RECODO;RECODO;1
CALLE;DE;RECOLETOS;RECOLETOS;4
PASEO;DE;RECOLETOS;RECOLETOS;1
PASEO;DE;RECOLETOS;RECOLETOS;4
CALLE;DEL;RECTOR ROYO-VILLANOVA;RECTOR ROYO-VILLANOVA;9
AVENIDA;DEL;RECUERDO;RECUERDO;5
PLAZA;DE LA;RED DE SAN LUIS;RED DE SAN LUIS;1
CALLE;DE;REDECILLA DEL CAMINO;REDECILLA DEL CAMINO;8
CALLE;DEL;REDENTOR;REDENTOR;11
CALLE;DE LAS;REDES;REDES;20
PLAZA;DE;REDONDELA;REDONDELA;8
CALLE;DE LA;REDONDILLA;REDONDILLA;1
CALLE;DE;REDUEÑA;REDUEÑA;5
CALLE;DEL;REFUGIO;REFUGIO;5
CALLE;DE;REGIL;RÉGIL;12
CALLE;DEL;REGIMIENTO;REGIMIENTO;8
CALLE;DE;REGINA ALVAREZ;REGINA ÁLVAREZ;9
CALLE;DE;REGINO SAINZ DE LA MAZA;REGINO SAINZ DE LA MAZA;8
PLAZA;DE LAS;REGIONES;REGIONES;13
CALLE;DE LA;REGUERA DE TOMATEROS;REGUERA DE TOMATEROS;13
CALLE;DE LOS;REGUEROS;REGUEROS;1
CALLE;DE;REGULO;RÉGULO;9
CALLE;DE LA;REINA;REINA;1
PASEO;DE LA;REINA CRISTINA;REINA CRISTINA;3
PASEO;DE LA;REINA CRISTINA;REINA CRISTINA;3
CALLE;DE LA;REINA MERCEDES;REINA MERCEDES;6
AVENIDA;DE LA;REINA VICTORIA;REINA VICTORIA;6
AVENIDA;DE LA;REINA VICTORIA;REINA VICTORIA;7
AVENIDA;DE LA;REINA VICTORIA;REINA VICTORIA;9
PUENTE;DE LA;REINA VICTORIA;REINA VICTORIA;9
CALLE;DEL;REINO DE CANDAYA;REINO DE CANDAYA;8
CALLE;DEL;REINO DE CANDAYA;REINO DE CANDAYA;8
CALLE;DE;REINOSA;REINOSA;11
CALLE;DE LAS;REJAS;REJAS;20
CALLE;DE;RELAMPAGUITO;RELAMPAGUITO;17
CALLE;DE LOS;RELATORES;RELATORES;1
CALLE;DEL;RELOJ;RELOJ;1
TRAVESÍA;DEL;RELOJ;RELOJ;1
CALLE;DE LA;REMODELACION;REMODELACIÓN;12
CALLE;DE LA;REMODELACION DE ALMENDRALES;REMODELACIÓN DE ALMENDRALES;12
PLAZA;DE;REMONDO;REMONDO;10
PASAJE;DE LA;REMONTA;REMONTA;6
PLAZA;DE LA;REMONTA;REMONTA;6
PLAZA;DE LA;RENDICION DE BREDA;RENDICIÓN DE BREDA;11
CAMINO;DEL;RENEGADO;RENEGADO;9
CAMINO;DEL;RENEGADO;RENEGADO;9
CAMINO;DEL;RENEGADO;RENEGADO;10
CAMINO;DEL;RENEGADO;RENEGADO;10
CALLE;DE;RENTERIA;RENTERÍA;9
CALLE;DE;REPELON;REPELÓN;16
PLAZA;DE LA;REPUBLICA ARGENTINA;REPÚBLICA ARGENTINA;5
CALLE;DE LA;REPUBLICA CHECA;REPÚBLICA CHECA;20
PLAZA;DE LA;REPUBLICA DE CHILE;REPÚBLICA DE CHILE;9
PLAZA;DE LA;REPUBLICA DE CHILE;REPÚBLICA DE CHILE;9
PASEO;DE LA;REPUBLICA DE CUBA;REPÚBLICA DE CUBA;3
PLAZA;DE LA;REPUBLICA DE EL SALVADOR;REPÚBLICA DE EL SALVADOR;5
PASEO;DE LA;REPUBLICA DE PANAMA;REPÚBLICA DE PANAMÁ;3
PLAZA;DE LA;REPUBLICA DEL ECUADOR;REPÚBLICA DEL ECUADOR;5
PASEO;DE LA;REPUBLICA DOMINICANA;REPÚBLICA DOMINICANA;3
PLAZA;DE LA;REPUBLICA DOMINICANA;REPÚBLICA DOMINICANA;5
PLAZA;DE LA;REPUBLICA DOMINICANA;REPÚBLICA DOMINICANA;5
CALLE;DE LA;REPUBLICA ESLOVACA;REPÚBLICA ESLOVACA;20
CALLE;DEL;REPUJADO;REPUJADO;20
CALLE;DE;REPULLES Y VARGAS;REPULLÉS Y VARGAS;10
CALLE;DE;REQUENA;REQUENA;1
CALLE;DE LA;RESINA;RESINA;17
CALLE;DE LA;RESINERIA;RESINERÍA;20
CALLE;DEL;RETABLO DE MELISENDRA;RETABLO DE MELISENDRA;8
CALLE;DE LA;RETAMA;RETAMA;2
CALLE;DEL;RETAMAR;RETAMAR;16
CALLE;DE LOS;RETRASOS;RETRASOS;12
CALLE;DE;REUS;REUS;11
CALLE;DE;REVENGA;REVENGA;10
CALLE;DEL;REVENTON;REVENTÓN;5
PLAZA;DE LA;REVERENCIA;REVERENCIA;15
PASEO;DEL;REY;REY;9
PASEO;DEL;REY;REY;9
PASEO;DEL;REY;REY;9
PLAZA;DEL;REY;REY;1
CALLE;DEL;REY FRANCISCO;REY FRANCISCO;9
CALLE;DE LOS;REYES;REYES;1
CALLE;DE;REYES AIZQUIBEL;REYES AIZQUÍBEL;6
AVENIDA;DE LOS;REYES CATOLICOS;REYES CATÓLICOS;9
CALLE;DE LOS;REYES MAGOS;REYES MAGOS;3
PLAZA;DE LOS;REYES MAGOS;REYES MAGOS;3
CALLE;DE;RIAÑO;RIAÑO;21
CALLE;DE;RIAÑO;RIAÑO;21
CALLE;DE;RIAZA;RIAZA;9
CALLE;DE;RIBADAVIA;RIBADAVIA;8
CALLE;DE;RIBADELAGO;RIBADELAGO;20
PLAZA;DE;RIBADEO;RIBADEO;8
CALLE;DE;RIBADESELLA;RIBADESELLA;20
CALLE;DE;RIBADUMIA;RIBADUMIA;20
CAMINO;DE LA;RIBERA;RIBERA;18
CALLE;DE LA;RIBERA DE CURTIDORES;RIBERA DE CURTIDORES;1
CALLE;DE LA;RIBERA DE CURTIDORES;RIBERA DE CURTIDORES;2
CALLE;DE LA;RIBERA DEL LOIRA;RIBERA DEL LOIRA;16
CALLE;DE LA;RIBERA DEL LOIRA;RIBERA DEL LOIRA;21
CALLE;DE LA;RIBERA DEL MANZANARES;RIBERA DEL MANZANARES;9
CALLE;DE LA;RIBERA DEL SENA;RIBERA DEL SENA;16
CALLE;DE LA;RIBERA DEL SENA;RIBERA DEL SENA;16
CALLE;DE LA;RIBERA DEL SENA;RIBERA DEL SENA;21
CALLE;DE;RIBOTA;RIBOTA;10
CALLE;DE;RICARDO BELLVER;RICARDO BELLVER;10
CALLE;DE;RICARDO BELLVER;RICARDO BELLVER;11
CALLE;DE;RICARDO BELTRAN Y ROZPIDE;RICARDO BELTRÁN Y RÓZPIDE;12
CALLE;DE;RICARDO CALVO;RICARDO CALVO;5
CALLE;DE;RICARDO DAMAS;RICARDO DAMAS;2
GLORIETA;DE;RICARDO DE BASTIDA;RICARDO DE BASTIDA;21
CALLE;DE;RICARDO DE LA VEGA;RICARDO DE LA VEGA;4
CALLE;DE;RICARDO GOIZUETA;RICARDO GOIZUETA;2
CALLE;DE;RICARDO GUTIERREZ;RICARDO GUTIÉRREZ;6
CALLE;DE;RICARDO LEON;RICARDO LEÓN;1
CALLE;DE;RICARDO ORTIZ;RICARDO ORTIZ;15
CALLE;DE;RICARDO SAN JUAN;RICARDO SAN JUAN;16
CALLE;DE;RICARDO SEPULVEDA;RICARDO SEPÚLVEDA;15
GLORIETA;DE;RICARDO VELAZQUEZ BOSCO;RICARDO VELÁZQUEZ BOSCO;20
CALLE;DE;RICLA;RICLA;10
PLAZA;DE;RICLA;RICLA;10
PLAZA;DE;RICOTE;RICOTE;8
CALLE;DE;RIGA;RIGA;20
CALLE;DE;RIGEL;RIGEL;9
CALLE;DE;RIMINI;RÍMINI;20
CALLE;DEL;RINCON DE LA SOLANA;RINCÓN DE LA SOLANA;19
CALLE;DEL;RINCON DE LA VICTORIA;RINCÓN DE LA VICTORIA;13
PASEO;DE LA;RINCONADA;RINCONADA;9
CALLE;DEL;RIO;RÍO;1
CAMINO;DEL;RIO;RÍO;12
CALLE;DEL;RIO ADAJA;RÍO ADAJA;9
CALLE;DEL;RIO AGUEDA;RÍO ÁGUEDA;9
CALLE;DEL;RIO ARAUCA;RÍO ARAUCA;13
CALLE;DEL;RIO ARLANZON;RÍO ARLANZÓN;9
CALLE;DEL;RIO BRAVO;RÍO BRAVO;13
CALLE;DEL;RIO BULLAQUE;RÍO BULLAQUE;8
CALLE;DEL;RIO CHICO;RÍO CHICO;13
CALLE;DEL;RIO COLORADO;RÍO COLORADO;13
CALLE;DEL;RIO CORRIENTES;RÍO CORRIENTES;13
CALLE;DEL;RIO CUERVO;RIO CUERVO;18
CALLE;DEL;RIO DE LA PLATA;RÍO DE LA PLATA;13
CALLE;DEL;RIO DE ORO;RÍO DE ORO;11
CALLE;DEL;RIO DUERO;RÍO DUERO;16
CALLE;DEL;RIO ESGUEVA;RÍO ESGUEVA;16
CALLE;DEL;RIO ESLA;RÍO ESLA;9
CALLE;DEL;RIO ESMERALDA;RÍO ESMERALDA;13
CALLE;DEL;RIO GRANDE;RÍO GRANDE;13
CALLE;DEL;RIO IGUAZU;RÍO IGUAZÚ;13
CALLE;DEL;RIO JACUI;RÍO JACUÍ;13
CALLE;DEL;RIO MAGDALENA;RÍO MAGDALENA;13
CALLE;DEL;RIO MATARRAÑA;RÍO MATARRAÑA;20
CALLE;DEL;RIO NEGRO;RÍO NEGRO;13
CALLE;DEL;RIO NELA;RÍO NELA;9
CALLE;DEL;RIO NERVION;RÍO NERVIÓN;15
CALLE;DEL;RIO ORINOCO;RÍO ORINOCO;13
CALLE;DEL;RIO PARANA;RÍO PARANÁ;13
CALLE;DEL;RIO SALADO;RÍO SALADO;13
CALLE;DEL;RIO SALOR;RÍO SALOR;9
CALLE;DEL;RIO SAN LORENZO;RÍO SAN LORENZO;13
CALLE;DEL;RIO SAN PEDRO;RÍO SAN PEDRO;13
CALLE;DEL;RIO SELLA;RÍO SELLA;9
CALLE;DEL;RIO TIETAR;RÍO TIÉTAR;9
CALLE;DEL;RIO ULLA;RÍO ULLA;15
GLORIETA;DEL;RIO URUBAMBA;RÍO URUBAMBA;16
GLORIETA;DEL;RIO URUBAMBA;RÍO URUBAMBA;16
GLORIETA;DEL;RIO URUBAMBA;RÍO URUBAMBA;16
GLORIETA;DEL;RIO URUBAMBA;RÍO URUBAMBA;21
CALLE;DEL;RIO URUGUAY;RÍO URUGUAY;13
GLORIETA;DEL;RIO ZANCARA;RÍO ZÁNCARA;9
CALLE;DE;RIOBAMBA;RIOBAMBA;20
CALLE;DE;RIOCABADO;RIOCABADO;10
CALLE;DE;RIOCONEJOS;RIOCONEJOS;20
PLAZA;DE;RIOFRIO;RIOFRÍO;15
CALLE;DE LOS;RIOJANOS;RIOJANOS;13
CALLE;DE;RIOS ROSAS;RÍOS ROSAS;7
CALLE;DEL;RISCO DE LOS CLAVELES;RISCO DE LOS CLAVELES;9
CALLE;DEL;RISCO DE LOS GAVILANES;RISCO DE LOS GAVILANES;8
CALLE;DEL;RISCO DE PELOCHE;RISCO DE PELOCHE;13
CALLE;DEL;RISCO DEL PAJARO;RISCO DEL PÁJARO;5
CALLE;DE LOS;RISCOS DE POLANCO;RISCOS DE POLANCO;8
CALLE;DE LOS;RISCOS DE POLANCO;RISCOS DE POLANCO;8
CALLE;DE;RITA LUNA;RITA LUNA;6
CALLE;DE;RIVAS;RIVAS;19
CALLE;DE;ROA;ROA;11
CALLE;DE;ROBERTO DOMINGO;ROBERTO DOMINGO;4
CALLE;DEL;ROBLE;ROBLE;6
CAMINO;DEL;ROBLEDAL;ROBLEDAL;9
PASEO;DEL;ROBLEDAL;ROBLEDAL;9
CALLE;DE;ROBLEDILLO;ROBLEDILLO;7
CALLE;DE;ROBLEDO;ROBLEDO;6
PASAJE;DE;ROBLEDO DE CHAVELA;ROBLEDO DE CHAVELA;5
CALLE;DE LOS;ROBLES;ROBLES;13
CALLE;DE;ROBREGORDO;ROBREGORDO;5
CALLE;DE;ROCAFORT;ROCAFORT;17
CALLE;DE;ROCHAPEA;ROCHAPEA;12
CALLE;DE;ROCINANTE;ROCINANTE;8
GLORIETA;DE;ROCIO DURCAL;ROCÍO DÚRCAL;6
GLORIETA;DE;ROCIO DURCAL;ROCÍO DÚRCAL;6
GLORIETA;DE;ROCIO DURCAL;ROCÍO DÚRCAL;9
CALLE;DE;ROCIO JURADO;ROCÍO JURADO;16
CALLE;DE;RODA DE BARA;RODA DE BARÁ;8
CARRETERA;DE;RODAJOS;RODAJOS;9
CALLE;DE;RODAS;RODAS;1
CALLE;DE;RODEZNO;RODEZNO;15
CALLE;DEL;RODIO;RODIO;2
CALLE;DEL;RODODENDRO;RODODENDRO;9
PLAZA;DE;RODOLFO Y ERNESTO HALFFTER;RODOLFO Y ERNESTO HALFFTER;5
CALLE;DE;RODRIGO DE ARANA;RODRIGO DE ARANA;10
CALLE;DE;RODRIGO DE GUEVARA;RODRIGO DE GUEVARA;1
CALLE;DE;RODRIGO DE TRIANA;RODRIGO DE TRIANA;15
CALLE;DE;RODRIGO UHAGON;RODRIGO UHAGÓN;12
PLAZA;DE;RODRIGO URIA;RODRIGO URÍA;5
CALLE;DE;RODRIGUEZ AYUSO;RODRÍGUEZ AYUSO;4
CALLE;DE;RODRIGUEZ AYUSO;RODRÍGUEZ AYUSO;20
CALLE;DE;RODRIGUEZ AYUSO;RODRÍGUEZ AYUSO;20
CALLE;DE;RODRIGUEZ ESPINOSA;RODRÍGUEZ ESPINOSA;13
CALLE;DE;RODRIGUEZ ILLANES;RODRÍGUEZ ILLANES;15
CALLE;DE;RODRIGUEZ JAEN;RODRÍGUEZ JAÉN;5
CALLE;DE;RODRIGUEZ LAZARO;RODRÍGUEZ LÁZARO;11
CALLE;DE;RODRIGUEZ MARIN;RODRÍGUEZ MARÍN;5
CALLE;DE;RODRIGUEZ MARIN;RODRÍGUEZ MARÍN;5
CALLE;DE;RODRIGUEZ SAN PEDRO;RODRÍGUEZ SAN PEDRO;7
CALLE;DE;RODRIGUEZ SAN PEDRO;RODRÍGUEZ SAN PEDRO;7
CALLE;DE;RODRIGUEZ VEGA;RODRÍGUEZ VEGA;11
CALLE;DE;RODRIGUEZ VILLAREJO;RODRÍGUEZ VILLAREJO;2
PLAZA;DE;ROGELIO ENRIQUEZ;ROGELIO ENRÍQUEZ;8
CALLE;DE;ROGELIO FOLGUERAS;ROGELIO FOLGUERAS;13
CALLE;DE;ROGELIO MUÑOZ;ROGELIO MUÑOZ;16
PASAJE;DE;ROGELIO MUÑOZ;ROGELIO MUÑOZ;16
CALLE;DE;ROGELIO OSORIO;ROGELIO OSORIO;10
PLAZA;DE;ROGER DE FLOR;ROGER DE FLOR;11
CALLE;DE;ROGER DE LAURIA;ROGER DE LAURIA;11
CALLE;DEL;ROLLO;ROLLO;1
PLAZA;DEL;ROLLO;ROLLO;9
CALLE;DE;ROMA;ROMA;4
CALLE;DE;ROMAN ALONSO;ROMÁN ALONSO;6
PLAZA;;ROMANA;ROMANA;12
CALLE;DEL;ROMANCERO GITANO;ROMANCERO GITANO;17
CALLE;DE;ROMEO Y JULIETA;ROMEO Y JULIETA;13
CALLE;DEL;ROMERAL;ROMERAL;17
PASAJE;DEL;ROMERO;ROMERO;7
CALLE;DE;ROMERO GIRON;ROMERO GIRÓN;5
CALLE;DE;ROMERO ROBLEDO;ROMERO ROBLEDO;9
CALLE;DE;ROMERO ROBLEDO;ROMERO ROBLEDO;9
CAMINO;DE LOS;ROMEROS;ROMEROS;9
CALLE;DEL;ROMPEDIZO;ROMPEDIZO;10
CALLE;DE;ROMPELANZAS;ROMPELANZAS;1
CALLE;DE;RONCAL;RONCAL;5
CALLE;DE;RONCESVALLES;RONCESVALLES;3
CAMINO;DE;RONDA;RONDA;9
CAMINO;DE;RONDA;RONDA;9
TRAVESÍA;DE;RONDA;RONDA;20
CALLE;DE;ROQUETAS DE MAR;ROQUETAS DE MAR;16
CALLE;DE;ROS DE OLANO;ROS DE OLANO;5
CALLE;DE LA;ROSA;ROSA;1
CALLEJÓN;DE LA;ROSA;ROSA;11
PLAZA;DE;ROSA CHACEL;ROSA CHACEL;19
CALLE;DE;ROSA DE CASTRO;ROSA DE CASTRO;16
CALLE;DE;ROSA DE SILVA;ROSA DE SILVA;6
CALLE;DE;ROSA JARDON;ROSA JARDÓN;5
CALLE;DE;ROSA LUXEMBURGO;ROSA LUXEMBURGO;9
CALLE;DE;ROSA MENENDEZ;ROSA MENÉNDEZ;6
CALLE;DE;ROSA SABATER;ROSA SABATER;8
CALLE;DE LA;ROSALEDA;ROSALEDA;9
CALLE;DE;ROSALIA DE CASTRO;ROSALÍA DE CASTRO;8
CALLE;DE;ROSALIA DE CASTRO;ROSALÍA DE CASTRO;8
CALLE;DE;ROSALIA TRUJILLO;ROSALÍA TRUJILLO;15
CALLE;DEL;ROSARIO;ROSARIO;1
CALLE;DE;ROSARIO ACUÑA;ROSARIO ACUÑA;4
CALLE;DE;ROSARIO PINO;ROSARIO PINO;6
CALLE;DE;ROSARIO ROMERO;ROSARIO ROMERO;6
CALLE;DE LAS;ROSAS DE ARAVACA;ROSAS DE ARAVACA;9
CALLE;DE;ROSENDO CONDE;ROSENDO CONDE;6
CALLE;DE;ROY;ROY;11
CALLE;DE;ROZAS DE PUERTO REAL;ROZAS DE PUERTO REAL;18
GLORIETA;DE;RUBEN DARIO;RUBÉN DARÍO;7
CALLE;DEL;RUBI;RUBÍ;17
CALLE;DE LA;RUDA;RUDA;1
PASAJE;DE LA;RUECA;RUECA;20
CALLE;DE LA;RUEZA;RUEZA;10
CALLE;DE;RUFINO BLANCO;RUFINO BLANCO;4
CALLE;DE;RUFINO GONZALEZ;RUFINO GONZÁLEZ;20
GLORIETA;DE;RUFINO NOVALVOS;RUFINO NOVALVOS;11
CALLE;DE;RUFINO REJON;RUFINO REJÓN;11
CALLEJÓN;DE LOS;RUICES;RUICES;13
CALLE;DE;RUIDERA;RUIDERA;13
CALLE;DEL;RUISEÑOR;RUISEÑOR;11
CAMINO;DEL;RUISEÑOR;RUISEÑOR;9
CALLE;DE;RUIZ;RUIZ;1
CALLE;DE;RUIZ;RUIZ;7
CALLE;DE;RUIZ DE ALARCON;RUIZ DE ALARCÓN;3
GLORIETA;DE;RUIZ JIMENEZ;RUIZ JIMÉNEZ;1
GLORIETA;DE;RUIZ JIMENEZ;RUIZ JIMÉNEZ;7
GLORIETA;DE;RUIZ JIMENEZ;RUIZ JIMÉNEZ;7
CALLE;DE;RUIZ OCAÑA;RUIZ OCAÑA;4
CALLE;DE;RUIZ PALACIOS;RUIZ PALACIOS;6
CALLE;DE;RUIZ PERELLO;RUIZ PERELLÓ;4
CALLE;DE;RUMANIA;RUMANÍA;20
CALLE;DE;RUPERTO ANDRES;RUPERTO ANDRÉS;9
PASEO;DE;RUPERTO CHAPI;RUPERTO CHAPÍ;9
CALLE;DE;RUPERTO SANTOS ROJO;RUPERTO SANTOS ROJO;17
CALLE;DE;RUPERTO SANTOS ROJO;RUPERTO SANTOS ROJO;17
CALLE;DE;RUSIA;RUSIA;20
CALLE;DE;RUTE;RUTE;10
PLAZA;DE;RUTILIO GACI;RUTILIO GACI;2
CALLE;DEL;RUTILO;RUTILO;12
CALLE;DE;RUY GONZALEZ DE CLAVIJO;RUY GONZÁLEZ DE CLAVIJO;2
CALLE;DE;RUZAFA;RUZAFA;13
GLORIETA;DE;S.A.R. DON JUAN DE BORBON Y BATTEMBERG;S.A.R. DON JUAN DE BORBÓN Y BATTEMBERG;21
CALLE;DE;S'AGARO;S'AGARÓ;13
CALLE;DE;SAAVEDRA FAJARDO;SAAVEDRA FAJARDO;10
CALLE;DE;SABADELL;SABADELL;8
CALLE;DEL;SABAL;SABAL;2
CALLE;DEL;SABANERO;SABANERO;11
CALLE;DE;SABINO FERNANDEZ CAMPO;SABINO FERNÁNDEZ CAMPO;18
CALLE;DE;SABIOTE;SABIOTE;13
CALLE;DE;SABRINA;SABRINA;13
CALLE;DE;SACEDON;SACEDÓN;17
CAMINO;DE;SACEDON A LOS NARROS;SACEDÓN A LOS NARROS;8
PASAJE;DEL;SACERAL;SACERAL;8
CALLE;DE LA;SACRAMENTAL DE SAN LORENZO;SACRAMENTAL DE SAN LORENZO;11
CALLE;DE LA;SACRAMENTAL DE SAN LORENZO;SACRAMENTAL DE SAN LORENZO;11
CALLE;DEL;SACRAMENTO;SACRAMENTO;1
CALLE;DEL;SACRIFICIO;SACRIFICIO;19
TRAVESÍA;DEL;SACRIFICIO;SACRIFICIO;19
CALLE;DEL;SACROMONTE;SACROMONTE;12
CALLE;DE;SAFO;SAFO;8
CALLE;DE;SAGASTA;SAGASTA;1
CALLE;DE;SAGASTA;SAGASTA;7
CALLE;DE;SAGITARIO;SAGITARIO;9
CALLE;DE;SAGITARIO;SAGITARIO;9
CUESTA;DEL;SAGRADO CORAZON;SAGRADO CORAZÓN;5
CUESTA;DEL;SAGRADO CORAZON;SAGRADO CORAZÓN;5
CUESTA;DEL;SAGRADO CORAZON;SAGRADO CORAZÓN;15
CUESTA;DEL;SAGRADO CORAZON;SAGRADO CORAZÓN;15
PLAZA;DEL;SAGRADO CORAZON DE JESUS;SAGRADO CORAZÓN DE JESÚS;5
CALLE;DE LOS;SAGRADOS CORAZONES;SAGRADOS CORAZONES;10
PLAZA;DE LOS;SAGRADOS CORAZONES;SAGRADOS CORAZÓNES;5
PLAZA;DE LOS;SAGRADOS CORAZONES;SAGRADOS CORAZÓNES;5
CALLE;DE;SAGUNTO;SAGUNTO;7
CALLE;DE;SAHAGUN;SAHAGÚN;6
CALLE;DEL;SAHARA;SÁHARA;17
CALLE;DE;SAINZ DE LA CALLEJA;SAINZ DE LA CALLEJA;9
CALLE;DE;SAJONIA;SAJONIA;20
CALLE;DE LA;SAL;SAL;1
CALLE;DEL;SALADO;SALADO;12
CALLE;DE;SALAMANCA;SALAMANCA;6
CALLE;DE;SALAS;SALAS;4
CALLE;DE;SALAS BARBADILLO;SALAS BARBADILLO;15
AVENIDA;DE;SALAS DE LOS INFANTES;SALAS DE LOS INFANTES;8
CALLE;DE;SALASIERRA;SALASIERRA;12
CALLE;DE;SALCEDO;SALCEDO;8
CAMINO;DE;SALCEDO;SALCEDO;8
CALLE;DE;SALDAÑA;SALDAÑA;11
PLAZA;DE LAS;SALESAS;SALESAS;1
CALLE;DE;SALIENTE;SALIENTE;3
CALLE;DE;SALINAS;SALINAS;15
CALLE;DE;SALINAS DE ROSIO;SALINAS DE ROSÍO;21
CALLE;DEL;SALITRE;SALITRE;1
CALLE;DE;SALLABERRY;SALLABERRY;11
AVENIDA;DE;SALMEDINA;SALMEDINA;18
CAMINO;DE;SALMEDINA;SALMEDINA;8
CAMINO;DE;SALMEDINA;SALMEDINA;18
CALLE;DE;SALOBREÑA;SALOBREÑA;12
PASEO;DEL;SALON DEL ESTANQUE;SALÓN DEL ESTANQUE;3
CALLE;DE;SALORINO;SALORINO;10
CALLE;DE;SALOU;SALÓU;8
CALLE;DE;SALSIPUEDES;SALSIPUEDES;17
CALLE;DE LA;SALUD;SALUD;1
CALLE;DE;SALUSTIANO OLOZAGA;SALUSTIANO OLÓZAGA;4
CALLE;DE;SALVADOR ALLENDE;SALVADOR ALLENDE;11
CALLE;DE;SALVADOR ALONSO;SALVADOR ALONSO;11
PLAZA;DE;SALVADOR CRESPO;SALVADOR CRESPO;10
PLAZA;DE;SALVADOR DALI;SALVADOR DALÍ;4
CALLE;DE;SALVADOR DE MADARIAGA;SALVADOR DE MADARIAGA;15
CALLE;DEL;SALVADOR DEL MUNDO;SALVADOR DEL MUNDO;11
CALLE;DE;SALVADOR GRANES;SALVADOR GRANÉS;4
CALLE;DE;SALVADOR MARTINEZ;SALVADOR MARTÍNEZ;12
CALLE;DE;SALVADOR MARTINEZ LOZANO;SALVADOR MARTÍNEZ LOZANO;13
GLORIETA;DE;SALVADOR VELAYOS HERMIDA;SALVADOR VELAYOS HERMIDA;9
CALLE;DE;SALVADOR VICENTE MARTIN;SALVADOR VICENTE MARTÍN;11
CALLE;DE;SALVATIERRA;SALVATIERRA;8
CALLE;DE LA;SALVIA;SALVIA;6
CALLE;DE;SAMACA;SAMACA;16
CALLE;DE;SAMANIEGO;SAMANIEGO;20
CALLE;DE;SAMARIA;SAMARÍA;3
CALLE;DE;SAMBARA;SAMBARA;15
CALLE;DE;SAMPERIO;SAMPERIO;8
CALLE;DE;SAN ADOLFO;SAN ADOLFO;8
CALLE;DE;SAN ADRIAN;SAN ADRIÁN;17
CALLE;DE;SAN AGAPITO;SAN AGAPITO;17
CALLE;DE;SAN AGUSTIN;SAN AGUSTÍN;1
CALLE;DE;SAN ALBERTO;SAN ALBERTO;1
CALLE;DE;SAN ALEJANDRO;SAN ALEJANDRO;2
PLAZA;DE;SAN AMARO;SAN AMARO;6
CALLE;DE;SAN AMBROSIO;SAN AMBROSIO;10
CALLE;DE;SAN AMBROSIO;SAN AMBROSIO;11
PLAZA;DE;SAN ANACLETO;SAN ANACLETO;9
CALLE;DE;SAN ANASTASIO;SAN ANASTASIO;2
CALLE;DE;SAN ANDRES;SAN ANDRÉS;1
COSTANILLA;DE;SAN ANDRES;SAN ANDRÉS;1
PLAZA;DE;SAN ANDRES;SAN ANDRÉS;1
CALLE;DE;SAN ANDRES DE RABANEDO;SAN ANDRÉS DE RABANEDO;16
CALLE;DE;SAN ANICETO;SAN ANICETO;20
CALLE;DE;SAN ANSELMO;SAN ANSELMO;13
CALLE;DE;SAN ANTOLIN;SAN ANTOLÍN;11
CALLE;DE;SAN ANTON;SAN ANTÓN;8
CALLE;DE;SAN ANTONIO;SAN ANTONIO;6
GLORIETA;DE;SAN ANTONIO DE LA FLORIDA;SAN ANTONIO DE LA FLORIDA;9
CALLE;DE;SAN ANTONIO DE PADUA;SAN ANTONIO DE PADUA;12
CALLE;DE;SAN ANTONIO DE PADUA;SAN ANTONIO DE PADUA;12
CALLE;DE;SAN AQUILINO;SAN AQUILINO;6
CALLE;DE;SAN ARMENGOL;SAN ARMENGOL;12
CALLE;DE;SAN ARTURO;SAN ARTURO;8
CALLE;DE;SAN AURELIANO;SAN AURELIANO;17
CALLE;DE;SAN BALDOMERO;SAN BALDOMERO;15
CALLE;DE;SAN BARTOLOME;SAN BARTOLOMÉ;1
CALLE;DE;SAN BASILIO;SAN BASILIO;12
CALLE;DE;SAN BENIGNO;SAN BENIGNO;10
CALLE;DE;SAN BENITO;SAN BENITO;5
CALLE;DE;SAN BENITO;SAN BENITO;6
CALLE;DE;SAN BERNABE;SAN BERNABÉ;1
CALLE;DE;SAN BERNARDINO;SAN BERNARDINO;1
CALLE;DE;SAN BERNARDO;SAN BERNARDO;1
CALLE;DE;SAN BERNARDO;SAN BERNARDO;1
CALLE;DE;SAN BERNARDO;SAN BERNARDO;7
CALLE;DE;SAN BERNARDO;SAN BERNARDO;7
CALLE;DE;SAN BLAS;SAN BLAS;1
CALLE;DE;SAN BONIFACIO;SAN BONIFACIO;17
CALLE;DE;SAN BRAULIO;SAN BRAULIO;11
CALLE;DE;SAN BRUNO;SAN BRUNO;1
CALLE;DE;SAN BUENAVENTURA;SAN BUENAVENTURA;1
CALLE;DE;SAN CANDIDO;SAN CÁNDIDO;11
CALLE;DE;SAN CANUTO;SAN CANUTO;10
CALLE;DE;SAN CARLOS;SAN CARLOS;1
CALLE;DE;SAN CASIMIRO;SAN CASIMIRO;12
CALLE;DE;SAN CAYETANO;SAN CAYETANO;1
PLAZA;DE;SAN CAYETANO;SAN CAYETANO;4
CALLE;DE;SAN CESAR;SAN CÉSAR;9
CALLE;DE;SAN CESAREO;SAN CESÁREO;17
CALLE;DE;SAN CIPRIANO;SAN CIPRIANO;19
CALLE;DE;SAN CIPRIANO;SAN CIPRIANO;19
CALLE;DE;SAN CIPRIANO;SAN CIPRIANO;19
CALLE;DE;SAN CIRIACO;SAN CIRIACO;19
CALLE;DE;SAN CIRIACO;SAN CIRIACO;19
CALLE;DE;SAN CIRILO;SAN CIRILO;8
CALLE;DE;SAN CLAUDIO;SAN CLAUDIO;13
CALLE;DE;SAN CLEMENTE;SAN CLEMENTE;11
PASAJE;DE;SAN CLEMENTE;SAN CLEMENTE;11
CALLE;DE;SAN CLODOALDO;SAN CLODOALDO;15
CALLE;DE;SAN CONRADO;SAN CONRADO;10
CALLE;DE;SAN CONRADO;SAN CONRADO;11
CALLE;DE;SAN COSME Y SAN DAMIAN;SAN COSME Y SAN DAMIÁN;1
CALLE;DE;SAN CRISPIN;SAN CRISPÍN;10
CALLE;DE;SAN CRISTOBAL;SAN CRISTÓBAL;1
PLAZA;DE;SAN CRISTOBAL;SAN CRISTÓBAL;20
CALLE;DE;SAN CRISTOBAL DE LA LAGUNA;SAN CRISTÓBAL DE LA LAGUNA;11
CALLE;DE;SAN CUGAT DEL VALLES;SAN CUGAT DEL VALLÉS;8
CALLE;DE;SAN DACIO;SAN DACIO;8
CALLE;DE;SAN DALMACIO;SAN DALMACIO;17
CALLE;DE;SAN DAMASO;SAN DÁMASO;11
CALLE;DE;SAN DANIEL;SAN DANIEL;2
CALLE;DE;SAN DAVID;SAN DAVID;11
CALLE;DE;SAN DELFIN;SAN DELFÍN;11
CALLE;DE;SAN DEOGRACIAS;SAN DEOGRACIAS;11
AVENIDA;DE;SAN DIEGO;SAN DIEGO;13
AVENIDA;DE;SAN DIEGO;SAN DIEGO;13
CALLE;DE;SAN DIEGO;SAN DIEGO;13
PLAZA;DE;SAN DIEGO;SAN DIEGO;13
TRAVESÍA;DE;SAN DIEGO;SAN DIEGO;13
CALLE;DE;SAN DIMAS;SAN DIMAS;1
CALLE;DE;SAN DIMAS;SAN DIMAS;1
CALLE;DE;SAN DONATO;SAN DONATO;15
CALLE;DE;SAN ELIAS;SAN ELÍAS;12
AVENIDA;DE;SAN ELOY;SAN ELOY;20
CALLE;DE;SAN EMETERIO;SAN EMETERIO;11
CALLE;DE;SAN EMILIO;SAN EMILIO;15
CALLE;DE;SAN ENRIQUE;SAN ENRIQUE;6
CALLE;DE;SAN ENRIQUE DE OSSO;SAN ENRIQUE DE OSSÓ;16
CALLE;DE;SAN EPIFANIO;SAN EPIFANIO;2
CALLE;DE;SAN ERASMO;SAN ERASMO;17
CALLE;DE;SAN ERNESTO;SAN ERNESTO;5
CALLE;DE;SAN ESTANISLAO;SAN ESTANISLAO;21
CALLE;DE;SAN ESTEBAN DE GORMAZ;SAN ESTEBAN DE GORMAZ;16
CALLE;DE;SAN EUDALDO;SAN EUDALDO;19
CALLE;DE;SAN EUGENIO;SAN EUGENIO;1
CALLE;DE;SAN EULOGIO;SAN EULOGIO;20
CALLE;DE;SAN EUSEBIO;SAN EUSEBIO;10
CALLE;DE;SAN EUSTAQUIO;SAN EUSTAQUIO;17
CALLE;DE;SAN EVARISTO;SAN EVARISTO;2
CALLE;DE;SAN EZEQUIEL;SAN EZEQUIEL;17
CALLE;DE;SAN FACUNDO;SAN FACUNDO;13
CALLE;DE;SAN FAUSTINO;SAN FAUSTINO;20
CALLE;DE;SAN FELICES;SAN FELICES;9
CALLE;DE;SAN FELIPE;SAN FELIPE;6
CALLE;DE;SAN FELIPE NERI;SAN FELIPE NERI;1
CALLE;DE;SAN FELIU DE GUIXOLS;SAN FELIÚ DE GUIXOLS;13
CALLE;DE;SAN FELIX;SAN FÉLIX;2
AVENIDA;DE;SAN FERMIN;SAN FERMÍN;12
PLAZA;DE;SAN FERMIN;SAN FERMÍN;12
PLAZA;DE;SAN FERMIN;SAN FERMÍN;12
CALLE;DE;SAN FERNANDO;SAN FERNANDO;19
PASAJE;DE;SAN FERNANDO;SAN FERNANDO;16
PLAZA;DE;SAN FERNANDO;SAN FERNANDO;8
PUENTE;DE;SAN FERNANDO;SAN FERNANDO;9
TRAVESÍA;DE;SAN FERNANDO;SAN FERNANDO;5
CARRETERA;DE;SAN FERNANDO A MEJORADA;SAN FERNANDO A MEJORADA;19
CALLE;DE;SAN FERNANDO DEL JARAMA;SAN FERNANDO DEL JARAMA;5
CALLE;DE;SAN FIDEL;SAN FIDEL;15
CALLE;DE;SAN FILEMON;SAN FILEMÓN;19
CALLEJÓN;DE;SAN FILEMON;SAN FILEMÓN;19
CALLE;DE;SAN FILIBERTO;SAN FILIBERTO;12
TRAVESÍA;DE;SAN FILIBERTO;SAN FILIBERTO;12
CALLE;DE;SAN FLORENCIO;SAN FLORENCIO;13
CALLE;DE;SAN FORTUNATO;SAN FORTUNATO;12
CARRERA;DE;SAN FRANCISCO;SAN FRANCISCO;1
PLAZA;DE;SAN FRANCISCO;SAN FRANCISCO;1
PASEO;DE;SAN FRANCISCO DE SALES;SAN FRANCISCO DE SALES;7
CALLE;DE;SAN FRANCISCO EL GRANDE;SAN FRANCISCO EL GRANDE;12
CALLE;DE;SAN FROILAN;SAN FROILÁN;12
CALLE;DE;SAN FRUTOS;SAN FRUTOS;8
CALLE;DE;SAN FRUTOS;SAN FRUTOS;9
CALLE;DE;SAN FULGENCIO;SAN FULGENCIO;10
CALLE;DEL;CANAL DE LA MANCHA;CANAL DE LA MANCHA;20
CALLE;DE;SAN GABRIEL;SAN GABRIEL;20
CALLE;DE;ZACARIAS HOMS;ZACARÍAS HOMS;20
PARTICULAR;DE;SAN GABRIEL;SAN GABRIEL;7
CALLE;DE;SAN GALO;SAN GALO;10
CALLE;DE;SAN GELASIO;SAN GELASIO;8
CALLE;DE;SAN GERARDO;SAN GERARDO;9
CALLE;DE;SAN GERMAN;SAN GERMÁN;6
CALLE;DE;SAN GERMAN;SAN GERMÁN;6
PLAZA;DE;SAN GERMAN;SAN GERMÁN;6
CALLE;DE;SAN GERVASIO;SAN GERVASIO;17
PASADIZO;DE;SAN GINES;SAN GINÉS;1
PLAZA;DE;SAN GINES;SAN GINÉS;1
CALLE;DE;SAN GRACIANO;SAN GRACIANO;12
CALLE;DE;SAN GREGORIO;SAN GREGORIO;1
CALLE;DE;SAN GUMERSINDO;SAN GUMERSINDO;15
CALLE;DE;SAN HERCULANO;SAN HERCULANO;20
CALLE;DE;SAN HERMENEGILDO;SAN HERMENEGILDO;1
CALLE;DE;SAN HIGINIO;SAN HIGINIO;15
CALLE;DE;SAN HILARIO;SAN HILARIO;20
CALLE;DE;SAN IGNACIO DE LOYOLA;SAN IGNACIO DE LOYOLA;1
PLAZA;DE;SAN IGNACIO DE LOYOLA;SAN IGNACIO DE LOYOLA;9
CALLE;DE;SAN ILDEFONSO;SAN ILDEFONSO;1
PLAZA;DE;SAN ILDEFONSO;SAN ILDEFONSO;1
PASEO;DE;SAN ILLAN;SAN ILLÁN;11
CALLE;DE;SAN ISIDORO DE SEVILLA;SAN ISIDORO DE SEVILLA;2
TRAVESÍA;DE;SAN ISIDORO DE SEVILLA;SAN ISIDORO DE SEVILLA;2
PUENTE;DE;SAN ISIDRO;SAN ISIDRO;2
PUENTE;DE;SAN ISIDRO;SAN ISIDRO;11
CALLE;DE;SAN ISIDRO LABRADOR;SAN ISIDRO LABRADOR;1
CALLE;DE;SAN JAIME;SAN JAIME;18
PLAZA;DE;SAN JAIME;SAN JAIME;18
PLAZA;DE;SAN JAVIER;SAN JAVIER;1
CALLE;DE;SAN JENARO;SAN JENARO;17
CARRERA;DE;SAN JERONIMO;SAN JERÓNIMO;1
CARRERA;DE;SAN JERONIMO;SAN JERÓNIMO;1
CALLE;DE;SAN JOAQUIN;SAN JOAQUÍN;1
CALLE;DE;SAN JORGE;SAN JORGE;13
CAMINO;DE;SAN JORGE;SAN JORGE;8
CALLE;DE;SAN JOSE;SAN JOSÉ;1
CALLE;DE;SAN JOSE DE CALASANZ;SAN JOSÉ DE CALASANZ;10
PLAZUELA;DE;SAN JUAN;SAN JUAN;1
CALLE;DE;SAN JUAN BOSCO;SAN JUAN BOSCO;9
CALLE;DE;SAN JUAN DE AVILA;SAN JUAN DE ÁVILA;15
PASAJE;DE;SAN JUAN DE DIOS;SAN JUAN DE DIOS;3
CALLE;DE;SAN JUAN DE LA CRUZ;SAN JUAN DE LA CRUZ;4
PLAZA;DE;SAN JUAN DE LA CRUZ;SAN JUAN DE LA CRUZ;7
CALLE;DE;SAN JUAN DE LA CUESTA;SAN JUAN DE LA CUESTA;15
CALLE;DE;SAN JUAN DE LA PEÑA;SAN JUAN DE LA PEÑA;18
CALLE;DE;SAN JUAN DE LA SALLE;SAN JUAN DE LA SALLE;5
CALLE;DE;SAN JUAN DE MATA;SAN JUAN DE MATA;10
CALLE;DE;SAN JUAN DE ORTEGA;SAN JUAN DE ORTEGA;8
CALLE;DE;SAN JUAN DE ULIA;SAN JUAN DE ULÍA;8
CALLE;DE;SAN JULIAN;SAN JULIÁN;12
CALLE;DE;SAN JULIAN DEL CAMINO;SAN JULIÁN DEL CAMINO;8
CALLE;DE;SAN JULIO;SAN JULIO;5
CALLE;DE;SAN JUSTO;SAN JUSTO;1
CALLE;DE;SAN LAMBERTO;SAN LAMBERTO;15
TRAVESÍA;DE;SAN LAMBERTO;SAN LAMBERTO;15
CALLE;DE;SAN LAUREANO;SAN LAUREANO;8
CALLE;DE;SAN LAZARO;SAN LÁZARO;8
CALLE;DE;SAN LEANDRO;SAN LEANDRO;8
CALLE;DE;SAN LEON;SAN LEÓN;10
CALLE;DE;SAN LEONARDO;SAN LEONARDO;1
CALLE;DE;SAN LEOPOLDO;SAN LEOPOLDO;6
CALLE;DE;SAN LIBORIO;SAN LIBORIO;12
CALLE;DE;SAN LORENZO;SAN LORENZO;1
CALLE;DE;SAN LUCAS;SAN LUCAS;1
CALLE;DE;SAN LUCIANO;SAN LUCIANO;17
AVENIDA;DE;SAN LUIS;SAN LUIS;5
AVENIDA;DE;SAN LUIS;SAN LUIS;15
AVENIDA;DE;SAN LUIS;SAN LUIS;16
AVENIDA;DE;SAN LUIS;SAN LUIS;16
CALLE;DE;SAN LUIS GONZAGA;SAN LUIS GONZAGA;10
CALLE;DE;SAN MACARIO;SAN MACARIO;17
CALLE;DE;SAN MAGIN;SAN MAGÍN;12
CALLE;DE;SAN MAMES;SAN MAMÉS;17
CALLE;DE;SAN MANSUETO;SAN MANSUETO;8
CALLE;DE;SAN MANUEL;SAN MANUEL;10
CALLE;DE;SAN MANUEL;SAN MANUEL;10
CALLE;DE;SAN MARCELINO;SAN MARCELINO;10
CALLE;DE;SAN MARCELO;SAN MARCELO;15
CALLE;DE;SAN MARCOS;SAN MARCOS;1
CALLE;DE;SAN MARIANO;SAN MARIANO;20
CALLE;DE;SAN MARINO;SAN MARINO;20
CALLE;DE;SAN MARIO;SAN MARIO;12
CALLE;DE;SAN MARTIN;SAN MARTÍN;1
PLAZA;DE;SAN MARTIN;SAN MARTÍN;1
GLORIETA;DE;SAN MARTIN DE LA VEGA;SAN MARTÍN DE LA VEGA;12
CALLE;DE;SAN MARTIN DE PORRES;SAN MARTÍN DE PORRES;9
CALLE;DE;SAN MARTIN DE PORRES;SAN MARTÍN DE PORRES;9
PASAJE;DE;SAN MARTIN DE VALDEIGLESIAS;SAN MARTÍN DE VALDEIGLESIAS;5
CALLE;DE;SAN MATEO;SAN MATEO;1
TRAVESÍA;DE;SAN MATEO;SAN MATEO;1
CALLE;DE;SAN MAXIMILIANO;SAN MAXIMILIANO;15
CALLE;DE;SAN MAXIMO;SAN MÁXIMO;12
CALLE;DE;SAN MELITON;SAN MELITÓN;11
CALLE;DE;SAN MIGUEL;SAN MIGUEL;13
PLAZA;DE;SAN MIGUEL;SAN MIGUEL;1
CALLE;DE;SAN MIGUEL DEL CAMINO;SAN MIGUEL DEL CAMINO;8
CALLE;DE;SAN MILLAN;SAN MILLÁN;1
PASEO;DE;SAN MILLAN DE LA COGOLLA;SAN MILLÁN DE LA COGOLLA;8
CALLE;DE;SAN MODESTO;SAN MODESTO;8
CALLE;DE;SAN MOISES;SAN MOISÉS;13
CALLE;DE;SAN NARCISO;SAN NARCISO;20
CALLE;DE;SAN NAZARIO;SAN NAZARIO;5
CALLE;DE;SAN NEMESIO;SAN NEMESIO;15
CALLE;DE;SAN NEVIANO;SAN NEVIANO;17
CALLE;DE;SAN NICETO;SAN NICETO;11
CALLE;DE;SAN NICOLAS;SAN NICOLÁS;1
PLAZA;DE;SAN NICOLAS;SAN NICOLÁS;1
CALLE;DE;SAN NICOMEDES;SAN NICOMEDES;12
CALLE;DE;SAN NORBERTO;SAN NORBERTO;17
CALLE;DE;SAN OLEGARIO;SAN OLEGARIO;11
CALLE;DE;SAN ONOFRE;SAN ONOFRE;1
CALLE;DE;SAN PABLO;SAN PABLO;10
CALLE;DE;SAN PACIANO;SAN PACIANO;8
CALLE;DE;SAN PANCRACIO;SAN PANCRACIO;8
CALLE;DE;SAN PANTALEON;SAN PANTALEÓN;11
CALLE;DE;SAN PASCUAL;SAN PASCUAL;10
CALLE;DE;SAN PATRICIO;SAN PATRICIO;11
CALLE;DE;SAN PEDRO;SAN PEDRO;1
CAMINO;DE;SAN PEDRO;SAN PEDRO;9
CAMINO;DE;SAN PEDRO;SAN PEDRO;9
COSTANILLA;DE;SAN PEDRO;SAN PEDRO;1
PASAJE;DE;SAN PEDRO;SAN PEDRO;5
CALLE;DE;SAN PEDRO DE CARDEÑA;SAN PEDRO DE CARDEÑA;16
CALLE;DE;SAN PEDRO MARTIR;SAN PEDRO MÁRTIR;1
CALLE;DE;SAN PELEGRIN;SAN PELEGRÍN;8
CALLE;DE;SAN PETERSBURGO;SAN PETERSBURGO;20
CALLE;DE;SAN POL DE MAR;SAN POL DE MAR;9
CALLE;DE;SAN POMPEYO;SAN POMPEYO;11
CALLE;DE;SAN QUINTIN;SAN QUINTÍN;1
CALLE;DE;SAN QUIRICO;SAN QUIRICO;8
CALLEJÓN;DE;SAN RAFAEL;SAN RAFAEL;6
CALLE;DE;SAN RAIMUNDO;SAN RAIMUNDO;6
CALLE;DE;SAN RAMON NONATO;SAN RAMÓN NONATO;5
CALLE;DE;SAN REMIGIO;SAN REMIGIO;20
CALLE;DE;SAN RESTITUTO;SAN RESTITUTO;9
CALLE;DE;SAN RICARDO;SAN RICARDO;1
CALLE;DE;SAN ROBERTO;SAN ROBERTO;10
CALLE;DE;SAN ROBUSTIANO;SAN ROBUSTIANO;10
CALLE;DE;SAN ROGELIO;SAN ROGELIO;6
CALLE;DE;SAN ROMAN DEL VALLE;SAN ROMÁN DEL VALLE;20
CALLE;DE;SAN ROMUALDO;SAN ROMUALDO;20
CALLE;DE;SAN ROQUE;SAN ROQUE;1
CAMINO;DE;SAN ROQUE;SAN ROQUE;8
CALLE;DE;SAN ROSENDO;SAN ROSENDO;20
CALLE;DE;SAN RUFO;SAN RUFO;10
CALLE;DE;SAN RUPERTO;SAN RUPERTO;12
CALLE;DE;SAN SAMUEL;SAN SAMUEL;15
CALLE;DE;SAN SEBASTIAN;SAN SEBASTIÁN;1
CALLE;DE;SAN SECUNDINO;SAN SECUNDINO;15
CALLE;DE;SAN SERAPIO;SAN SERAPIO;12
CALLE;DE;SAN SEVERO;SAN SEVERO;21
CALLE;DE;SAN SEVERO;SAN SEVERO;21
CALLE;DE;SAN SILVESTRE;SAN SILVESTRE;11
CALLE;DE;SAN SIMON;SAN SIMÓN;1
CALLE;DE;SAN SIMPLICIO;SAN SIMPLICIO;12
CALLE;DE;SAN SINESIO;SAN SINESIO;11
CALLE;DE;SAN SINFORIANO;SAN SINFORIANO;21
CALLE;DE;SAN SOTERO;SAN SOTERO;20
CALLE;DE;SAN TARSICIO;SAN TARSICIO;17
CALLE;DE;SAN TELESFORO;SAN TELESFORO;15
CALLE;DE;SAN TELMO;SAN TELMO;5
TRAVESÍA;DE;SAN TELMO;SAN TELMO;5
CALLE;DE;SAN TEOFILO;SAN TEÓFILO;17
CALLE;DE;SAN TIMOTEO;SAN TIMOTEO;10
CALLE;DE;SAN TORIBIO;SAN TORIBIO;13
CALLE;DE;SAN TRIFON;SAN TRIFÓN;12
CALLE;DE;SAN VALENTIN;SAN VALENTÍN;20
CALLE;DE;SAN VALERIANO;SAN VALERIANO;6
CALLE;DE;SAN VALERO;SAN VALERO;13
CALLE;DE;SAN VENANCIO;SAN VENANCIO;20
COSTANILLA;DE;SAN VICENTE;SAN VICENTE;1
CUESTA;DE;SAN VICENTE;SAN VICENTE;1
CUESTA;DE;SAN VICENTE;SAN VICENTE;9
CUESTA;DE;SAN VICENTE;SAN VICENTE;9
GLORIETA;DE;SAN VICENTE;SAN VICENTE;1
GLORIETA;DE;SAN VICENTE;SAN VICENTE;9
PLAZA;DE;SAN VICENTE DE PAUL;SAN VICENTE DE PAUL;11
CALLE;DE;SAN VICENTE FERRER;SAN VICENTE FERRER;1
CALLE;DE;SAN VICENTE MARTIR;SAN VICENTE MÁRTIR;15
GLORIETA;DE;SAN VICTOR;SAN VÍCTOR;2
CALLE;DE;SAN VICTORINO;SAN VICTORINO;11
CALLE;DE;SAN VIDAL;SAN VIDAL;15
CALLE;DE;SAN VIRGILIO;SAN VIRGILIO;13
CALLE;DE;SAN WENCESLAO;SAN WENCESLAO;11
CALLE;DE;SAN ZACARIAS;SAN ZACARÍAS;12
CALLE;DE;SAN ZOILO;SAN ZOILO;12
CALLE;DE;SANCHEZ BALDERAS;SÁNCHEZ BALDERAS;5
CALLE;DE;SANCHEZ BARCAIZTEGUI;SÁNCHEZ BARCÁIZTEGUI;3
CALLE;DE;SANCHEZ BUSTILLO;SÁNCHEZ BUSTILLO;1
CALLE;DE;SANCHEZ DIAZ;SÁNCHEZ DÍAZ;15
CALLE;DE;SANCHEZ DIAZ;SÁNCHEZ DÍAZ;20
CALLE;DE;SANCHEZ GUERRERO;SÁNCHEZ GUERRERO;16
CALLE;DE;SANCHEZ PACHECO;SÁNCHEZ PACHECO;5
CALLE;DE;SANCHEZ PRECIADO;SÁNCHEZ PRECIADO;9
TRAVESÍA;DE;SANCHEZ PRECIADO;SÁNCHEZ PRECIADO;9
CALLE;DE;SANCHICA;SANCHICA;8
CALLE;DE;SANCHIDRIAN;SANCHIDRIÁN;10
CALLE;DE;SANCHINARRO;SANCHINARRO;16
CALLE;DE;SANCHO DAVILA;SANCHO DÁVILA;4
CALLE;DE;SANCHO PANZA;SANCHO PANZA;13
CALLE;DE;SANCHONUÑO;SANCHONUÑO;8
CALLE;DE;SANCHORREJA;SANCHORREJA;10
CALLE;DE;SANDALIA NAVAS;SANDALIA NAVAS;8
CALLE;DE;SANDALIO LOPEZ;SANDALIO LÓPEZ;8
CALLE;DEL;SANDALO;SÁNDALO;16
CALLE;DE;SANDOVAL;SANDOVAL;7
GLORIETA;DE;SANDRO PERTINI;SANDRO PERTINI;16
GLORIETA;DE;SANDRO PERTINI;SANDRO PERTINI;16
CALLE;DE;SANGARCIA;SANGARCÍA;2
CALLE;DE;SANGENJO;SANGENJO;8
CALLE;DEL;SANGUIÑO;SANGUIÑO;10
CALLE;DE;SANIA RAMEL;SANIA RAMEL;10
CALLE;DE;SANLUCAR DE BARRAMEDA;SANLÚCAR DE BARRAMEDA;16
CALLE;DE;SANSON CARRASCO;SANSÓN CARRASCO;13
CALLE;DE;SANTA ADELA;SANTA ADELA;16
CALLE;DE;SANTA AGUEDA;SANTA ÁGUEDA;1
CALLE;DE;SANTA ALICIA;SANTA ALICIA;13
CALLE;DE;SANTA AMALIA;SANTA AMALIA;13
CALLE;DE;SANTA ANA;SANTA ANA;1
PLAZA;DE;SANTA ANA;SANTA ANA;1
CALLE;DE;SANTA ANA ALTA;SANTA ANA ALTA;8
CALLE;DE;SANTA ANA BAJA;SANTA ANA BAJA;8
CALLE;DE;SANTA AUREA;SANTA AUREA;10
PLAZA;DE;SANTA AURELIA;SANTA AURELIA;15
CALLE;DE;SANTA BALBINA;SANTA BALBINA;9
CALLE;DE;SANTA BARBARA;SANTA BÁRBARA;1
PLAZA;DE;SANTA BARBARA;SANTA BÁRBARA;1
CALLE;DE;SANTA BEATRIZ;SANTA BEATRIZ;13
CALLE;DE;SANTA BERNARDITA;SANTA BERNARDITA;9
CALLE;DE;SANTA BRIGIDA;SANTA BRÍGIDA;1
CALLE;DE;SANTA CASILDA;SANTA CASILDA;2
CALLE;DE;SANTA CATALINA;SANTA CATALINA;1
CALLE;DE;SANTA CATALINA DE LABOURE;SANTA CATALINA DE LABOURE;11
PLAZA;DE;SANTA CATALINA DE LOS DONADOS;SANTA CATALINA DE LOS DONADOS;1
AVENIDA;DE;SANTA CATALINA-ENTREVIAS;SANTA CATALINA-ENTREVÍAS;13
CALLE;DE;SANTA CECILIA;SANTA CECILIA;10
CALLE;DE;SANTA CLARA;SANTA CLARA;1
CALLE;DE;SANTA COLOMA;SANTA COLOMA;9
CALLE;DE;SANTA COMBA;SANTA COMBA;9
CALLE;DE;SANTA CRISTINA;SANTA CRISTINA;17
PLAZA;DE;SANTA CRISTINA;SANTA CRISTINA;10
TRAVESÍA;DE;SANTA CRISTINA;SANTA CRISTINA;17
PLAZA;DE;SANTA CRUZ;SANTA CRUZ;1
CALLE;DE;SANTA CRUZ DE MARCENADO;SANTA CRUZ DE MARCENADO;1
CALLE;DE;SANTA CRUZ DE MUDELA;SANTA CRUZ DE MUDELA;12
CALLE;DE;SANTA CRUZ DE RETAMAR;SANTA CRUZ DE RETAMAR;13
CALLE;DE;SANTA DOROTEA;SANTA DOROTEA;21
CALLE;DE;SANTA EDUVIGIS;SANTA EDUVIGIS;21
CALLE;DE;SANTA ELENA;SANTA ELENA;15
CALLE;DE;SANTA ELVIRA;SANTA ELVIRA;9
CALLE;DE;SANTA ENGRACIA;SANTA ENGRACIA;7
CALLE;DE;SANTA ENGRACIA;SANTA ENGRACIA;7
CALLE;DE;SANTA ENGRACIA;SANTA ENGRACIA;7
CALLE;DE;SANTA ESCOLASTICA;SANTA ESCOLÁSTICA;17
AVENIDA;DE;SANTA EUGENIA;SANTA EUGENIA;18
CALLE;DE;SANTA EULALIA;SANTA EULALIA;6
CALLEJÓN;DE;SANTA EULALIA;SANTA EULALIA;6
CALLE;DE;SANTA EVA;SANTA EVA;17
CALLE;DE;SANTA FE;SANTA FE;9
CALLE;DE;SANTA FELICIANA;SANTA FELICIANA;7
CALLE;DE;SANTA FELICIDAD;SANTA FELICIDAD;15
PASAJE;DE;SANTA FELICIDAD;SANTA FELICIDAD;15
CALLE;DE;SANTA FLORA;SANTA FLORA;11
CALLE;DE;SANTA FLORENCIA;SANTA FLORENCIA;17
CALLE;DE;SANTA FRANCISCA JAVIER CABRINI;SANTA FRANCISCA JAVIER CABRINI;16
PLAZA;DE;SANTA GEMA;SANTA GEMA;5
CALLE;DE;SANTA GENOVEVA;SANTA GENOVEVA;15
CALLE;DE;SANTA HORTENSIA;SANTA HORTENSIA;5
CALLE;DE;SANTA INES;SANTA INÉS;1
CALLE;DE LA;SANTA INFANCIA;SANTA INFANCIA;10
CALLE;DE;SANTA IRENE;SANTA IRENE;15
CALLE;DE;SANTA ISABEL;SANTA ISABEL;1
CALLE;DE;SANTA JOAQUINA DE VEDRUNA;SANTA JOAQUÍNA DE VEDRUNA;17
CALLE;DE;SANTA JULIA;SANTA JULIA;13
CALLE;DE;SANTA JULIANA;SANTA JULIANA;6
CALLE;DE;SANTA LEONOR;SANTA LEONOR;20
CALLE;DE;SANTA LUCIA;SANTA LUCÍA;1
CALLE;DE;SANTA LUCRECIA;SANTA LUCRECIA;11
CALLE;DE;SANTA MAGDALENA SOFIA;SANTA MAGDALENA SOFÍA;5
PLAZA;DE;SANTA MARGARITA;SANTA MARGARITA;10
CALLE;DE;SANTA MARIA;SANTA MARÍA;1
CAMINO;DE;SANTA MARIA;SANTA MARÍA;18
CALLE;DE;SANTA MARIA DE LA ALAMEDA;SANTA MARÍA DE LA ALAMEDA;5
GLORIETA;DE;SANTA MARIA DE LA CABEZA;SANTA MARÍA DE LA CABEZA;2
GLORIETA;DE;SANTA MARIA DE LA CABEZA;SANTA MARÍA DE LA CABEZA;2
GLORIETA;DE;SANTA MARIA DE LA CABEZA;SANTA MARÍA DE LA CABEZA;2
GLORIETA;DE;SANTA MARIA DE LA CABEZA;SANTA MARÍA DE LA CABEZA;2
PASEO;DE;SANTA MARIA DE LA CABEZA;SANTA MARÍA DE LA CABEZA;2
PASEO;DE;SANTA MARIA DE LA CABEZA;SANTA MARÍA DE LA CABEZA;2
PASEO;DE;SANTA MARIA DE LA CABEZA;SANTA MARÍA DE LA CABEZA;2
PASEO;DE;SANTA MARIA DE LA CABEZA;SANTA MARÍA DE LA CABEZA;11
PASEO;DE;SANTA MARIA DE LA CABEZA;SANTA MARÍA DE LA CABEZA;12
CALLE;DE;SANTA MARIA DEL MAR;SANTA MARÍA DEL MAR;10
CALLE;DE;SANTA MARIA LA REAL DE NIEVA;SANTA MARÍA LA REAL DE NIEVA;2
CALLE;DE;SANTA MARIA MAGDALENA;SANTA MARÍA MAGDALENA;5
TRAVESÍA;DE;SANTA MARIA MAGDALENA;SANTA MARÍA MAGDALENA;5
CALLE;DE;SANTA MARIA MICAELA;SANTA MARÍA MICAELA;9
CALLE;DE;SANTA MARIA REINA;SANTA MARÍA REINA;12
CALLE;DE;SANTA MARIA SALOME;SANTA MARÍA SALOMÉ;18
PLAZA;DE;SANTA MARIA SOLEDAD TORRES ACOSTA;SANTA MARÍA SOLEDAD TORRES ACOSTA;1
CALLE;DE;SANTA MARTA;SANTA MARTA;13
CALLE;DE;SANTA MARTINA;SANTA MARTINA;9
CALLE;DE;SANTA MATILDE;SANTA MATILDE;6
CALLE;DE;SANTA MONICA;SANTA MÓNICA;15
CALLE;DE;SANTA NATALIA;SANTA NATALIA;16
CALLE;DE;SANTA OLALLA;SANTA OLALLA;9
PLAZA;DE;SANTA PAULA MONTAL;SANTA PAULA MONTAL;11
CALLE;DE;SANTA PETRONILA;SANTA PETRONILA;17
CALLE;DE;SANTA POLA;SANTA POLA;9
CALLE;DE;SANTA POLONIA;SANTA POLONIA;1
CALLE;DE;SANTA PRISCA;SANTA PRISCA;15
CALLE;DE;SANTA RAFAELA MARIA DEL SAGRADO CORAZON;SANTA RAFAELA MARÍA DEL SAGRADO CORAZÓN;13
CALLE;DE;SANTA RITA;SANTA RITA;5
CALLE;DE;SANTA ROSA;SANTA ROSA;13
CALLE;DE;SANTA ROSALIA;SANTA ROSALÍA;11
CALLE;DE;SANTA SABINA;SANTA SABINA;3
CALLE;DE;SANTA SATURNINA;SANTA SATURNINA;11
CALLE;DE;SANTA SUSANA;SANTA SUSANA;16
CALLE;DE;SANTA TECLA;SANTA TECLA;20
CALLE;DE;SANTA TERESA;SANTA TERESA;1
CALLE;DE;SANTA TERESA JORNET;SANTA TERESA JORNET;11
PLAZA;DE;SANTA TERESITA;SANTA TERESITA;10
CALLE;DE;SANTA URSULA;SANTA ÚRSULA;10
CALLE;DE;SANTA VALENTINA;SANTA VALENTINA;6
CALLE;DE;SANTA VIRGILIA;SANTA VIRGILIA;16
CALLE;DE;SANTANDER;SANTANDER;7
CALLE;DE LA;SANTANDERINA;SANTANDERINA;13
CAMINO;DE LAS;SANTERAS;SANTERAS;19
CALLE;DE;SANTIAGO;SANTIAGO;1
COSTANILLA;DE;SANTIAGO;SANTIAGO;1
PLAZA;DE;SANTIAGO;SANTIAGO;1
CALLE;DE;SANTIAGO ALIO;SANTIAGO ALIÓ;13
TRAVESÍA;DE;SANTIAGO ALIO;SANTIAGO ALIÓ;13
CALLE;DE;SANTIAGO AMON;SANTIAGO AMÓN;17
CALLE;DE;SANTIAGO ARTIGAS;SANTIAGO ARTIGAS;5
CALLE;DE;SANTIAGO BERNABEU;SANTIAGO BERNABÉU;5
CALLE;DE;SANTIAGO CORDERO;SANTIAGO CORDERO;6
TRAVESÍA;DE;SANTIAGO CORDERO;SANTIAGO CORDERO;6
CALLE;DE;SANTIAGO CUENDE;SANTIAGO CUENDE;11
CALLE;DE;SANTIAGO DE COMPOSTELA;SANTIAGO DE COMPOSTELA;8
CALLE;DE;SANTIAGO DE COMPOSTELA;SANTIAGO DE COMPOSTELA;8
CALLE;DE;SANTIAGO DE COMPOSTELA;SANTIAGO DE COMPOSTELA;8
CALLE;DE;SANTIAGO DE MASARNAU;SANTIAGO DE MASARNAU;15
CALLE;DE;SANTIAGO EL VERDE;SANTIAGO EL VERDE;1
CALLE;DE;SANTIAGO ESTEVEZ;SANTIAGO ESTÉVEZ;11
CALLE;DE;SANTIAGO PRIETO;SANTIAGO PRIETO;11
CALLE;DE;SANTIAGO RUSIÑOL;SANTIAGO RUSIÑOL;9
CALLE;DE;SANTIBAÑEZ DE BEJAR;SANTIBÁÑEZ DE BÉJAR;16
CALLE;DE;SANTILLANA DEL MAR;SANTILLANA DEL MAR;13
CALLE;DE LA;SANTISIMA TRINIDAD;SANTÍSIMA TRINIDAD;7
CAMINO;DEL;SANTISIMO;SANTÍSIMO;18
CAMINO;DEL;SANTISIMO;SANTÍSIMO;19
CALLE;DE;SANTISO;SANTISO;8
CAMINO;DEL;SANTO;SANTO;9
CAMINO;DEL;SANTO;SANTO;9
PASEO;DEL;SANTO;SANTO;16
CALLE;DEL;SANTO ANGEL;SANTO ÁNGEL;15
CALLE;DEL;SANTO ANGEL;SANTO ÁNGEL;16
PASAJE;DEL;SANTO ANGEL;SANTO ÁNGEL;16
AVENIDA;DEL;SANTO ANGEL DE LA GUARDA;SANTO ÁNGEL DE LA GUARDA;9
CALLE;DE;SANTO DOMINGO;SANTO DOMINGO;11
CUESTA;DE;SANTO DOMINGO;SANTO DOMINGO;1
PLAZA;DE;SANTO DOMINGO;SANTO DOMINGO;1
PLAZA;DE;SANTO DOMINGO;SANTO DOMINGO;1
AVENIDA;DE;SANTO DOMINGO DE LA CALZADA;SANTO DOMINGO DE LA CALZADA;8
AVENIDA;DE;SANTO DOMINGO DE LA CALZADA;SANTO DOMINGO DE LA CALZADA;16
CALLE;DE;SANTO DOMINGO DE SILOS;SANTO DOMINGO DE SILOS;5
CALLE;DE;SANTO DOMINGO SAVIO;SANTO DOMINGO SAVIO;15
CALLE;DE;SANTO TOMAS;SANTO TOMÁS;1
CALLE;DE;SANTO TOME;SANTO TOMÉ;1
CALLE;DE;SANTOCILDES;SANTOCILDES;2
CALLE;DE;SANTOLINAS;SANTOLINAS;5
CALLE;DE;SANTOÑA;SANTOÑA;12
TRAVESÍA;DE;SANTOÑA;SANTOÑA;12
CALLE;DE;SANTORCAZ;SANTORCAZ;5
CALLE;DE;SANTOVENIA;SANTOVENIA;9
CALLE;DEL;SANTUARIO;SANTUARIO;12
GLORIETA;DEL;SANTUARIO DE TISCAR;SANTUARIO DE TÍSCAR;8
GLORIETA;DEL;SANTUARIO DE TISCAR;SANTUARIO DE TÍSCAR;8
AVENIDA;DEL;SANTUARIO DE VALVERDE;SANTUARIO DE VALVERDE;8
CALLE;DE;SANTURCE;SANTURCE;15
CALLE;DE;SANZ RASO;SANZ RASO;13
GLORIETA;DE LA;SARDANA;SARDANA;3
CALLE;DE LA;SARDINETA;SARDINETA;8
CALLE;DEL;SARGENTO BARRIGA;SARGENTO BARRIGA;17
CALLE;DE;SARRE;SARRE;20
CALLE;DE;SARRIA;SARRIA;8
CALLE;DE LOS;SASTRES;SASTRES;20
CALLE;DE;SATURNINO CALLEJA;SATURNINO CALLEJA;5
CALLE;DE;SATURNINO MORAN;SATURNINO MORÁN;10
CALLE;DE;SATURNINO TEJERA;SATURNINO TEJERA;11
CALLE;DE;SATURNO;SATURNO;21
CALLE;DE;SATURNO;SATURNO;21
CALLE;DEL;SAUCE;SAUCE;5
CALLE;DE LA;SAUCEDA;SAUCEDA;8
CALLE;DE;SAUCEJO;SAUCEJO;18
CALLE;DEL;SAUCO;SAÚCO;6
CALLE;DE;SAUZAL;SAUZAL;15
CALLE;DE LA;SAXIFRAGA;SAXÍFRAGA;5
CALLE;DEL;SAXOFON;SAXOFÓN;19
CALLE;DEL;SAXOFON;SAXOFÓN;19
CALLE;DE;SAYAGO;SAYAGO;20
CALLE;DE;SEBASTIAN ALVARO;SEBASTIÁN ÁLVARO;10
CALLE;DE;SEBASTIAN FRANCISCO;SEBASTIÁN FRANCISCO;20
CALLE;DE;SEBASTIAN GOMEZ;SEBASTIÁN GÓMEZ;12
CALLE;DE;SEBASTIAN HERRERA;SEBASTIÁN HERRERA;2
CALLE;DE;SECO;SECO;3
CALLE;DE LA;SECOYA;SECOYA;11
AVENIDA;DE;SECUNDINO ZUAZO;SECUNDINO ZUAZO;16
PASAJE;DE LA;SEDA;SEDA;20
CALLE;DE;SEDANO;SEDANO;10
CALLE;DE;SEGOVIA;SEGOVIA;1
CALLE;DE;SEGOVIA;SEGOVIA;2
PUENTE;DE;SEGOVIA;SEGOVIA;
RONDA;DE;SEGOVIA;SEGOVIA;1
RONDA;DE;SEGOVIA;SEGOVIA;2
PLAZA;DE;SEGOVIA NUEVA;SEGOVIA NUEVA;1
PLAZA;DE;SEGOVIA NUEVA;SEGOVIA NUEVA;1
CALLE;DEL;SEGRE;SEGRE;5
AVENIDA;;SEGUNDA;SEGUNDA;20
CALLE;;SEGUNDA;SEGUNDA;16
CALLE;DE;SEGUNDO ANCA;SEGUNDO ANCA;9
CALLE;DE;SEGUNDO IZPIZUA;SEGUNDO IZPIZÚA;4
CALLE;DE;SEGURA;SEGURA;12
CALLE;;SEIS;SEIS;20
CALLE;DEL;SEIS DE DICIEMBRE;SEIS DE DICIEMBRE;9
PLAZA;DEL;SEIS DE DICIEMBRE;SEIS DE DICIEMBRE;11
CALLE;;SEIS MERCAMADRID;SEIS MERCAMADRID;18
CALLE;DE;SELAYA;SELAYA;16
CALLE;DE;SELMA LAGERLOFF;SELMA LAGERLOFF;17
CALLE;DE LA;SEMILLA;SEMILLA;20
CALLE;DEL;SEMINARIO DE NOBLES;SEMINARIO DE NOBLES;1
CALLE;DE LA;SENDA;SENDA;15
CALLE;DE LA;SENDA DEL INFANTE;SENDA DEL INFANTE;8
CALLE;DE LA;SENDA DEL REY;SENDA DEL REY;9
CALLE;DE LA;SENDA DEL REY;SENDA DEL REY;9
CALLE;DE LA;SENDA DEL REY;SENDA DEL REY;18
PASEO;DE LA;SENDA DEL REY;SENDA DEL REY;9
AVENIDA;DE;SENECA;SÉNECA;9
AVENIDA;DE;SENECA;SÉNECA;9
CAMINO;DE LA;SEÑORA;SEÑORA;8
CALLE;DE LOS;SEÑORES DE LUZON;SEÑORES DE LUZÓN;1
TRAVESÍA;DE LOS;SEÑORES DE LUZON;SEÑORES DE LUZÓN;1
CALLE;DE;SEO DE URGEL;SEO DE URGEL;16
CALLE;DE LA;SEPIOLITA;SEPIOLITA;19
CALLE;DE;SEPTIEMBRE;SEPTIEMBRE;20
AVENIDA;;SEPTIMA;SÉPTIMA;20
CALLE;DE;SEPULVEDA;SEPÚLVEDA;10
CALLE;DE;SEPULVEDA;SEPÚLVEDA;10
CALLE;DE;SEPULVEDA;SEPÚLVEDA;10
CALLE;DE;SEPULVEDA;SEPÚLVEDA;10
CALLE;DE;SEPULVEDA;SEPÚLVEDA;15
CALLE;DE;SEQUEROS;SEQUEROS;12
CALLE;DEL;SEQUILLO;SEQUILLO;15
CALLE;DE;SERAFIN DE ASIS;SERAFÍN DE ASÍS;10
CALLE;DE;SERAFIN GOMEZ;SERAFÍN GÓMEZ;11
CALLE;DE;SERAFIN RAMIREZ;SERAFÍN RAMÍREZ;9
CALLE;DEL;SERBAL;SERBAL;9
CALLE;DE LA;SERENA;SERENA;13
CALLE;DE;SERRADILLA;SERRADILLA;10
CALLE;DEL;SERRALLO;SERRALLO;6
TRAVESÍA;DEL;SERRALLO;SERRALLO;6
CALLE;DE;SERRAMAGNA;SERRAMAGNA;16
CALLE;DE LA;SERRANIA DE RONDA;SERRANÍA DE RONDA;18
CALLE;DE;SERRANILLOS DEL VALLE;SERRANILLOS DEL VALLE;18
CALLE;DE;SERRANILLOS DEL VALLE;SERRANILLOS DEL VALLE;18
CALLE;DE;SERRANO;SERRANO;4
CALLE;DE;SERRANO;SERRANO;4
CALLE;DE;SERRANO;SERRANO;5
CALLE;DE;SERRANO;SERRANO;5
CALLE;DE;SERRANO ANGUITA;SERRANO ANGUITA;1
CALLE;DE;SERRANO GALVACHE;SERRANO GALVACHE;15
CALLE;DE;SERRANO JOVER;SERRANO JOVER;1
CALLE;DE LA;SERRERIA;SERRERÍA;20
CALLE;DEL;SERROTA;SERROTA;9
CALLE;DE;SERVANDO BATANERO;SERVANDO BATANERO;15
CALLE;DE;SERVANDO BATANERO;SERVANDO BATANERO;15
CALLE;DE;SERVATOR;SERVATOR;16
CARRETERA;DE;SERVICIO AVENIDA DE AMERICA Y DE LA HISPANIDAD;SERVICIO AVENIDA DE AMÉRICA Y DE LA HISPANIDAD;16
CARRETERA;DE;SERVICIO AVENIDA DE AMERICA Y DE LA HISPANIDAD;SERVICIO AVENIDA DE AMÉRICA Y DE LA HISPANIDAD;21
CAMINO;DE;SERVICIO DEL CANAL DE ISABEL II;SERVICIO DEL CANAL DE ISABEL II;8
CAMINO;DE;SERVICIO DEL CANAL DE ISABEL II;SERVICIO DEL CANAL DE ISABEL II;8
CAMINO;DE;SERVICIO DEL CANAL DE ISABEL II;SERVICIO DEL CANAL DE ISABEL II;8
CALLE;DE;SESEÑA;SESEÑA;10
PLAZA;DE;SESTAO;SESTAO;12
PASAJE;DE;SETUBAL;SETÚBAL;11
PLAZA;DE;SETUBAL;SETÚBAL;11
CALLE;DE;SEVERINO AZNAR EMBID;SEVERINO AZNAR EMBID;10
CALLE;DE;SEVILLA;SEVILLA;1
CALLE;DE;SEVILLA;SEVILLA;1
GLORIETA;DE;SEVILLA;SEVILLA;3
AVENIDA;;SEXTA;SEXTA;20
CALLE;;SEXTA;SEXTA;5
CALLE;DEL;SEXTANTE;SEXTANTE;9
TRAVESÍA;DEL;SEXTANTE;SEXTANTE;9
CALLE;DE LAS;SICELIDAS;SICÉLIDAS;16
CALLE;DE;SICILIA;SICILIA;13
CALLE;DE LA;SIDERURGIA;SIDERURGIA;20
CALLE;DE LA;SIEMPREVERDE;SIEMPREVERDE;10
CALLE;DE;SIENA;SIENA;15
CALLE;DE;SIENA;SIENA;15
CALLE;DE;SIERO;SIERO;20
CALLE;DE LA;SIERPE;SIERPE;1
CALLE;DE LA;SIERRA;SIERRA;7
CALLE;DE LA;SIERRA AITANA;SIERRA AITANA;18
CALLE;DE LA;SIERRA ALTA;SIERRA ALTA;18
PLAZA;DE LA;SIERRA AYLLON;SIERRA AYLLÓN;18
CALLE;DE LA;SIERRA BASCUÑA;SIERRA BASCUÑA;13
CALLE;DE LA;SIERRA BERMEJA;SIERRA BERMEJA;13
CALLE;DE LA;SIERRA BERMEJA;SIERRA BERMEJA;13
CALLE;DE LA;SIERRA BULLONES;SIERRA BULLONES;6
CALLE;DE LA;SIERRA CARBONERA;SIERRA CARBONERA;13
CALLE;DE LA;SIERRA CARBONERA;SIERRA CARBONERA;13
PLAZA;DE LA;SIERRA CARBONERA;SIERRA CARBONERA;13
CALLE;DE LA;SIERRA DE ALBARRACIN;SIERRA DE ALBARRACÍN;13
CALLE;DE LA;SIERRA DE ALCARAZ;SIERRA DE ALCARAZ;13
CALLE;DE LA;SIERRA DE ALCUBIERRE;SIERRA DE ALCUBIERRE;13
CALLE;DE LA;SIERRA DE ALGODONALES;SIERRA DE ALGODONALES;13
CALLE;DE LA;SIERRA DE ALMIJARA;SIERRA DE ALMIJARA;13
CALLE;DE LA;SIERRA DE ALQUIFE;SIERRA DE ALQUIFE;13
CALLE;DE LA;SIERRA DE ANTEQUERA;SIERRA DE ANTEQUERA;13
CALLE;DE LA;SIERRA DE ARLA;SIERRA DE ARLA;18
CALLE;DE LA;SIERRA DE ATAPUERCA;SIERRA DE ATAPUERCA;8
CALLE;DE LA;SIERRA DE BOBIA;SIERRA DE BOBIA;18
CALLE;DE LA;SIERRA DE CADI;SIERRA DE CADÍ;13
CALLE;DE LA;SIERRA DE CAMEROS;SIERRA DE CAMEROS;13
PLAZA;DE LA;SIERRA DE CAUREL;SIERRA DE CAUREL;18
CALLE;DE LA;SIERRA DE CAZALLA;SIERRA DE CAZALLA;13
CALLE;DE LA;SIERRA DE CONTRAVIESA;SIERRA DE CONTRAVIESA;13
CALLE;DE LA;SIERRA DE CUENCA;SIERRA DE CUENCA;13
CALLE;DE LA;SIERRA DE CUERDA LARGA;SIERRA DE CUERDA LARGA;13
CALLE;DE LA;SIERRA DE ENCINARES;SIERRA DE ENCINARES;18
CALLE;DE LA;SIERRA DE ESTRELLA;SIERRA DE ESTRELLA;13
CALLE;DE LA;SIERRA DE GOR;SIERRA DE GOR;18
PLAZA;DE LA;SIERRA DE GRAZALEMA;SIERRA DE GRAZALEMA;18
CALLE;DE LA;SIERRA DE GREDOS;SIERRA DE GREDOS;18
CALLE;DE LA;SIERRA DE GUADALUPE;SIERRA DE GUADALUPE;18
TRAVESÍA;DE LA;SIERRA DE GUADALUPE;SIERRA DE GUADALUPE;18
CALLE;DE LA;SIERRA DE GUDAR;SIERRA DE GUDAR;18
CALLE;DE LA;SIERRA DE JAVALAMBRE;SIERRA DE JAVALAMBRE;13
CALLE;DE LA;SIERRA DE LA DEMANDA;SIERRA DE LA DEMANDA;18
CALLE;DE LA;SIERRA DE LA LOBA;SIERRA DE LA LOBA;13
CALLE;DE LA;SIERRA DE LA SAGRA;SIERRA DE LA SAGRA;13
CALLE;DE LA;SIERRA DE LA SOLANA;SIERRA DE LA SOLANA;13
CALLE;DE LA;SIERRA DE LOS FILABRES;SIERRA DE LOS FILABRES;13
CALLE;DE LA;SIERRA DE LOS SANTOS;SIERRA DE LOS SANTOS;18
CALLE;DE LA;SIERRA DE LUCENA;SIERRA DE LUCENA;13
PLAZA;DE LA;SIERRA DE MAGINA;SIERRA DE MÁGINA;18
CALLE;DE LA;SIERRA DE MEIRA;SIERRA DE MEIRA;13
CALLE;DE LA;SIERRA DE MIRA;SIERRA DE MIRA;18
CALLE;DE LA;SIERRA DE MONCHIQUE;SIERRA DE MONCHIQUE;13
CALLE;DE LA;SIERRA DE ONCALA;SIERRA DE ONCALA;13
CALLE;DE LA;SIERRA DE PAJAREJO;SIERRA DE PAJAREJO;9
CALLE;DE LA;SIERRA DE PALOMERAS;SIERRA DE PALOMERAS;18
CALLE;DE LA;SIERRA DE PEÑA NEGRA;SIERRA DE PEÑA NEGRA;9
CALLE;DE LA;SIERRA DE PINEDA;SIERRA DE PINEDA;13
CALLE;DE LA;SIERRA DE PUERTO VIEJO;SIERRA DE PUERTO VIEJO;9
CALLE;DE LA;SIERRA DE QUEIJA;SIERRA DE QUEIJA;18
CALLE;DE LA;SIERRA DE SABIÑAR;SIERRA DE SABIÑAR;18
CALLE;DE LA;SIERRA DE SEGURA;SIERRA DE SEGURA;13
CALLE;DE LA;SIERRA DE TEJEDA;SIERRA DE TEJEDA;13
CALLE;DE LA;SIERRA DE TOLOÑO;SIERRA DE TOLOÑO;13
CALLE;DE LA;SIERRA DE TORNAVACAS;SIERRA DE TORNAVACAS;18
CALLE;DE LA;SIERRA DE TORTEJADA;SIERRA DE TORTEJADA;18
CALLE;DE LA;SIERRA DE VALDEMECA;SIERRA DE VALDEMECA;13
CALLE;DE LA;SIERRA DEL BREZO;SIERRA DEL BREZO;18
CALLE;DE LA;SIERRA DEL CASTILLO;SIERRA DEL CASTILLO;13
CALLE;DE LA;SIERRA DEL QUINTANAR;SIERRA DEL QUINTANAR;13
CALLE;DE LA;SIERRA DEL TORCAL;SIERRA DEL TORCAL;18
CALLE;DE LA;SIERRA DEL TORCAL;SIERRA DEL TORCAL;18
CALLE;DE LA;SIERRA DEL VALLE;SIERRA DEL VALLE;13
CALLE;DE LA;SIERRA ELVIRA;SIERRA ELVIRA;13
CALLE;DE LA;SIERRA ENGARCERAN;SIERRA ENGARCERÁN;18
CALLE;DE LA;SIERRA ESPUÑA;SIERRA ESPUÑA;18
CALLE;DE LA;SIERRA FALADORA;SIERRA FALADORA;13
CALLE;DE LA;SIERRA GADOR;SIERRA GÁDOR;18
PLAZA;DE LA;SIERRA GISTRAL;SIERRA GISTRAL;18
CALLE;DE LA;SIERRA GORDA;SIERRA GORDA;18
CALLE;DE LA;SIERRA GORDA;SIERRA GORDA;18
CALLE;DE LA;SIERRA LLERENA;SIERRA LLERENA;13
CALLE;DE LA;SIERRA MADERA;SIERRA MADERA;13
CALLE;DE LA;SIERRA MADRONA;SIERRA MADRONA;13
CALLE;DE LA;SIERRA MENERA;SIERRA MENERA;13
PLAZA;DE LA;SIERRA MINISTRA;SIERRA MINISTRA;13
CALLE;DE LA;SIERRA MOLINA;SIERRA MOLINA;13
CALLE;DE LA;SIERRA MONTILLA;SIERRA MONTILLA;18
CALLE;DE LA;SIERRA MORENA;SIERRA MORENA;18
CALLE;DE LA;SIERRA NEVADA;SIERRA NEVADA;13
CALLE;DE LA;SIERRA NEVADA;SIERRA NEVADA;13
GLORIETA;DE LA;SIERRA PARAMERA;SIERRA PARAMERA;9
CALLE;DE LA;SIERRA ROBLEDAL;SIERRA ROBLEDAL;13
CALLE;DE LA;SIERRA SALVADA;SIERRA SALVADA;13
CALLE;DE LA;SIERRA TOLEDANA;SIERRA TOLEDANA;13
CALLE;DE LA;SIERRA TOLEDANA;SIERRA TOLEDANA;14
CALLE;DE LA;SIERRA VIEJA;SIERRA VIEJA;18
CALLE;;SIETE;SIETE;20
CALLE;DEL;SIETE DE JULIO;SIETE DE JULIO;1
GLORIETA;DE LAS;SIETE HERMANAS;SIETE HERMANAS;9
CALLE;;SIETE MERCAMADRID;SIETE MERCAMADRID;18
CALLE;DE LOS;SIETE PICOS;SIETE PICOS;5
CAMINO;DE LAS;SIETE REJAS;SIETE REJAS;9
CAMINO;DE LAS;SIETE REJAS;SIETE REJAS;9
CALLE;DE;SIGERICO;SIGERICO;11
CALLE;DE;SIGÜENZA;SIGÜENZA;9
CALLE;DE;SIGUERO;SIGUERO;8
CALLE;DEL;SIL;SIL;5
CALLE;DE LA;SILFIDE;SÍLFIDE;20
GLORIETA;DEL;SILICE;SÍLICE;4
CALLE;DE LA;SILLERIA;SILLERÍA;20
CALLE;DE;SILVA;SILVA;1
CALLE;DE;SILVA;SILVA;1
CALLE;DE;SILVANO;SILVANO;16
CALLE;DE;SILVANO;SILVANO;16
CALLE;DE;SILVES;SILVES;11
CALLE;DE LA;SILVINA;SILVINA;12
CALLE;DE;SILVINA OCAMPO;SILVINA OCAMPO;18
CALLE;DE LA;SILVINITA;SILVINITA;17
CALLE;DE;SILVIO ABAD;SILVIO ABAD;12
CALLE;DE;SIMACOTA;SIMACOTA;16
CALLE;DE;SIMANCAS;SIMANCAS;6
CALLE;DEL;SIMCA;SIMCA;12
CALLE;DE;SIMON BOLIVAR;SIMÓN BOLÍVAR;16
PASEO;DE;SIMON DE ROJAS CLEMENTE;SIMÓN DE ROJAS CLEMENTE;3
CALLE;DE;SIMON VIÑALS;SIMÓN VIÑALS;8
CALLE;DE LA;SIMPATIA;SIMPATÍA;19
CALLE;DEL;SIMUN;SIMÚN;21
CALLE;DE;SINCELEJO;SINCELEJO;16
CALLE;DE;SINESIO DELGADO;SINESIO DELGADO;6
CALLE;DE;SINESIO DELGADO;SINESIO DELGADO;6
CALLE;DE;SINESIO DELGADO;SINESIO DELGADO;8
CALLE;DE;SINESIO DELGADO;SINESIO DELGADO;8
CALLE;DE;SINESIO DELGADO;SINESIO DELGADO;9
CALLE;DE;SINESIO DELGADO;SINESIO DELGADO;9
CALLE;DE LA;SINFONIA;SINFONÍA;10
CAMINO;DE;SINTRA;SINTRA;16
CAMINO;DE;SINTRA;SINTRA;21
CAMINO;DE;SINTRA;SINTRA;21
GLORIETA;DE;SINTRA;SINTRA;21
CALLE;DE;SIRACUSA;SIRACUSA;20
CALLE;DE;SIRIO;SIRIO;3
CALLE;DE;SIRO MUELA;SIRO MUELA;20
CALLE;DEL;SIROCO;SIROCO;21
CALLE;DE;SIRRACH;SIRRACH;9
CALLE;DE;SISEBUTO;SISEBUTO;10
PLAZA;DE;SISENANDO;SISENANDO;10
CAMINO;DEL;SISON;SISÓN;8
CALLE;DE LOS;SISONES;SISONES;8
CALLE;DEL;SITIO DE EL ESCORIAL;SITIO DE EL ESCORIAL;11
RONDA;DE;SOBRADIEL;SOBRADIEL;16
CALLE;DE;SOBRADO;SOBRADO;8
CALLE;DE LA;SOCIEDAD;SOCIEDAD;11
CALLE;DEL;SOCORRO;SOCORRO;19
CALLE;DE;SOCUELLAMOS;SOCUÉLLAMOS;12
CALLE;DEL;SODIO;SODIO;2
CALLE;DE;SODUPE;SODUPE;9
CALLE;DE;SOFIA;SOFÍA;8
CALLE;DE;SOFIA;SOFÍA;20
CALLE;DE;SOFIA CASANOVA;SOFÍA CASANOVA;10
CALLE;DE LA;SOFORA;SÓFORA;6
PLAZA;DE;SOGAMOSO;SOGAMOSO;16
CALLE;DEL;SOL;SOL;4
CALLE;DEL;SOL NACIENTE;SOL NACIENTE;15
CALLE;DE LA;SOLANA DE LUCHE;SOLANA DE LUCHE;10
CALLE;DE LA;SOLANA DE OPAÑEL;SOLANA DE OPAÑEL;11
CALLE;DEL;SOLANO;SOLANO;21
CALLE;DEL;SOLARA;SOLARA;12
CALLE;DEL;SOLDADO;SOLDADO;8
CALLE;DEL;SOLDADO JOSE MARIA REY;SOLDADO JOSÉ MARÍA REY;11
CALLE;DE;SOLEDAD CAZORLA;SOLEDAD CAZORLA;10
CALLE;DE LAS;SOLEDADES;SOLEDADES;11
CALLE;DE;SOLER Y GONZALEZ;SOLER Y GONZÁLEZ;1
CALLE;DE LA;SOLERIA;SOLERÍA;20
PLAZA;DE LA;SOLIDARIDAD;SOLIDARIDAD;12
CALLE;DE;SOLSONA;SOLSONA;16
CALLE;DE LA;SOMBRA;SOMBRA;11
CALLE;DE LA;SOMBRERERIA;SOMBRERERÍA;1
CALLE;DEL;SOMBRERETE;SOMBRERETE;1
CALLE;DE;SOMERA;SOMERA;9
CALLE;DE;SOMONTES;SOMONTES;8
CARRETERA;DE;SOMONTES AL PALACIO DE LA REAL QUINTA;SOMONTES AL PALACIO DE LA REAL QUINTA;8
CALLE;DE;SOMONTIN;SOMONTÍN;16
CALLE;DEL;SOMORMUJO;SOMORMUJO;11
PLAZA;DEL;SOMORROSTRO;SOMORROSTRO;5
CARRETERA;DE;SOMOSAGUAS;SOMOSAGUAS;9
CALLE;DE;SOMOSIERRA;SOMOSIERRA;16
CALLE;DE;SON BONET;SON BONET;10
CALLE;DE LOS;SONDEOS;SONDEOS;10
CALLE;DE LOS;SONDEOS;SONDEOS;19
CALLE;DE;SONDICA;SONDICA;10
CALLE;DE;SONSECA;SONSECA;11
CALLE;DE;SOPELANA;SOPELANA;9
CALLE;DE;SOPETRAN;SOPETRÁN;16
CALLE;DE;SOR ANGELA DE LA CRUZ;SOR ÁNGELA DE LA CRUZ;6
CALLE;DE;SOR JUANA INES DE LA CRUZ;SOR JUANA INÉS DE LA CRUZ;8
CALLE;DE;SOR JUANA INES DE LA CRUZ;SOR JUANA INÉS DE LA CRUZ;9
GLORIETA;DE;SOR JUSTA DOMINGUEZ DE VIDAURRETA;SOR JUSTA DOMÍNGUEZ DE VIDAURRETA;4
CALLE;DE;SOR MARIA DE AGREDA;SOR MARÍA DE ÁGREDA;15
CALLE;DEL;SORBE;SORBE;11
CALLE;DEL;SORGO;SORGO;6
CALLE;DE;SORIA;SORIA;2
CALLE;DE;SOROA;SOROA;8
CALLE;DE;SOROLLA;SOROLLA;6
CALLE;DE;SORT;SORT;9
CALLE;DE;SORZANO;SORZANO;15
CALLE;DEL;SOTAVENTO;SOTAVENTO;21
CALLE;DEL;SOTILLO;SOTILLO;16
CAMINO;DEL;SOTILLO A FUENCARRAL;SOTILLO A FUENCARRAL;8
CAMINO;DEL;SOTILLO A FUENCARRAL;SOTILLO A FUENCARRAL;8
CAMINO;DEL;SOTO;SOTO;8
CALLE;DE;SOTO DEL REAL;SOTO DEL REAL;8
CALLE;DE;SOTO HIDALGO;SOTO HIDALGO;21
AVENIDA;DE;SOTO PALACIOS;SOTO PALACIOS;8
CALLE;DE;SOTOMAYOR;SOTOMAYOR;7
CALLE;DEL;SOUS DE PLATA;SOUS DE PLATA;11
CALLE;DE;SOUTELO DE MONTES;SOUTELO DE MONTES;18
AVENIDA;DE;STUYCK;STUYCK;5
CALLE;DE;SUANCES;SUANCES;13
CALLE;DE;SUAREZ GARCIA;SUÁREZ GARCÍA;20
CALLE;DE;SUCRE;SUCRE;16
CALLE;DE;SUECIA;SUECIA;20
CALLE;DEL;SUELDO;SUELDO;11
CALLE;DE;SUERO DE QUIÑONES;SUERO DE QUIÑONES;5
CAMINO;DE LA;SUERTE;SUERTE;18
CALLE;DE LAS;SUERTES DE LA VILLA;SUERTES DE LA VILLA;19
CALLE;DE LAS;SUERTES DE LA VILLA;SUERTES DE LA VILLA;19
PLAZA;DE LAS;SUFRAGISTAS;SUFRAGISTAS;17
CALLE;DE;SUINTILA;SUINTILA;11
PLAZA;DE LA;SUITE;SUITE;10
CALLE;DE;SUIZA;SUIZA;20
CALLE;DEL;SULFATO;SULFATO;17
RONDA;;SUR;SUR;13
RONDA;;SUR;SUR;15
AVENIDA;;SUR DEL AEROPUERTO DE BARAJAS;SUR DEL AEROPUERTO DE BARAJAS;21
PLAZA;DE;SURATA;SURATA;16
TRAVESÍA;DEL;SUSPIRO DEL MORO;SUSPIRO DEL MORO;13
CALLE;DE;TABARA;TABARA;20
CALLE;DE;TABATINGA;TABATINGA;20
CALLE;DE LAS;TABERNILLAS;TABERNILLAS;1
CALLE;DE;TABLADA;TABLADA;6
CALLE;DE;TABURIENTE;TABURIENTE;15
CALLE;DE;TACONERA;TACONERA;12
CALLE;DE LA;TAHONA;TAHONA;5
CALLE;DE LA;TAHONA DE LAS DESCALZAS;TAHONA DE LAS DESCALZAS;1
CALLE;DE;TAIVILLA;TAIVILLA;17
CALLE;DEL;TAJO;TAJO;5
CALLE;DE;TAJOS ALTOS;TAJOS ALTOS;13
CALLE;DEL;TAJUÑA;TAJUÑA;10
CALLE;DEL;TAJUÑA;TAJUÑA;10
CALLE;DEL;TAJUYA;TAJUYA;15
CALLE;DE;TALAMANCA DEL JARAMA;TALAMANCA DEL JARAMA;18
CALLE;DE;TALAMANCA DEL JARAMA;TALAMANCA DEL JARAMA;18
CALLE;DE;TALAVERA;TALAVERA;5
CALLE;DE;TALAYUELA;TALAYUELA;10
CALLE;DEL;TALBOT;TALBOT;12
CALLE;DEL;TALCO;TALCO;17
AVENIDA;DEL;TALGO;TALGO;9
CALLE;DE;TALIA;TALÍA;20
CALLE;DE;TALISIO;TALISIO;15
CAMINO;DE LOS;TALLERES;TALLERES;18
PASEO;DE LOS;TALLERES;TALLERES;17
PASEO;DE LOS;TALLERES;TALLERES;17
CALLE;DE LOS;TALLISTAS;TALLISTAS;20
CALLE;DE;TAMAJON;TAMAJÓN;9
CALLE;DE;TAMALAMEQUE;TAMALAMEQUE;16
CALLE;DEL;TAMARICE;TAMARICE;10
CALLE;DEL;TAMARINDO;TAMARINDO;2
CALLE;DE;TAMAYO Y BAUS;TAMAYO Y BAUS;1
CALLE;DEL;TAMBRE;TAMBRE;5
CALLE;DE;TAMINACA;TAMINACA;16
CALLE;DE;TAMPICO;TAMPICO;20
CALLE;DE;TANGER;TÁNGER;13
CALLE;DE;TANTALIS;TANTALIS;16
CALLE;DEL;TANTALO;TÁNTALO;17
CALLE;DE;TAORO;TAORO;15
CALLE;DE;TAPIA DE CASARIEGO;TAPIA DE CASARIEGO;9
CAMINO;DE LA;TAPIA DE EL PARDO;TAPIA DE EL PARDO;8
CARRETERA;DE LA;TAPIA DE LA CASA DE CAMPO;TAPIA DE LA CASA DE CAMPO;9
CARRETERA;DE LA;TAPIA DE LA CASA DE CAMPO;TAPIA DE LA CASA DE CAMPO;10
CAMINO;DE LA;TAPIA DE TIERRA;TAPIA DE TIERRA;8
CALLE;DE LA;TAPICERIA;TAPICERÍA;20
CALLE;DE LA;TAQUIGRAFIA;TAQUIGRAFÍA;20
CALLE;DE;TARAZONA;TARAZONA;10
CALLE;DE;TARDAJOS;TARDAJOS;8
CALLE;DE;TARDOBISPO;TARDOBISPO;20
CALLE;DE;TARIFA;TARIFA;11
PLAZA;DE;TARIFA;TARIFA;11
CALLE;DE;TARRAGONA;TARRAGONA;2
CALLE;DE;TARRASA;TARRASA;12
CALLE;DE;TAURO;TAURO;8
CALLE;DE;TAURO;TAURO;21
PLAZA;DE;TAUSTE;TAUSTE;10
CALLE;DE;TAVIRA;TAVIRA;11
CALLE;DEL;TE;TÉ;9
CALLE;DEL;TEATRO;TEATRO;9
PLAZA;DEL;TEATRO;TEATRO;2
CALLE;DE;TEBA;TEBA;12
PLAZA;DE LA;TECNOLOGIA;TECNOLOGÍA;13
CALLE;DE;TEGUCIGALPA;TEGUCIGALPA;20
CALLE;DEL;TEJADILLO;TEJADILLO;9
CAMINO;DEL;TEJAR;TEJAR;8
CAMINO;DEL;TEJAR;TEJAR;8
CALLE;DEL;TEJAR DE LA PASTORA;TEJAR DE LA PASTORA;13
CALLE;DE LOS;TEJARES;TEJARES;11
CALLE;DE LOS;TEJEDORES;TEJEDORES;20
CALLE;DEL;TEJO;TEJO;2
CALLE;DE LOS;TELARES;TELARES;20
CARRETERA;DEL;TELEFERICO;TELEFÉRICO;9
CALLE;DEL;TELEFERICO DE LAS CANTERAS;TELEFÉRICO DE LAS CANTERAS;19
CAMINO;DEL;TELEFONO;TELÉFONO;8
CALLE;DE LA;TELEGRAFIA;TELEGRAFÍA;11
CALLE;DE;TELEMACO;TELÉMACO;20
CALLE;DE;TELLEZ;TÉLLEZ;3
TRAVESÍA;DE;TELLEZ;TÉLLEZ;3
CALLE;DE;TEMBLEQUE;TEMBLEQUE;10
PLAZA;DE LOS;TEMPLARIOS;TEMPLARIOS;16
CALLE;DEL;TEMPLO;TEMPLO;14
CALLE;DE;TENERIFE;TENERIFE;6
CALLE;DEL;TENIENTE COMPAIRED;TENIENTE COMPAIRED;12
CALLE;DEL;TENIENTE CORONEL NOREÑA;TENIENTE CORONEL NOREÑA;2
PLAZA;DEL;TENIENTE DE ALCALDE PEREZ PILLADO;TENIENTE DE ALCALDE PÉREZ PILLADO;7
CALLE;DEL;TENIENTE GENERAL JOSE DE QUEROL LOMBARDERO;TENIENTE GENERAL JOSÉ DE QUEROL LOMBARDERO;10
CALLE;DEL;TENIENTE MUÑOZ DIAZ;TENIENTE MUÑOZ DÍAZ;13
CALLE;DEL;TENIENTE OCHOA OLALLA;TENIENTE OCHOA OLALLA;11
CALLE;DE;TEOBALDO;TEOBALDO;11
CALLE;DE;TEODOREDO;TEODOREDO;11
CALLE;DE;TEODORO DE ANASAGASTI Y ALGAN;TEODORO DE ANASAGASTI Y ALGÁN;19
CALLE;DE;TEODORO DE ANASAGASTI Y ALGAN;TEODORO DE ANASAGASTI Y ALGÁN;19
AVENIDA;;TERCERA;TERCERA;20
CALLE;;TERCERA;TERCERA;5
CALLE;DEL;TERCIO;TERCIO;11
PLAZUELA;DE;TERESA BERGANZA;TERESA BERGANZA;
CALLE;DE;TERESA CABARRUS;TERESA CABARRÚS;11
CALLE;DE;TERESA CLARAMUNT;TERESA CLARAMUNT;8
CALLE;DE;TERESA LOPEZ VALCARCEL;TERESA LÓPEZ VALCÁRCEL;2
CALLE;DE;TERESA MAROTO;TERESA MAROTO;13
CALLE;DE;TERESA OROZCO;TERESA OROZCO;9
CALLE;DE;TERESITA GONZALEZ QUEVEDO;TERESITA GONZÁLEZ QUEVEDO;6
CALLE;DE;TERESITA GONZALEZ QUEVEDO;TERESITA GONZÁLEZ QUEVEDO;6
CALLE;DE LA;TERNERA;TERNERA;1
CALLE;DE;TERRIENTE;TERRIENTE;17
CALLE;DE LA;TERTULIA;TERTULIA;17
CALLE;DE;TERUEL;TERUEL;6
CALLE;DE;TESEO;TESEO;20
CALLE;DEL;TESORO;TESORO;1
CALLE;DE;TETUAN;TETUÁN;1
CALLE;DE;TEUDIS;TEUDIS;11
CALLE;DE;THADER;THADER;11
CALLE;DEL;THALER;THALER;11
CALLE;DEL;TIBERIADES;TIBERÍADES;16
CALLE;DEL;TIBURON;TIBURÓN;12
CALLE;DE;TIEDRA;TIEDRA;18
PASAJE;DE;TIELMES;TIELMES;14
CALLE;DE;TIEMPOS MODERNOS;TIEMPOS MODERNOS;13
PASEO;DE;TIERRA DE MELIDE;TIERRA DE MELIDE;8
CALLE;DE LA;TIERRUCA;TIERRUCA;13
PASAJE;DE LA;TIERRUCA;TIERRUCA;13
CALLE;DEL;TIFON;TIFÓN;21
CALLE;DE;TIJOLA;TIJOLA;16
CALLE;DE;TIJUANA;TIJUANA;16
CALLE;DE LOS;TILOS;TILOS;5
PASEO;DE LOS;TILOS;TILOS;8
CALLE;DE;TIMANFAYA;TIMANFAYA;14
CALLE;DE LOS;TIMBALES;TIMBALES;10
CALLE;DE LOS;TIMBALES;TIMBALES;10
CALLE;DEL;TIMON;TIMÓN;21
CALLE;DE;TIMOTEO DOMINGO;TIMOTEO DOMINGO;15
CALLE;DE;TIMOTEO MARTIN;TIMOTEO MARTÍN;18
CALLE;DE;TIMOTEO PEREZ RUBIO;TIMOTEO PÉREZ RUBIO;13
CALLE;DE LA;TINAJA;TINAJA;9
CALLE;DE;TINAJO;TINAJO;15
CALLE;DEL;TINAMUS;TINAMÚS;11
CALLE;DE;TINEO;TINEO;18
CALLE;DE LAS;TINTAS;TINTAS;11
CALLE;DE;TINTIN Y MILU;TINTÍN Y MILÚ;21
CALLE;DE LOS;TINTOREROS;TINTOREROS;1
CALLE;DE LOS;TINTOREROS;TINTOREROS;1
CALLE;DE;TIRAJANA;TIRAJANA;15
CALLE;DE;TIRMA;TIRMA;15
CAMINO;DEL;TIRO;TIRO;19
CAMINO;DEL;TIRO;TIRO;19
PLAZA;DE;TIRSO DE MOLINA;TIRSO DE MOLINA;1
CALLE;DE;TIRVIA;TIRVIA;9
CALLE;DE;TISCAR;TISCAR;13
CALLE;DE;TITAN;TITÁN;2
CALLE;DE;TITANIA;TITANIA;15
CALLE;DE;TITANIA;TITANIA;16
CALLE;DEL;TITANIO;TITANIO;19
GLORIETA;DE LOS;TITERES;TÍTERES;3
GLORIETA;DE LOS;TITERES;TÍTERES;3
CALLE;DE;TITULCIA;TITULCIA;3
PLAZA;DE LAS;TIZAS;TIZAS;12
CALLE;DE;TIZIANO;TIZIANO;6
CALLE;DE;TOBAGO;TOBAGO;20
CALLE;DE;TOLEDO;TOLEDO;1
CALLE;DE;TOLEDO;TOLEDO;1
CALLE;DE;TOLEDO;TOLEDO;1
CALLE;DE;TOLEDO;TOLEDO;2
CALLE;DE;TOLEDO;TOLEDO;2
PUENTE;DE;TOLEDO;TOLEDO;2
PUENTE;DE;TOLEDO;TOLEDO;2
PUENTE;DE;TOLEDO;TOLEDO;11
PUENTE;DE;TOLEDO;TOLEDO;11
RONDA;DE;TOLEDO;TOLEDO;1
RONDA;DE;TOLEDO;TOLEDO;2
CALLE;DE LA;TOLERANCIA;TOLERANCIA;19
CALLE;DE;TOLIMA;TOLIMA;16
CALLE;DE;TOLOSA;TOLOSA;12
CALLE;DE;TOLU;TOLÚ;16
CALLE;DE;TOMAS APARICIO;TOMÁS APARICIO;16
CALLE;DE;TOMAS BORRAS;TOMÁS BORRÁS;2
CALLE;DE;TOMAS BRETON;TOMÁS BRETÓN;2
CALLE;DE;TOMAS ESTEBAN;TOMÁS ESTEBAN;13
CALLE;DE;TOMAS GARCIA;TOMÁS GARCÍA;13
CALLE;DE;TOMAS LEONOR;TOMÁS LEONOR;12
CALLE;DE;TOMAS LOPEZ;TOMÁS LÓPEZ;4
CALLE;DE;TOMAS MEABE;TOMÁS MEABE;11
CALLE;DE;TOMAS MEABE;TOMÁS MEABE;11
CALLE;DE;TOMAS REDONDO;TOMÁS REDONDO;16
CALLE;DE;TOMAS REDONDO;TOMÁS REDONDO;16
CALLE;DE;TOMAS SANZ;TOMÁS SANZ;9
CALLE;DE;TOMASA RUIZ;TOMASA RUIZ;11
CAMINO;DE LOS;TOMATEROS;TOMATEROS;18
CALLE;DE;TOMELLOSO;TOMELLOSO;12
CALLE;DEL;TOMILLAR;TOMILLAR;21
CALLE;DEL;TOMILLO;TOMILLO;9
PASAJE;DE;TONY LEBLANC;TONY LEBLANC;1
CALLE;DEL;TOPACIO;TOPACIO;17
CALLE;DE;TOPETE;TOPETE;6
CALLE;DE;TOQUES;TOQUES;8
CALLE;DEL;TORCAL;TORCAL;12
PLAZA;DE;TORCUATO FERNANDEZ MIRANDA;TORCUATO FERNÁNDEZ MIRANDA;8
PLAZA;DE;TORCUATO FERNANDEZ MIRANDA;TORCUATO FERNÁNDEZ MIRANDA;8
CALLE;DE;TORDEGRILLOS;TORDEGRILLOS;17
TRAVESÍA;DE;TORDEGRILLOS;TORDEGRILLOS;17
CALLE;DE;TORDESILLAS;TORDESILLAS;11
CALLE;DEL;TORDO;TORDO;11
CALLE;DE;TORDOMAR;TORDOMAR;16
CALLE;DE;TORENO;TORENO;16
CALLE;DEL;TORERO;TORERO;12
AVENIDA;DE LOS;TOREROS;TOREROS;4
CALLE;DE;TORIJA;TORIJA;1
CALLE;DEL;TORMES;TORMES;5
CALLE;DEL;TORNADO;TORNADO;21
CALLE;DE LA;TORNILLERIA;TORNILLERÍA;20
CALLE;DEL;TORO;TORO;1
CALLE;DE LA;TORONGA;TORONGA;16
RONDA;DE LOS;TOROS;TOROS;9
CALLE;DE;TORPEDERO TUCUMAN;TORPEDERO TUCUMÁN;5
CALLE;DE;TORQUEMADA;TORQUEMADA;16
CALLE;DE LA;TORRE;TORRE;9
CAMINO;DE LA;TORRE;TORRE;9
CAMINO;DE LA;TORRE;TORRE;9
CALLE;DE;TORRE ARIAS;TORRE ARIAS;20
CALLE;DE;TORRE DE DON MIGUEL;TORRE DE DON MIGUEL;18
CALLE;DE;TORRE DE JUAN ABAD;TORRE DE JUAN ABAD;18
PLAZA;DE LA;TORRE DEL ORO;TORRE DEL ORO;12
CALLE;DE;TORREADRADA;TORREADRADA;9
CALLE;DE;TORREBELEÑA;TORREBELEÑA;8
CAMINO;DE LA;TORRECILLA;TORRECILLA;18
PASEO;DE LA;TORRECILLA;TORRECILLA;9
CALLE;DE LA;TORRECILLA DEL LEAL;TORRECILLA DEL LEAL;1
CALLE;DE LA;TORRECILLA DEL PUERTO;TORRECILLA DEL PUERTO;15
CALLE;DE;TORREDONJIMENO;TORREDONJIMENO;18
CALLE;DE;TORREGALINDO;TORREGALINDO;5
CALLE;DE;TORREGROSA;TORREGROSA;16
CALLE;DE;TORREJON DE LA CALZADA;TORREJÓN DE LA CALZADA;19
CALLE;DE;TORRELAGUNA;TORRELAGUNA;15
CALLE;DE;TORRELAGUNA;TORRELAGUNA;15
CALLE;DE;TORRELAGUNA;TORRELAGUNA;15
CAMINO;DE;TORRELAPARADA;TORRELAPARADA;8
CARRETERA;DE;TORRELAPARADA;TORRELAPARADA;8
CARRETERA;DE;TORRELAPARADA;TORRELAPARADA;8
CALLE;DE;TORRELARA;TORRELARA;5
PLAZA;DE;TORRELODONES;TORRELODONES;5
CARRETERA;DE;TORRELODONES A EL PARDO POR NAVACHESCAS;TORRELODONES A EL PARDO POR NAVACHESCAS;8
CALLE;DE;TORREMOLINOS;TORREMOLINOS;13
CALLE;DE;TORREPEROGIL;TORREPEROGIL;13
CALLE;DE;TORRES;TORRES;6
CALLE;DE;TORRES MIRANDA;TORRES MIRANDA;2
CALLE;DE;TORRESANDINO;TORRESANDINO;16
CALLE;DE;TORREVIEJA;TORREVIEJA;17
CALLE;DE;TORRIJOS;TORRIJOS;6
CALLE;DE;TORROX;TORROX;12
CALLE;DE LA;TORTA;TORTA;11
CALLE;DE;TORTAJADA;TORTAJADA;17
CALLE;DE LA;TORTOLA;TÓRTOLA;11
CALLE;DE;TORTOSA;TORTOSA;2
PASAJE;DE;TORTOSA;TORTOSA;2
CALLE;DE;TOSCANA;TOSCANA;20
CALLE;DE;TOSSA;TOSSA;13
CALLE;DE;TOTANA;TOTANA;16
CALLE;DE;TOTANES;TOTANES;17
CALLE;DE LA;TOTUMA;TOTUMA;16
CALLE;DE;TRACIA;TRACIA;20
CALLE;DE;TRAFALGAR;TRAFALGAR;7
AVENIDA;DE;TRAJANO;TRAJANO;9
CALLE;DE LA;TRAMONTANA;TRAMONTANA;21
CALLE;DE;TRANSMONTE;TRANSMONTE;20
CALLE;;TRANSVERSAL;TRANSVERSAL;5
CALLE;;TRANSVERSAL CUARTA;TRANSVERSAL CUARTA;17
CALLE;;TRANSVERSAL PRIMERA;TRANSVERSAL PRIMERA;17
CALLE;;TRANSVERSAL QUINTA;TRANSVERSAL QUINTA;17
CALLE;;TRANSVERSAL SEGUNDA;TRANSVERSAL SEGUNDA;17
CALLE;;TRANSVERSAL SEXTA;TRANSVERSAL SEXTA;17
CALLE;;TRANSVERSAL TERCERA;TRANSVERSAL TERCERA;17
CALLE;DEL;TRANVIA;TRANVÍA;9
CALLE;DEL;TRANVIA A LAS CANTERAS DE MONTE VIEJO;TRANVÍA A LAS CANTERAS DE MONTE VIEJO;18
CALLE;DEL;TRANVIA BLANCO;TRANVÍA BLANCO;13
CALLE;DEL;TRANVIA DE ARGANDA;TRANVÍA DE ARGANDA;13
CALLE;DE LA;TRAVIESA;TRAVIESA;1
CALLE;DEL;TREBOL;TRÉBOL;6
CALLE;;TRECE MERCAMADRID;TRECE MERCAMADRID;18
AVENIDA;DE LAS;TRECE ROSAS;TRECE ROSAS;15
CALLE;DE;TREFACIO;TREFACIO;16
CALLE;DE LA;TREFILERIA;TREFILERÍA;20
CALLE;DEL;TREMIS;TREMIS;11
CALLE;DE;TREMP;TREMP;9
RONDA;DEL;TREN;TREN;9
CALLE;DEL;TREN DE ARGANDA;TREN DE ARGANDA;19
CALLE;DE;TREN OBRERO;TREN OBRERO;17
CALLE;DE;TREN OBRERO;TREN OBRERO;17
CALLE;DE;TREN OBRERO;TREN OBRERO;17
CALLE;DE;TREN OBRERO;TREN OBRERO;17
CALLE;DEL;TRENTIN;TRENTÍN;11
CALLE;;TRES;TRES;20
CALLE;DE LOS;TRES CANTOS;TRES CANTOS;19
CALLE;DE LAS;TRES CRUCES;TRES CRUCES;1
PLAZA;DE LAS;TRES ESQUINAS;TRES ESQUINAS;21
CALLE;;TRES MERCAMADRID;TRES MERCAMADRID;18
PLAZA;DE LOS;TRES OLIVOS;TRES OLIVOS;8
CALLE;DE LOS;TRES PECES;TRES PECES;1
CALLE;DE LA;TRESETA;TRESETA;11
CALLE;DE;TRESPADERNE;TRESPADERNE;21
CALLE;DE;TREVELEZ;TREVÉLEZ;12
CALLE;DE;TREVIANA;TREVIANA;15
CALLE;DE;TREVIÑO;TREVIÑO;7
CALLE;DE;TRIACASTELA;TRIACASTELA;8
CALLE;DE;TRIANA;TRIANA;5
TRAVESÍA;DE;TRIANA;TRIANA;10
CALLE;DE;TRIBALDOS;TRIBALDOS;16
CALLE;DEL;TRIBULETE;TRIBULETE;1
TRAVESÍA;DE;TRIFON PEDRERO;TRIFÓN PEDRERO;11
CALLE;DE;TRILLO;TRILLO;17
COSTANILLA;DE LAS;TRINITARIAS;TRINITARIAS;1
CALLE;DEL;TRINQUETE;TRINQUETE;16
CALLE;DE;TRIQUET;TRIQUET;3
CALLE;DE;TRISTANA;TRISTANA;13
CALLE;DEL;TRITON;TRITÓN;15
CALLE;DEL;TRIUNFO;TRIUNFO;10
CALLE;DEL;TROLE;TROLE;13
CALLE;DE LOS;TROMBONES;TROMBONES;10
CALLE;DE LAS;TROMPAS;TROMPAS;10
CALLE;DE LAS;TROMPETAS;TROMPETAS;10
CALLE;DE;TRONES;TRONES;10
CALLE;DEL;TROPICO;TRÓPICO;21
CALLE;DE;TROYA;TROYA;20
AVENIDA;DE;TRUEBA;TRUEBA;15
AVENIDA;DE;TRUEBA;TRUEBA;15
CALLE;DE;TRUEBA;TRUEBA;3
CALLE;DE;TRUEBA Y FERNANDEZ;TRUEBA Y FERNÁNDEZ;5
CALLE;DE;TRUJILLOS;TRUJILLOS;1
TRAVESÍA;DE LOS;TRUJILLOS;TRUJILLOS;1
CALLE;DE LAS;TUBAS;TUBAS;10
PLAZA;DE;TUBILLA;TUBILLA;8
CALLE;DEL;TUCAN;TUCÁN;11
CALLE;DE;TUCURINCA;TUCURINCA;16
CALLE;DE;TUDELA DE DUERO;TUDELA DE DUERO;16
CALLE;DE;TUDELILLA;TUDELILLA;6
CALLE;DE LOS;TUDESCOS;TUDESCOS;1
CALLE;DE;TULGA;TULGA;11
CALLE;DEL;TULIPAN;TULIPÁN;5
CALLE;DEL;TULIPERO;TULÍPERO;11
CALLE;DE;TUMACO;TUMACO;20
CALLE;DE;TUNAIMA;TUNAIMA;16
CALLE;DE;TUNEZ;TÚNEZ;14
CALLE;DE;TUNJA;TUNJA;16
CALLE;DEL;TURACO;TURACO;10
CALLE;DE LA;TURBA;TURBA;17
CALLE;DE;TURBACO;TURBACO;16
CALLE;DE;TUREGANO;TURÉGANO;9
CALLE;DEL;TURIA;TURIA;5
CALLE;DE;TURIN;TURÍN;21
CALLE;DE;TURISMUNDO;TURISMUNDO;10
CALLE;DE LA;TURMALINA;TURMALINA;2
PLAZUELA;DEL;TURNO DE OFICIO;TURNO DE OFICIO;
CALLE;DE LA;TURQUESA;TURQUESA;17
CALLE;DEL;TUTOR;TUTOR;9
PLAZA;DE;TUY;TUY;8
CALLE;DE LA;TUYA;TUYA;12
CALLE;DE;UBEDA;ÚBEDA;8
CALLE;DE;UBEDA;ÚBEDA;8
CALLE;DE;UBRIQUE;UBRIQUE;16
CALLE;DE;UCEDA;UCEDA;13
CALLE;DE;UGENA;UGENA;11
CALLE;DE;ULISES;ULISES;15
CALLE;DE;ULISES;ULISES;15
CALLE;DE;ULISES;ULISES;16
CALLE;DE;ULPIANA BENITO;ULPIANA BENITO;6
CALLE;DE LA;UMBRIA;UMBRÍA;16
CALLE;DE LA;UNANIMIDAD;UNANIMIDAD;17
CALLE;DE;UNCASTILLO;UNCASTILLO;19
CALLE;;UNDECIMA;UNDÉCIMA;5
CALLE;;UNICA;ÚNICA;10
CALLE;DEL;UNICORNIO;UNICORNIO;9
CALLE;DE LA;UNIDAD;UNIDAD;12
CALLE;DE LA;UNION;UNIÓN;1
PLAZA;DE LA;UNION CARCAVAS-SAN ANTONIO;UNIÓN CÁRCAVAS-SAN ANTONIO;16
CALLE;DE LA;UNIVERSIDAD DE ALCALA DE HENARES;UNIVERSIDAD DE ALCALÁ DE HENARES;10
CALLE;DE LA;UNIVERSIDAD DE ALCALA DE HENARES;UNIVERSIDAD DE ALCALÁ DE HENARES;11
CALLE;DE LA;UNIVERSIDAD DE COMILLAS;UNIVERSIDAD DE COMILLAS;8
CALLE;DE LA;UNIVERSIDAD DE COMILLAS;UNIVERSIDAD DE COMILLAS;8
CALLE;;UNO;UNO;20
CALLE;;UNO MERCAMADRID;UNO MERCAMADRID;18
CALLE;DEL;URANIO;URANIO;17
CALLE;DE;URANO;URANO;21
CALLE;DE;URBANO MARTIN;URBANO MARTÍN;13
CALLE;DE;URGEL;URGEL;11
CALLE;DE;URIA;URÍA;16
TRAVESÍA;DE;URIA;URÍA;16
CALLE;DEL;UROGALLO;UROGALLO;11
CALLE;DEL;UROLA;UROLA;5
CALLE;DE;URUGUAY;URUGUAY;5
PASEO;DE;URUGUAY;URUGUAY;3
CALLE;DEL;URUMEA;URUMEA;5
CALLE;DE;USIACURI;USIACURI;16
CALLE;DE;UTEBO;UTEBO;11
CALLE;DE;UTRILLAS;UTRILLAS;16
CALLE;DEL;VADO;VADO;12
CALLE;DEL;VADO DE SANTA CATALINA;VADO DE SANTA CATALINA;2
CALLE;DEL;VADO DE SANTA CATALINA;VADO DE SANTA CATALINA;2
CALLE;DEL;VADO DE SANTIAGO;VADO DE SANTIAGO;17
PASEO;DE LA;VAGUADA;VAGUADA;8
CALLE;DE;VAINILLA;VAINILLA;10
CALLE;DE;VALCARLOS;VALCARLOS;8
CALLE;DE;VALCOTOS;VALCOTOS;9
CAMINO;DE;VALDEALCALA;VALDEALCALÁ;8
CALLE;DE;VALDEBERNARDO;VALDEBERNARDO;14
CALLE;DE;VALDECALERAS;VALDECALERAS;16
CALLE;DE;VALDECANILLAS;VALDECANILLAS;20
CAMINO;DE;VALDECARROS;VALDECARROS;18
CAMINO;DE;VALDECERBERO;VALDECERBERO;8
CAMINO;DE;VALDECULEBRA;VALDECULEBRA;18
AVENIDA;DE;VALDECULEBRAS;VALDECULEBRAS;18
AVENIDA;DE;VALDECULEBRAS;VALDECULEBRAS;18
CALLE;DE;VALDEGOVIA;VALDEGOVIA;8
CAMINO;DE;VALDEGRULLA;VALDEGRULLA;8
CAMINO;DE;VALDEHERREROS;VALDEHERREROS;8
CAMINO;DE;VALDEHIGUERA;VALDEHIGUERA;16
CALLE;DE;VALDELAGUNA;VALDELAGUNA;2
CALLE;DE;VALDELAMASA;VALDELAMASA;5
CALLE;DE;VALDELAMASA;VALDELAMASA;8
CAMINO;DE;VALDELAMASA;VALDELAMASA;8
CAMINO;DE;VALDELAMASA A RASO DEL PATATAR;VALDELAMASA A RASO DEL PATATAR;8
CAMINO;DE;VALDELAMASA A VALDEALCALA;VALDELAMASA A VALDEALCALÁ;8
CALLE;DE;VALDELASIERRA;VALDELASIERRA;2
CALLE;DE;VALDELINARES;VALDELINARES;9
PASAJE;DE;VALDEMAQUEDA;VALDEMAQUEDA;5
AVENIDA;DE;VALDEMARIN;VALDEMARÍN;9
AVENIDA;DE;VALDEMARIN;VALDEMARÍN;9
CARRETERA;DE;VALDEMINGOMEZ;VALDEMINGÓMEZ;18
CALLE;DE;VALDEMORILLO;VALDEMORILLO;2
CAMINO;DE;VALDEPAJARES;VALDEPAJARES;21
CALLE;DE;VALDEPEÑAS;VALDEPEÑAS;9
GLORIETA;DE;VALDEPERDICES;VALDEPERDICES;18
CALLE;DE;VALDERADUEY;VALDERADUEY;9
CALLE;DE;VALDERREBOLLO;VALDERREBOLLO;18
CALLE;DE;VALDERREBOLLO;VALDERREBOLLO;18
CALLE;DE;VALDERREY;VALDERREY;9
CALLE;DE;VALDERRIBAS;VALDERRIBAS;3
CALLE;DE;VALDERRIBAS;VALDERRIBAS;3
CAMINO;DE;VALDERRIBAS;VALDERRIBAS;13
CAMINO;DE;VALDERRIBAS;VALDERRIBAS;13
COLONIA;DE;VALDERRIVAS;VALDERRIVAS;
CALLE;DE;VALDERROBRES;VALDERROBRES;20
CALLE;DE;VALDERROBRES;VALDERROBRES;20
CALLE;DE;VALDERRODRIGO;VALDERRODRIGO;9
CALLE;DE;VALDERROMAN;VALDERROMÁN;9
CALLE;DE;VALDESANGIL;VALDESANGIL;9
CALLE;DE;VALDESAZ;VALDESAZ;18
CALLE;DE;VALDESPINA;VALDESPINA;16
CALLE;DE;VALDESQUI;VALDESQUÍ;9
CALLE;DE;VALDETORRES DE JARAMA;VALDETORRES DE JARAMA;16
CALLE;DE;VALDEVARNES;VALDEVARNES;9
CALLE;DE;VALDEVERDEJA;VALDEVERDEJA;9
CALLE;DE;VALDEYEROS;VALDEYEROS;8
CAMINO;DE;VALDEZA;VALDEZA;9
CALLE;DE;VALDEZCARAY;VALDEZCARAY;9
PASAJE;DE;VALDILECHA;VALDILECHA;14
CALLE;DE;VALDIVIESO;VALDIVIESO;9
CALLE;DE;VALDOVIN;VALDOVÍN;5
CALLE;DE;VALENCIA;VALENCIA;1
RONDA;DE;VALENCIA;VALENCIA;1
RONDA;DE;VALENCIA;VALENCIA;2
CALLE;DE;VALENCIA DE DON JUAN;VALENCIA DE DON JUAN;5
CALLE;DE;VALENCIA DE DON JUAN;VALENCIA DE DON JUAN;8
CALLE;DE;VALENTIN AGUIRRE;VALENTÍN AGUIRRE;15
CALLE;DE;VALENTIN BEATO;VALENTÍN BEATO;20
CALLE;DE;VALENTIN LLAGUNO;VALENTÍN LLAGUNO;11
CALLE;DE;VALENTIN SAN NARCISO;VALENTÍN SAN NARCISO;13
CALLE;DE;VALENTIN SERRANO;VALENTÍN SERRANO;8
CALLE;DE;VALENTINA MORALES;VALENTINA MORALES;16
CALLE;DE;VALENZUELA;VALENZUELA;3
CALLE;DE;VALERIA;VALERIA;3
CALLE;DE LA;VALERIANA;VALERIANA;11
CALLE;DE;VALGAME DIOS;VÁLGAME DIOS;1
CALLE;DE;VALHONDO;VALHONDO;21
CAMINO;DE;VALJAROSO;VALJAROSO;8
AVENIDA;DE;VALLADOLID;VALLADOLID;9
AVENIDA;DE;VALLADOLID;VALLADOLID;21
CALLE;DE;VALLANDES;VALLANDES;12
CALLE;DE;VALLDEMOSA;VALLDEMOSA;9
AVENIDA;DEL;VALLE;VALLE;7
CALLE;DEL;VALLE DE ANSO;VALLE DE ANSÓ;9
CALLE;DEL;VALLE DE AÑISCLO;VALLE DE AÑISCLO;9
CALLE;DEL;VALLE DE AÑISCLO;VALLE DE AÑISCLO;9
CALLE;DEL;VALLE DE ARAN;VALLE DE ARÁN;9
GLORIETA;DEL;VALLE DE ARCE;VALLE DE ARCE;8
GLORIETA;DEL;VALLE DE ARCE;VALLE DE ARCE;9
CALLE;DEL;VALLE DE BELAGUA;VALLE DE BELAGUA;9
CALLE;DEL;VALLE DE BERGANTIÑOS;VALLE DE BERGANTIÑOS;9
CALLE;DEL;VALLE DE CACHEMIRA;VALLE DE CACHEMIRA;9
CALLE;DEL;VALLE DE CARDOS;VALLE DE CARDOS;9
CALLE;DEL;VALLE DE ENMEDIO;VALLE DE ENMEDIO;8
CALLE;DEL;VALLE DE LA FUENFRIA;VALLE DE LA FUENFRÍA;8
PLAZA;DEL;VALLE DE LA JAROSA;VALLE DE LA JAROSA;8
CAMINO;DEL;VALLE DE LA TORRE A CASA QUERADA;VALLE DE LA TORRE A CASA QUERADA;8
CAMINO;DEL;VALLE DE LA TORRE A CASA QUERADA;VALLE DE LA TORRE A CASA QUERADA;8
CALLE;DEL;VALLE DE LACIANA;VALLE DE LACIANA;8
CAMINO;DEL;VALLE DE LOS INOCENTES;VALLE DE LOS INOCENTES;8
CAMINO;DEL;VALLE DE LOS LECHEROS;VALLE DE LOS LECHEROS;8
CALLE;DEL;VALLE DE MENA;VALLE DE MENA;8
CALLE;DEL;VALLE DE MENA;VALLE DE MENA;9
CALLE;DEL;VALLE DE ORDESA;VALLE DE ORDESA;9
CALLE;DEL;VALLE DE ORDESA;VALLE DE ORDESA;9
CALLE;DE;VALLE DE ORO;VALLE DE ORO;11
GLORIETA;DE;VALLE DE ORO;VALLE DE ORO;11
PASAJE;DE;VALLE DE ORO;VALLE DE ORO;11
PLAZA;DE;VALLE DE ORO;VALLE DE ORO;11
CALLE;DEL;VALLE DE PAS;VALLE DE PAS;9
CALLE;DEL;VALLE DE PINARES LLANOS;VALLE DE PINARES LLANOS;8
CALLE;DEL;VALLE DE PINARES LLANOS;VALLE DE PINARES LLANOS;8
CALLE;DEL;VALLE DE PINETA;VALLE DE PINETA;9
CALLE;DEL;VALLE DE PINETA;VALLE DE PINETA;9
CALLE;DEL;VALLE DE TENA;VALLE DE TENA;9
CALLE;DE;VALLE DE TOBALINA;VALLE DE TOBALINA;17
CALLE;DEL;VALLE DE TORANZO;VALLE DE TORANZO;9
CAMINO;DEL;VALLE DEL AGUILA;VALLE DEL ÁGUILA;8
CALLE;DEL;VALLE DEL BAZTAN;VALLE DEL BAZTÁN;9
CALLE;DEL;VALLE DEL BOI;VALLE DEL BOÍ;10
CAMINO;DEL;VALLE DEL MAGO;VALLE DEL MAGO;8
CALLE;DEL;VALLE DEL SILENCIO;VALLE DEL SILENCIO;9
CAMINO;DEL;VALLE GRANDE;VALLE GRANDE;8
CALLE;DE;VALLE GUERRA;VALLE GUERRA;15
CALLE;DE;VALLE INCLAN;VALLE INCLÁN;10
CAMINO;DE;VALLE PUENTES;VALLE PUENTES;9
CAMINO;DE;VALLE PUENTES;VALLE PUENTES;9
CAMINO;DEL;VALLE TOCON;VALLE TOCÓN;8
CAMINO;DE;VALLECAS A MEJORADA DEL CAMPO;VALLECAS A MEJORADA DEL CAMPO;19
CAMINO;DE;VALLECAS A PERALES DEL RIO;VALLECAS A PERALES DEL RÍO;18
CALLE;DE;VALLEHERMOSO;VALLEHERMOSO;7
CALLE;DE;VALLEHERMOSO;VALLEHERMOSO;7
GALERÍA;;VALLEHERMOSO;VALLEHERMOSO;7
CALLE;DE;VALLICIERGO;VALLICIERGO;1
CALLE;DE;VALLS FERRERA;VALLS FERRERA;9
CALLE;DE;VALLTER;VALLTER;9
CALLE;DE;VALMAYOR;VALMAYOR;11
CALLE;DE;VALMOJADO;VALMOJADO;10
CALLE;DE;VALONIA;VALONIA;14
CALLE;DE;VALORES;VALORES;3
CAMINO;DE;VALPALOMERO;VALPALOMERO;8
PLAZA;DE;VALPARAISO;VALPARAÍSO;5
PLAZA;DE;VALSAIN;VALSAÍN;15
CAMINO;DE;VALTOMELLOSO A BALOTE;VALTOMELLOSO A BALOTE;8
CALLE;DE;VALTRAVIESO;VALTRAVIESO;9
PLAZA;DE;VALVANERA;VALVANERA;15
CALLE;DE;VALVANUZ;VALVANUZ;16
CALLE;DE;VALVERDE;VALVERDE;1
CAMINO;DE;VALVERDE;VALVERDE;8
CAMINO;DE;VALVERDE;VALVERDE;11
PASAJE;DE;VALVERDE DE ALCALA;VALVERDE DE ALCALÁ;5
CALLE;DE;VALVERDE DE LA VIRGEN;VALVERDE DE LA VIRGEN;16
CAMINO;DE;VALVIEJO;VALVIEJO;8
CALLE;DE;VANDERGOTEN;VANDERGOTEN;3
CALLE;DE LAS;VAQUERIAS;VAQUERÍAS;3
CALLE;DE;VARA DE REY;VARA DE REY;2
CALLE;DE;VARA DE REY;VARA DE REY;2
CALLE;DE;VARGAS;VARGAS;7
CALLE;DE;VARGAS HEREDIA;VARGAS HEREDIA;17
CALLE;DE;VARSOVIA;VARSOVIA;9
CAMINO;DE;VASARES;VASARES;18
CAMINO;DE;VASARES;VASARES;18
CAMINO;DE;VASARES;VASARES;19
AVENIDA;DE LAS;VASCONGADAS;VASCONGADAS;9
CALLE;DE LOS;VASCOS;VASCOS;9
CALLE;DE;VAZQUEZ DE MELLA;VÁZQUEZ DE MELLA;15
TRAVESÍA;DE;VAZQUEZ DE MELLA;VÁZQUEZ DE MELLA;15
CALLE;DE LOS;VECINOS DEL POZO;VECINOS DEL POZO;13
CALLE;DE;VEDIA;VEDIA;4
CALLE;DE;VEDRA;VEDRA;13
CUESTA;DE LA;VEGA;VEGA;1
CALLE;DE;VEGA DE PAS;VEGA DE PAS;13
CALLE;DE;VEGAFRIA;VEGAFRÍA;8
CALLE;DE LOS;VEGETALES;VEGETALES;20
CALLE;;VEINTE MERCAMADRID;VEINTE MERCAMADRID;18
AVENIDA;DEL;VEINTICINCO DE SEPTIEMBRE;VEINTICINCO DE SEPTIEMBRE;20
CALLE;;VEINTICINCO MERCAMADRID;VEINTICINCO MERCAMADRID;18
CALLE;;VEINTICUATRO MERCAMADRID;VEINTICUATRO MERCAMADRID;18
CALLE;;VEINTIDOS MERCAMADRID;VEINTIDÓS MERCAMADRID;18
CALLE;;VEINTINUEVE MERCAMADRID;VEINTINUEVE MERCAMADRID;18
CALLE;;VEINTISEIS MERCAMADRID;VEINTISÉIS MERCAMADRID;18
CALLE;;VEINTISIETE MERCAMADRID;VEINTISIETE MERCAMADRID;18
CALLE;;VEINTITRES MERCAMADRID;VEINTITRÉS MERCAMADRID;18
CALLE;;VEINTIUNO MERCAMADRID;VEINTIUNO MERCAMADRID;18
CALLE;DEL;VELACHO ALTO;VELACHO ALTO;16
CALLE;DEL;VELACHO BAJO;VELACHO BAJO;16
CAMINO;DE LA;VELADA;VELADA;8
CALLE;DE;VELARDE;VELARDE;1
CALLE;DE;VELAYOS;VELAYOS;9
CALLE;DE;VELAZQUEZ;VELÁZQUEZ;4
CALLE;DE;VELAZQUEZ;VELÁZQUEZ;4
CALLE;DE;VELAZQUEZ;VELÁZQUEZ;5
CALLE;DEL;VELERO;VELERO;21
CALLE;DE LA;VELETA;VELETA;9
CALLE;DE;VELEZ BLANCO;VÉLEZ BLANCO;16
CALLE;DE;VELEZ MALAGA;VÉLEZ MÁLAGA;13
CALLE;DE;VELEZ RUBIO;VÉLEZ RUBIO;16
CALLE;DE;VELILLA;VELILLA;19
GLORIETA;DE LA;VELLOSILLA;VELLOSILLA;10
CALLE;DE;VENANCIO MARTIN;VENANCIO MARTÍN;13
CALLE;DEL;VENCEJO;VENCEJO;11
PLAZA;DEL;VENDIMIADOR;VENDIMIADOR;11
PLAZA;DE;VENECIA;VENECIA;4
CALLE;DE LAS;VENERAS;VENERAS;1
PASEO;DE;VENEZUELA;VENEZUELA;3
PASEO;DE LA;VENTA;VENTA;9
CALLE;DE LA;VENTA DE LA HIGUERA;VENTA DE LA HIGUERA;13
CARRETERA;DE LA;VENTA DE LA RUBIA;VENTA DE LA RUBIA;10
CAMINO;DE LA;VENTA DEL PAJARO;VENTA DEL PÁJARO;13
CALLE;DE LA;VENTA VIEJA;VENTA VIEJA;9
CALLE;DE LAS;VENTAS;VENTAS;15
AVENIDA;DEL;VENTISQUERO DE LA CONDESA;VENTISQUERO DE LA CONDESA;8
AVENIDA;DEL;VENTISQUERO DE LA CONDESA;VENTISQUERO DE LA CONDESA;8
CALLE;DEL;VENTORRILLO;VENTORRILLO;1
CALLE;DE LA;VENTOSA;VENTOSA;1
CALLE;DE;VENTURA DE LA VEGA;VENTURA DE LA VEGA;1
CALLE;DE;VENTURA DIAZ BERNARDO;VENTURA DÍAZ BERNARDO;11
CALLE;DE;VENTURA RODRIGUEZ;VENTURA RODRÍGUEZ;9
CALLE;DE;VENTURADA;VENTURADA;20
CALLE;DE;VENTURADA;VENTURADA;20
CALLE;DE;VENUS;VENUS;21
CALLE;DE;VERACRUZ;VERACRUZ;5
PLAZA;DEL;VERANO;VERANO;20
CALLE;DE LA;VERDAD;VERDAD;11
CALLE;DE;VERDAGUER Y GARCIA;VERDAGUER Y GARCÍA;15
CALLE;DE;VERDE VIENTO;VERDE VIENTO;17
CALLE;DE LA;VERDOLAGA;VERDOLAGA;10
CALLE;DE LA;VEREDA;VEREDA;15
CALLE;DE LA;VEREDA DE LA CEBOLLA;VEREDA DE LA CEBOLLA;19
CAMINO;;VEREDA DE LA DESUELTA;VEREDA DE LA DESUELTA;8
CAMINO;DE LA;VEREDA DE LA TORRE;VEREDA DE LA TORRE;8
CAMINO;DE LA;VEREDA DE LA ZANJA;VEREDA DE LA ZANJA;21
CALLE;DE LA;VEREDA DEL CARMEN;VEREDA DEL CARMEN;15
CALLE;DE LA;VEREDA DEL PINAR;VEREDA DEL PINAR;19
CALLE;DE;VERGARA;VERGARA;1
PLAZA;DE;VERIN;VERÍN;8
CALLE;DE LA;VERJA;VERJA;12
TRAVESÍA;DE LA;VERJA;VERJA;12
CALLE;DE;VERONA;VERONA;14
CALLE;DE LA;VERONICA;VERÓNICA;1
CALLE;DE;VERSALLES;VERSALLES;20
CAMINO;DEL;VERTEDERO DE LA CHINA;VERTEDERO DE LA CHINA;18
CALLE;DE LA;VERTIENTE;VERTIENTE;15
CALLE;DEL;VESUBIO;VESUBIO;13
CALLE;DE LA;VEZA;VEZA;6
CALLE;DE LA;VIA;VÍA;11
CALLE;;VIA CARPETANA;VÍA CARPETANA;10
CALLE;;VIA CARPETANA;VÍA CARPETANA;10
CALLE;;VIA CARPETANA;VÍA CARPETANA;11
CALLE;;VIA CARPETANA;VÍA CARPETANA;11
CALLE;;VIA DE DUBLIN;VÍA DE DUBLÍN;16
CALLE;;VIA DE DUBLIN;VÍA DE DUBLÍN;21
CARRETERA;;VIA DE LAS DOS CASTILLAS;VÍA DE LAS DOS CASTILLAS;9
CARRETERA;;VIA DE LAS DOS CASTILLAS;VÍA DE LAS DOS CASTILLAS;9
CARRETERA;;VIA DE LAS DOS CASTILLAS;VÍA DE LAS DOS CASTILLAS;9
CALLE;;VIA DE LOS POBLADOS;VÍA DE LOS POBLADOS;16
CALLE;DE LA;VIA LACTEA;VÍA LÁCTEA;9
CALLE;DE LA;VIA LIMITE;VÍA LÍMITE;6
CALLE;;VIA LUSITANA;VÍA LUSITANA;11
CALLE;;VIA LUSITANA;VÍA LUSITANA;11
PASEO;DE LA;VIA VERDE DE LA GASOLINA;VÍA VERDE DE LA GASOLINA;20
PASEO;DE LA;VIA VERDE DE LA GASOLINA;VÍA VERDE DE LA GASOLINA;21
CALLE;DE;VIANA;VIANA;11
CALLE;DE;VIAR;VIAR;9
PLAZA;DE LA;VICALVARADA;VICÁLVARADA;19
CALLE;DE;VICALVARO;VICÁLVARO;4
CALLEJÓN;DE;VICALVARO;VICÁLVARO;21
CARRETERA;DE;VICALVARO A COSLADA;VICÁLVARO A COSLADA;19
CARRETERA;DE;VICALVARO A COSLADA;VICÁLVARO A COSLADA;19
CARRETERA;DE;VICALVARO A COSLADA;VICÁLVARO A COSLADA;20
CARRETERA;DE;VICALVARO A LA ESTACION DE O'DONNELL;VICÁLVARO A LA ESTACIÓN DE O'DONNELL;19
CARRETERA;DE;VICALVARO A LA ESTACION DE O'DONNELL;VICÁLVARO A LA ESTACIÓN DE O'DONNELL;20
CARRETERA;DE;VICALVARO A RIVAS DEL JARAMA;VICÁLVARO A RIVAS DEL JARAMA;19
CAMINO;DE;VICALVARO A SAN FERNANDO DE HENARES;VICÁLVARO A SAN FERNANDO DE HENARES;19
CARRETERA;DE;VICALVARO A VALLECAS;VICÁLVARO A VALLECAS;13
CALLE;DE;VICENTA JIMENEZ;VICENTA JIMÉNEZ;11
CALLE;DE;VICENTA PACHON;VICENTA PACHÓN;11
CALLE;DE;VICENTA PARRA;VICENTA PARRA;11
CALLE;DE;VICENTA VILLEGAS;VICENTA VILLEGAS;10
CALLE;DE;VICENTE ALEIXANDRE;VICENTE ALEIXANDRE;7
CALLE;DE;VICENTE BAENA;VICENTE BAENA;8
CALLE;DE;VICENTE BAHAMONDE;VICENTE BAHAMONDE;13
CALLE;DE;VICENTE BAUTISTA;VICENTE BAUTISTA;11
CALLE;DE;VICENTE BLASCO IBAÑEZ;VICENTE BLASCO IBÁÑEZ;16
CALLE;DE;VICENTE CABALLERO;VICENTE CABALLERO;3
TRAVESÍA;DE;VICENTE CABALLERO;VICENTE CABALLERO;3
CALLE;DE;VICENTE CAMARON;VICENTE CAMARÓN;10
CALLE;DE;VICENTE CARBALLAL;VICENTE CARBALLAL;17
CALLE;DE;VICENTE DE EUSEBIO;VICENTE DE EUSEBIO;16
CALLE;DE;VICENTE ESPINEL;VICENTE ESPINEL;15
CALLE;DE;VICENTE GACEO;VICENTE GACEO;6
CALLE;DE;VICENTE HUIDOBRO;VICENTE HUIDOBRO;16
CALLE;DE;VICENTE JIMENEZ;VICENTE JIMÉNEZ;20
CALLE;DE;VICENTE JIMENO;VICENTE JIMENO;8
CALLE;DE;VICENTE LOPEZ;VICENTE LÓPEZ;8
CALLE;DE;VICENTE LOPEZ;VICENTE LÓPEZ;8
CALLE;DE;VICENTE MARTIN ARIAS;VICENTE MARTÍN ARIAS;11
CALLE;DE;VICENTE MORALES;VICENTE MORALES;16
CALLE;DE;VICENTE MUZAS;VICENTE MUZAS;15
CALLE;DE;VICENTE QUESADA;VICENTE QUESADA;11
CALLE;DE LAS;VICTIMAS DEL TERRORISMO;VÍCTIMAS DEL TERRORISMO;18
CALLE;DE;VICTOR ANDRES BELAUNDE;VÍCTOR ANDRÉS BELAÚNDE;5
CALLE;DE;VICTOR ANDRES BELAUNDE;VÍCTOR ANDRÉS BELAÚNDE;5
CALLE;DE;VICTOR DE LA SERNA;VÍCTOR DE LA SERNA;5
CALLE;DE;VICTOR GIL;VÍCTOR GIL;8
CALLE;DE;VICTOR GONZALEZ;VÍCTOR GONZÁLEZ;20
CALLE;DE;VICTOR HUGO;VÍCTOR HUGO;1
CALLE;DE;VICTOR MANUEL III;VÍCTOR MANUEL III;11
AVENIDA;DE LA;VICTORIA;VICTORIA;9
AVENIDA;DE LA;VICTORIA;VICTORIA;9
AVENIDA;DE LA;VICTORIA;VICTORIA;9
AVENIDA;DE LA;VICTORIA;VICTORIA;9
CALLE;DE LA;VICTORIA;VICTORIA;1
CALLE;DE;VICTORIA KENT;VICTORIA KENT;19
CALLE;DE;VICTORINO BAYO;VICTORINO BAYO;17
PLAZA;DE;VICUS ALVAR;VICUS ALVAR;19
CALLE;DE LA;VID;VID;9
CALLE;DE LA;VIDAUBA;VIDAUBA;10
CALLE;DE LOS;VIDRIALES;VIDRIALES;20
CALLE;DE LA;VIDRIERIA;VIDRIERÍA;20
CALLE;;VIEJA DE PINTO;VIEJA DE PINTO;17
CALLE;DE LAS;VIEJAS;VIEJAS;5
PASEO;;VIEJO;VIEJO;9
CAMINO;;VIEJO A LA CANTERA DE LA INMACULADA;VIEJO A LA CANTERA DE LA INMACULADA;18
CAMINO;;VIEJO DE ALCORCON;VIEJO DE ALCORCÓN;10
CAMINO;;VIEJO DE BURGOS;VIEJO DE BURGOS;16
CAMINO;;VIEJO DE COSLADA A BARAJAS;VIEJO DE COSLADA A BARAJAS;20
CAMINO;;VIEJO DE COSLADA A BARAJAS;VIEJO DE COSLADA A BARAJAS;20
CAMINO;;VIEJO DE HORTALEZA;VIEJO DE HORTALEZA;21
CAMINO;;VIEJO DE LA CASA DE EULOGIO;VIEJO DE LA CASA DE EULOGIO;18
CAMINO;;VIEJO DE NAVARRONDAN;VIEJO DE NAVARRONDÁN;8
CAMINO;;VIEJO DE VALDELAMASA AL CASTILLO DE VIÑUELAS;VIEJO DE VALDELAMASA AL CASTILLO DE VIÑUELAS;8
CAMINO;;VIEJO DE VALLECAS A RIVAS DEL JARAMA;VIEJO DE VALLECAS A RIVAS DEL JARAMA;19
CAMINO;;VIEJO DE VALLECAS A VACIAMADRID;VIEJO DE VALLECAS A VACIAMADRID;18
CAMINO;;VIEJO DE VICALVARO;VIEJO DE VICÁLVARO;19
CAMINO;;VIEJO DE VICALVARO;VIEJO DE VICÁLVARO;19
CAMINO;;VIEJO DE VICALVARO A ARGANDA;VIEJO DE VICÁLVARO A ARGANDA;19
CAMINO;;VIEJO DEL CURA;VIEJO DEL CURA;16
CALLE;DE;VIELLA;VIELLA;9
CALLE;DEL;VIENTO;VIENTO;20
GLORIETA;DE LOS;VIENTOS;VIENTOS;21
CALLE;DE;VIERA Y CLAVIJO;VIERA Y CLAVIJO;3
CALLE;DE;VIGIL;VIGIL;19
CALLE;DE;VIGO;VIGO;3
PLAZA;DE;VILAFLOR;VILAFLOR;15
CALLE;DE;VILAR DE DONAS;VILAR DE DONAS;8
CALLE;DE;VILCHES;VILCHES;13
CALLE;DE;VILELA;VILELA;8
CALLE;DE LA;VILLA;VILLA;1
PLAZA;DE LA;VILLA;VILLA;1
CALLE;DE LA;VILLA DE ARBANCON;VILLA DE ARBANCÓN;2
PLAZA;DE LA;VILLA DE CANILLEJAS;VILLA DE CANILLEJAS;20
CALLE;DE LA;VILLA DE CHURRIANA;VILLA DE CHURRIANA;16
CALLE;DE LA;VILLA DE GUADALUPE;VILLA DE GUADALUPE;11
CALLE;DE LA;VILLA DE MARIN;VILLA DE MARÍN;8
CALLE;DE;VILLA DE MILAGROS;VILLA DE MILAGROS;19
PLAZA;DE LA;VILLA DE PARIS;VILLA DE PARÍS;1
CALLE;DE LA;VILLA DE PONS;VILLA DE PONS;16
CALLE;DE LA;VILLA DE ROTA;VILLA DE ROTA;16
AVENIDA;DE LA;VILLA DE VALLECAS;VILLA DE VALLECAS;18
AVENIDA;DE LA;VILLA DE VALLECAS MERCAMADRID;VILLA DE VALLECAS MERCAMADRID;18
CALLE;DE;VILLA DEL PRADO;VILLA DEL PRADO;2
CALLE;DE;VILLAAMIL;VILLAAMIL;6
CALLE;DE;VILLAAMIL;VILLAAMIL;6
CALLE;DE;VILLAAMIL;VILLAAMIL;8
CALLE;DE;VILLAAMIL;VILLAAMIL;9
CALLE;DE;VILLABLANCA;VILLABLANCA;19
CALLE;DE;VILLABLANCA;VILLABLANCA;19
CALLE;DE;VILLABLINO;VILLABLINO;9
CALLE;DE;VILLABONA;VILLABONA;12
CALLE;DE;VILLACAMPA;VILLACAMPA;18
CALLE;DE;VILLACAÑAS;VILLACAÑAS;18
CALLE;DE;VILLACARLOS;VILLACARLOS;19
CALLE;DE;VILLACARLOS;VILLACARLOS;19
CALLE;DE;VILLACARRIEDO;VILLACARRIEDO;10
CALLE;DE;VILLACARRILLO;VILLACARRILLO;13
CALLE;DE;VILLACASTIN;VILLACASTÍN;8
CALLE;DE;VILLACID DE CAMPOS;VILLACID DE CAMPOS;19
PASAJE;DE;VILLACONEJOS;VILLACONEJOS;14
CALLE;DE;VILLADIEGO;VILLADIEGO;10
CALLE;DE;VILLAESCUSA;VILLAESCUSA;15
TRAVESÍA;DE;VILLAESCUSA;VILLAESCUSA;15
CALLE;DE;VILLAFRANCA;VILLAFRANCA;4
PLAZA;DE;VILLAFRANCA DE LOS BARROS;VILLAFRANCA DE LOS BARROS;8
CALLE;DE;VILLAFRANCA DE MONTES DE OCA;VILLAFRANCA DE MONTES DE OCA;8
CALLE;DE;VILLAFRANCA DEL BIERZO;VILLAFRANCA DEL BIERZO;16
CALLE;DE;VILLAFRUELA;VILLAFRUELA;8
CALLE;DE;VILLAFUERTE;VILLAFUERTE;17
CALLE;DE;VILLAGARCIA;VILLAGARCÍA;10
CALLE;DE;VILLAGARCIA DE AROSA;VILLAGARCÍA DE AROSA;16
CALLE;DE;VILLAGER;VILLAGER;9
CALLE;DE;VILLAGONZALO PEDERNALES;VILLAGONZALO PEDERNALES;19
CALLE;DE;VILLAJIMENA;VILLAJIMENA;19
CALLE;DE;VILLAJOYOSA;VILLAJOYOSA;17
CALLE;DE;VILLALAR;VILLALAR;4
CALLE;DE;VILLALAZAN;VILLALAZÁN;20
CALLE;DE;VILLALBA DE LA SIERRA;VILLALBA DE LA SIERRA;18
PASAJE;DE;VILLALBILLA;VILLALBILLA;14
CALLE;DE;VILLALCAMPO;VILLALCAMPO;19
PLAZA;DE;VILLALCAZAR DE SIRGA;VILLALCÁZAR DE SIRGA;16
CALLE;DE;VILLALCON;VILLALCÓN;18
CALLE;DE;VILLALMANZO;VILLALMANZO;19
CALLE;DE;VILLALOBOS;VILLALOBOS;13
CALLE;DE;VILLALON;VILLALÓN;11
CALLE;DE;VILLALONSO;VILLALONSO;17
CALLE;DE;VILLALUENGA DE LA SAGRA;VILLALUENGA DE LA SAGRA;18
CALLE;DE;VILLAMANIN;VILLAMANÍN;10
CALLE;DE;VILLAMANTA;VILLAMANTA;18
CALLE;DE;VILLAMAYOR DE SANTIAGO;VILLAMAYOR DE SANTIAGO;18
CALLE;DE;VILLAMAYOR DE SANTIAGO;VILLAMAYOR DE SANTIAGO;18
CALLE;DE;VILLAMIEL DE CACERES;VILLAMIEL DE CÁCERES;16
PLAZA;DE;VILLANUBLA;VILLANUBLA;10
CALLE;DE;VILLANUEVA;VILLANUEVA;4
CALLE;DE;VILLANUEVA DE AROSA;VILLANUEVA DE AROSA;16
CALLE;DE;VILLAPALACIOS;VILLAPALACIOS;17
CALLE;DE;VILLAR DEL OLMO;VILLAR DEL OLMO;18
CALLE;DE;VILLAR DEL POZO;VILLAR DEL POZO;18
CALLE;DE;VILLARCAYO;VILLARCAYO;11
CALLE;DE;VILLARDONDIEGO;VILLARDONDIEGO;19
CALLE;DE;VILLARDONDIEGO;VILLARDONDIEGO;19
CAMINO;DE;VILLAREJOS;VILLAREJOS;8
CAMINO;DE;VILLAREJOS;VILLAREJOS;8
CALLE;DE;VILLARINO DE LOS AIRES;VILLARINO DE LOS AIRES;18
CALLE;DE;VILLARRAMIEL;VILLARRAMIEL;17
CALLE;DE;VILLARROBLEDO;VILLARROBLEDO;2
CALLE;DE;VILLARROSA;VILLARROSA;17
CALLE;DE;VILLARTA;VILLARTA;13
CALLE;DE;VILLASANDINO;VILLASANDINO;10
CALLE;DE;VILLASILOS;VILLASILOS;15
CALLE;DE;VILLASTAR;VILLASTAR;17
CALLE;DE;VILLAVA;VILLAVA;8
CALLE;DE;VILLAVALIENTE;VILLAVALIENTE;10
CALLE;DE;VILLAVENDIMIO;VILLAVENDIMIO;17
CALLE;DE;VILLAVERDE A PERALES DEL RIO;VILLAVERDE A PERALES DEL RÍO;17
CARRETERA;DE;VILLAVERDE A VALLECAS;VILLAVERDE A VALLECAS;13
CARRETERA;DE;VILLAVERDE A VALLECAS;VILLAVERDE A VALLECAS;17
CARRETERA;DE;VILLAVERDE A VALLECAS;VILLAVERDE A VALLECAS;18
CALLE;DE;VILLAVEZA;VILLAVEZA;17
CALLE;DE;VILLAVICIOSA;VILLAVICIOSA;10
CALLE;DE;VILLAVIEJA;VILLAVIEJA;10
CALLE;DE;VILLENA;VILLENA;17
CALLE;DE;VILLOSLADA;VILLOSLADA;2
CALLE;DE;VILLUERCAS;VILLUERCAS;13
CALLE;DE;VILORIA DE LA RIOJA;VILORIA DE LA RIOJA;8
CALLE;DE;VINAROZ;VINAROZ;5
CALLE;DE LA;VINCA;VINCA;6
TRAVESÍA;DEL;VINO;VINO;9
CALLE;DE;VINUESA;VINUESA;10
CALLE;DE LA;VIÑA;VIÑA;7
CALLE;DE;VIÑA DEL MAR;VIÑA DEL MAR;16
CALLE;DE;VIÑA DEL MAR;VIÑA DEL MAR;19
CALLE;DE LA;VIÑA VIRGEN;VIÑA VIRGEN;6
CALLE;DE LAS;VIÑAS DE EL PARDO;VIÑAS DE EL PARDO;9
CALLE;DE LAS;VIÑAS DEL RIO;VIÑAS DEL RÍO;17
CALLE;DE LOS;VIÑEDOS;VIÑEDOS;19
CALLE;DE;VIÑEGRA;VIÑEGRA;10
CALLE;DE;VIÑEGRA;VIÑEGRA;10
CALLE;DE;VIÑUELAS;VIÑUELAS;2
CALLE;DE LAS;VIOLAS;VIOLAS;10
CALLE;DE LA;VIOLETA;VIOLETA;9
CALLE;DE LAS;VIOLETAS;VIOLETAS;17
CALLE;DEL;VIOLIN;VIOLÍN;15
CALLE;DE LOS;VIOLONCHELOS;VIOLONCHELOS;10
CALLE;DE LA;VIRGEN;VIRGEN;13
CALLE;DE LA;VIRGEN DE AFRICA;VIRGEN DE ÁFRICA;15
CALLE;DE LA;VIRGEN DE AFRICA;VIRGEN DE ÁFRICA;15
CALLE;DE LA;VIRGEN DE ARANZAZU;VIRGEN DE ARÁNZAZU;8
COLONIA;DE LA;VIRGEN DE ARANZAZU;VIRGEN DE ARÁNZAZU;
PUENTE;DE LA;VIRGEN DE BEGOÑA;VIRGEN DE BEGOÑA;8
PUENTE;DE LA;VIRGEN DE BEGOÑA;VIRGEN DE BEGOÑA;8
CALLE;DE LA;VIRGEN DE BELEN;VIRGEN DE BELÉN;11
CALLE;DE LA;VIRGEN DE LA ALEGRIA;VIRGEN DE LA ALEGRÍA;15
CALLE;DE LA;VIRGEN DE LA ALEGRIA;VIRGEN DE LA ALEGRÍA;15
PASAJE;DE LA;VIRGEN DE LA ALEGRIA;VIRGEN DE LA ALEGRÍA;15
CALLE;DE LA;VIRGEN DE LA ANTIGUA;VIRGEN DE LA ANTIGUA;19
PLAZA;DE LA;VIRGEN DE LA CAPILLA;VIRGEN DE LA CAPILLA;8
CALLE;DE LA;VIRGEN DE LA CONSOLACION;VIRGEN DE LA CONSOLACIÓN;15
CALLE;DE LA;VIRGEN DE LA ENCINA;VIRGEN DE LA ENCINA;12
PLAZUELA;DE LA;VIRGEN DE LA ESTRELLA;VIRGEN DE LA ESTRELLA;3
CALLE;DE LA;VIRGEN DE LA FUENCISLA;VIRGEN DE LA FUENCISLA;15
CALLE;DE LA;VIRGEN DE LA FUENSANTA;VIRGEN DE LA FUENSANTA;15
CALLE;DE LA;VIRGEN DE LA MONJIA;VIRGEN DE LA MONJÍA;15
CALLE;DE LA;VIRGEN DE LA NOVENA;VIRGEN DE LA NOVENA;15
CALLE;DE LA;VIRGEN DE LA OLIVA;VIRGEN DE LA OLIVA;20
PLAZA;DE LA;VIRGEN DE LA PALOMA;VIRGEN DE LA PALOMA;1
CALLE;DE LA;VIRGEN DE LA PAZ;VIRGEN DE LA PAZ;15
CALLE;DE LA;VIRGEN DE LA PEÑA;VIRGEN DE LA PEÑA;15
CALLE;DE LA;VIRGEN DE LA PROVIDENCIA;VIRGEN DE LA PROVIDENCIA;15
CALLE;DE LA;VIRGEN DE LA ROCA;VIRGEN DE LA ROCA;15
TRAVESÍA;DE LA;VIRGEN DE LA ROCA;VIRGEN DE LA ROCA;15
CALLE;DE LA;VIRGEN DE LA VEGA;VIRGEN DE LA VEGA;15
CALLE;DE LA;VIRGEN DE LAS CRUCES;VIRGEN DE LAS CRUCES;12
CALLE;DE LA;VIRGEN DE LAS NIEVES;VIRGEN DE LAS NIEVES;15
CALLE;DE LA;VIRGEN DE LAS VIÑAS;VIRGEN DE LAS VIÑAS;18
CALLE;DE LA;VIRGEN DE LLUC;VIRGEN DE LLUC;15
CALLE;DE LA;VIRGEN DE LLUC;VIRGEN DE LLUC;15
CALLE;DE LA;VIRGEN DE LORETO;VIRGEN DE LORETO;15
CALLE;DE LA;VIRGEN DE LOS DESAMPARADOS;VIRGEN DE LOS DESAMPARADOS;17
PLAZA;DE LA;VIRGEN DE LOS LLANOS;VIRGEN DE LOS LLANOS;10
CALLE;DE LA;VIRGEN DE LOS OLMOS;VIRGEN DE LOS OLMOS;9
CALLE;DE LA;VIRGEN DE LOS PELIGROS;VIRGEN DE LOS PELIGROS;1
CALLE;DE LA;VIRGEN DE LOS PELIGROS;VIRGEN DE LOS PELIGROS;1
CALLE;DE LA;VIRGEN DE LOS REMEDIOS;VIRGEN DE LOS REMEDIOS;18
CALLE;DE LA;VIRGEN DE LOS REYES;VIRGEN DE LOS REYES;15
CALLE;DE LA;VIRGEN DE LOS ROSALES;VIRGEN DE LOS ROSALES;9
CALLE;DE LA;VIRGEN DE LOURDES;VIRGEN DE LOURDES;15
CALLE;DE LA;VIRGEN DE LOURDES;VIRGEN DE LOURDES;15
CALLE;DE LA;VIRGEN DE NIEVA;VIRGEN DE NIEVA;7
CALLE;DE LA;VIRGEN DE NURIA;VIRGEN DE NURIA;15
CALLE;DE LA;VIRGEN DE SONSOLES;VIRGEN DE SONSOLES;15
CALLE;DE LA;VIRGEN DEL CAMINO;VIRGEN DEL CAMINO;10
CALLE;DE LA;VIRGEN DEL CANTO;VIRGEN DEL CANTO;15
AVENIDA;DE LA;VIRGEN DEL CARMEN;VIRGEN DEL CARMEN;16
CALLE;DE LA;VIRGEN DEL CASTAÑAR;VIRGEN DEL CASTAÑAR;15
PLAZA;DE LA;VIRGEN DEL CASTILLO;VIRGEN DEL CASTILLO;8
CALLE;DE LA;VIRGEN DEL CORO;VIRGEN DEL CORO;15
PASAJE;DE LA;VIRGEN DEL CORO;VIRGEN DEL CORO;15
CALLE;DE LA;VIRGEN DEL ESPINO;VIRGEN DEL ESPINO;15
CALLE;DE LA;VIRGEN DEL FRESNEDO;VIRGEN DEL FRESNEDO;15
CALLE;DE LA;VIRGEN DEL PORTILLO;VIRGEN DEL PORTILLO;15
PASEO;DE LA;VIRGEN DEL PUERTO;VIRGEN DEL PUERTO;1
PASEO;DE LA;VIRGEN DEL PUERTO;VIRGEN DEL PUERTO;2
PASEO;DE LA;VIRGEN DEL PUERTO;VIRGEN DEL PUERTO;11
PASEO;DE LA;VIRGEN DEL PUERTO;VIRGEN DEL PUERTO;11
CALLE;DE LA;VIRGEN DEL PUIG;VIRGEN DEL PUIG;15
CALLE;DE LA;VIRGEN DEL ROCIO;VIRGEN DEL ROCÍO;15
PLAZA;DE LA;VIRGEN DEL ROMERO;VIRGEN DEL ROMERO;15
CALLE;DE LA;VIRGEN DEL SAGRARIO;VIRGEN DEL SAGRARIO;15
CALLE;DE LA;VIRGEN DEL SAGRARIO;VIRGEN DEL SAGRARIO;15
PLAZA;DE LA;VIRGEN DEL TRABAJO;VIRGEN DEL TRABAJO;20
CALLE;DE LA;VIRGEN DEL VAL;VIRGEN DEL VAL;15
CALLE;DE LA;VIRGEN DEL VAL;VIRGEN DEL VAL;15
PLAZA;DE LA;VIRGEN GUADALUPANA;VIRGEN GUADALUPANA;5
PLAZA;DE LA;VIRGEN GUADALUPANA;VIRGEN GUADALUPANA;5
CALLE;DE LA;VIRGEN MARIA;VIRGEN MARÍA;3
CALLE;DE;VIRIATO;VIRIATO;7
CALLE;DE;VIRIATO;VIRIATO;7
CALLE;DE;VIRIDIANA;VIRIDIANA;13
CALLE;DE LAS;VIRTUDES;VIRTUDES;7
CALLE;DE;VISEO;VISEO;11
CALLE;DE LA;VISITACION;VISITACIÓN;12
CALLE;DE;VISTA ALEGRE;VISTA ALEGRE;11
CALLE;DE;VISTA BELLA;VISTA BELLA;11
CALLEJÓN;DE;VISTAS A LA MORALEJA;VISTAS A LA MORALEJA;8
TRAVESÍA;DE;VISTAS A LA MORALEJA;VISTAS A LA MORALEJA;8
CALLE;DE;VISTAS A MORALEJA;VISTAS A MORALEJA;8
TRAVESÍA;DE LAS;VISTILLAS;VISTILLAS;1
CALLE;DE;VITAL AZA;VITAL AZA;15
CALLE;DE;VITIGUDINO;VITIGUDINO;11
CALLE;DE;VITIGUDINO;VITIGUDINO;11
CALLE;DE;VITRUVIO;VITRUVIO;5
CALLE;DEL;VIVERO;VIVERO;9
CAMINO;DEL;VIVERO;VIVERO;8
TRAVESÍA;DE;VIVERO;VIVERO;9
CALLE;DEL;VIVERO DE LA PILARICA;VIVERO DE LA PILARICA;19
CALLE;DE LOS;VIZCAINOS;VIZCAÍNOS;6
CALLE;DE;VIZCAYA;VIZCAYA;2
CALLE;DEL;VIZCONDE DE ARLESSON;VIZCONDE DE ARLESSÓN;13
CALLE;DEL;VIZCONDE DE LOS ASILOS;VIZCONDE DE LOS ASILOS;15
CALLE;DEL;VIZCONDE DE MATAMALA;VIZCONDE DE MATAMALA;4
CALLE;DEL;VIZCONDE DE UZQUETA;VIZCONDE DE UZQUETA;16
CALLE;DE LOS;VOLUNTARIOS CATALANES;VOLUNTARIOS CATALANES;6
CALLE;DE LOS;VOLUNTARIOS MACABEBES;VOLUNTARIOS MACABEBES;2
CALLE;DE;VOLVER A EMPEZAR;VOLVER A EMPEZAR;13
PLAZA;DE;VULCANO;VULCANO;11
CALLE;DE;WAD-RAS;WAD-RÁS;6
CALLE;DE;WALIA;WALIA;3
CALLE;DE;WALMAN;WALMAN;9
PLAZA;DEL;WATERPOLISTA JESUS ROLLAN PRADA;WATERPOLISTA JESÚS ROLLÁN PRADA;9
CALLE;DE;WATTEAU;WATTEAU;2
CALLE;DE;WITERICO;WITERICO;11
CALLE;DE;WITIZA;WITIZA;11
CALLE;DE;XAUDARO;XAUDARÓ;8
CALLE;DEL;XILOFONO;XILÓFONO;10
CALLE;DE;YANGUAS;YANGUAS;20
CALLE;DE;YARUMAL;YARUMAL;16
CALLE;DE;YECLA;YECLA;20
CALLE;DE;YECORA;YÉCORA;8
CALLE;DE;YECORA;YÉCORA;20
CALLE;DEL;YELMO;YELMO;5
CALLE;DE;YERMA;YERMA;15
CALLE;DE LOS;YEROS;YEROS;6
CAMINO;A LA;YESERIA LA VALENCIANA;YESERÍA LA VALENCIANA;18
PASEO;DE LAS;YESERIAS;YESERÍAS;2
CALLE;DE LOS;YESEROS;YESEROS;1
CAMINO;DE LOS;YESEROS;YESEROS;18
CALLE;DEL;YESO;YESO;9
CALLE;DE;YESTE;YESTE;20
CALLE;DE;YNZENGAS;YNZENGAS;19
CALLE;DE;YOCASTA;YOCASTA;20
CALLE;DE LA;YUCA;YUCA;5
GLORIETA;DEL;YUCATAN;YUCATÁN;16
GLORIETA;DEL;YUCATAN;YUCATÁN;16
CALLE;DE;YUNCOS;YUNCOS;20
CALLE;DE;YUSTE;YUSTE;13
CALLE;DE;ZABALETA;ZABALETA;5
CALLE;DE;ZABALZA;ZABALZA;20
CALLE;DEL;CANAL DE LA MANCHA;CANAL DE LA MANCHA;20
CALLE;DE;SAN GABRIEL;SAN GABRIEL;20
CALLE;DE;ZACARIAS HOMS;ZACARÍAS HOMS;20
CALLE;DE;ZACARIAS HOMS;ZACARÍAS HOMS;16
CALLE;DEL;ZAFIRO;ZAFIRO;17
CALLE;DE;ZAFRA;ZAFRA;20
CALLE;DE;ZAGREB;ZAGREB;20
CALLE;DE;ZAHARA DE LOS ATUNES;ZAHARA DE LOS ATUNES;16
CALLE;DE LA;ZAIDA;ZAIDA;11
CALLE;DE;ZALACAIN;ZALACAÍN;12
CALLE;DE;ZALAMEA;ZALAMEA;20
CALLE;DE;ZALDIVAR;ZALDÍVAR;20
CALLE;DE;ZAMARRAMALA;ZAMARRAMALA;8
CALLE;DE;ZAMBRANA;ZAMBRANA;20
CALLE;DE;ZAMORA;ZAMORA;6
CALLE;DE;ZAMUDIO;ZAMUDIO;20
CALLE;DE;ZAOREJAS;ZAOREJAS;21
CALLE;DEL;ZAPARDIEL;ZAPARDIEL;20
CAMINO;DE;ZAPATA;ZAPATA;18
CALLE;DE;ZAPATOCA;ZAPATOCA;8
CALLE;DE;ZAPATOCA;ZAPATOCA;16
PLAZA;DE;ZAPOTA;ZAPOTA;12
CALLE;DE;ZARAGOZA;ZARAGOZA;1
CALLE;DE LOS;ZARAPITOS;ZARAPITOS;11
CALLE;DE;ZARATAN;ZARATÁN;20
CALLE;DE;ZARAUZ;ZARAUZ;9
CALLE;DE;ZARCO HERMANOS;ZARCO HERMANOS;11
CALLE;DE LA;ZARZA;ZARZA;9
CALLE;DE;ZARZALEJO;ZARZALEJO;6
CALLE;DE LA;ZARZAMORA;ZARZAMORA;11
CAMINO;DEL;ZARZON;ZARZÓN;9
CAMINO;DEL;ZARZON;ZARZÓN;9
CAMINO;DEL;ZARZON;ZARZÓN;10
CARRETERA;DEL;ZARZON;ZARZÓN;9
CALLE;DE LA;ZARZOSA;ZARZOSA;20
CALLE;DE LA;ZARZUELA;ZARZUELA;11
CAMINO;DE LA;ZARZUELA;ZARZUELA;9
CARRETERA;DE LA;ZARZUELA;ZARZUELA;8
CARRETERA;DE LA;ZARZUELA;ZARZUELA;9
CALLE;DE;ZAYAS;ZAYAS;20
CALLE;DE;ZAZUAR;ZAZUAR;18
CALLE;DEL;ZENIT;ZENIT;9
CALLE;DE;ZENOBIA CAMPRUBI;ZENOBIA CAMPRUBÍ;16
CALLE;DE;ZENOBIA CAMPRUBI;ZENOBIA CAMPRUBÍ;21
CALLE;DE;ZEUS;ZEUS;19
CALLE;DE LA;ZIGIA;ZIGIA;15
CALLE;DEL;ZINC;ZINC;2
CALLE;DE LAS;ZINIAS;ZINIAS;6
CALLE;DE;ZIPAQUIRA;ZIPAQUIRA;16
CALLE;DEL;ZODIACO;ZODIACO;21
CARRETERA;DEL;ZOO;ZOO;9
CARRETERA;DEL;ZOO;ZOO;10
CARRETERA;DEL;ZOO;ZOO;10
CALLE;DE;ZORITA DE LA FRONTERA;ZORITA DE LA FRONTERA;18
CALLE;DE;ZORRILLA;ZORRILLA;1
CALLE;DEL;ZORZAL;ZORZAL;11
CALLE;DE;ZUBIETA;ZUBIETA;20
CALLE;DE;ZUERA;ZUERA;20
CALLE;DE;ZUGAZARTE;ZUGAZARTE;9
CALLE;DE;ZUJAR;ZÚJAR;11
CALLE;DE;ZUMARRAGA;ZUMÁRRAGA;9
CALLE;DE;ZUMAYA;ZUMAYA;9
CALLE;DE;ZUMEL;ZÚMEL;20
CALLE;DE;ZURBANO;ZURBANO;7
CALLE;DE;ZURBANO;ZURBANO;7
CALLE;DE;ZURBARAN;ZURBARÁN;7
CALLE;DE;ZURGENA;ZURGENA;20
CALLE;DE;ZURICH;ZURICH;20
CALLE;DE;ZURITA;ZURITA;1
PASEO;DEL;ZURRON;ZURRÓN;21
