id_sensor;intensidad;dia;mes;año
;;26;2;2026
3840.0;200.0;26;2;2026
3841.0;580.0;26;2;2026
3842.0;1260.0;26;2;2026
3843.0;1440.0;26;2;2026
3844.0;1840.0;26;2;2026
3845.0;2080.0;26;2;2026
3846.0;1120.0;26;2;2026
3847.0;380.0;26;2;2026
3848.0;1100.0;26;2;2026
3850.0;2040.0;26;2;2026
7029.0;1400.0;26;2;2026
10034.0;460.0;26;2;2026
3851.0;1060.0;26;2;2026
10036.0;140.0;26;2;2026
3562.0;580.0;26;2;2026
3854.0;300.0;26;2;2026
3852.0;1600.0;26;2;2026
7026.0;1220.0;26;2;2026
7011.0;720.0;26;2;2026
7030.0;720.0;26;2;2026
7032.0;860.0;26;2;2026
3891.0;1120.0;26;2;2026
3892.0;760.0;26;2;2026
3893.0;820.0;26;2;2026
3894.0;660.0;26;2;2026
5072.0;520.0;26;2;2026
5073.0;680.0;26;2;2026
5074.0;440.0;26;2;2026
3895.0;620.0;26;2;2026
3896.0;200.0;26;2;2026
3897.0;560.0;26;2;2026
3898.0;400.0;26;2;2026
3899.0;360.0;26;2;2026
3900.0;240.0;26;2;2026
3901.0;740.0;26;2;2026
3902.0;860.0;26;2;2026
3903.0;60.0;26;2;2026
3905.0;480.0;26;2;2026
3906.0;480.0;26;2;2026
3433.0;560.0;26;2;2026
3907.0;0.0;26;2;2026
3908.0;100.0;26;2;2026
11112.0;420.0;26;2;2026
11113.0;540.0;26;2;2026
11114.0;440.0;26;2;2026
11089.0;420.0;26;2;2026
11115.0;640.0;26;2;2026
11118.0;499.0;26;2;2026
11117.0;280.0;26;2;2026
11116.0;120.0;26;2;2026
7036.0;320.0;26;2;2026
9841.0;680.0;26;2;2026
9843.0;780.0;26;2;2026
9842.0;60.0;26;2;2026
11396.0;1080.0;26;2;2026
11243.0;120.0;26;2;2026
3909.0;720.0;26;2;2026
3910.0;940.0;26;2;2026
3911.0;320.0;26;2;2026
3460.0;260.0;26;2;2026
3461.0;840.0;26;2;2026
3912.0;1040.0;26;2;2026
3913.0;700.0;26;2;2026
3914.0;640.0;26;2;2026
3915.0;1060.0;26;2;2026
3916.0;800.0;26;2;2026
3917.0;860.0;26;2;2026
3918.0;340.0;26;2;2026
3919.0;960.0;26;2;2026
3920.0;180.0;26;2;2026
3921.0;840.0;26;2;2026
3922.0;460.0;26;2;2026
3923.0;680.0;26;2;2026
3924.0;440.0;26;2;2026
3925.0;780.0;26;2;2026
3926.0;760.0;26;2;2026
3927.0;380.0;26;2;2026
3928.0;20.0;26;2;2026
3604.0;0.0;26;2;2026
11352.0;0.0;26;2;2026
3605.0;20.0;26;2;2026
10078.0;140.0;26;2;2026
10076.0;1040.0;26;2;2026
10079.0;20.0;26;2;2026
3606.0;1060.0;26;2;2026
3930.0;1280.0;26;2;2026
3931.0;1180.0;26;2;2026
3932.0;1960.0;26;2;2026
3933.0;100.0;26;2;2026
3934.0;940.0;26;2;2026
3935.0;499.0;26;2;2026
3936.0;0.0;26;2;2026
3937.0;1900.0;26;2;2026
3938.0;1980.0;26;2;2026
3939.0;2140.0;26;2;2026
3940.0;1620.0;26;2;2026
3941.0;1500.0;26;2;2026
3942.0;680.0;26;2;2026
3943.0;740.0;26;2;2026
3944.0;1800.0;26;2;2026
3945.0;340.0;26;2;2026
3946.0;1740.0;26;2;2026
3798.0;1100.0;26;2;2026
3697.0;1600.0;26;2;2026
3947.0;1120.0;26;2;2026
3948.0;760.0;26;2;2026
3578.0;1620.0;26;2;2026
4223.0;940.0;26;2;2026
10048.0;1360.0;26;2;2026
10049.0;100.0;26;2;2026
10050.0;320.0;26;2;2026
10018.0;0.0;26;2;2026
3950.0;400.0;26;2;2026
9894.0;360.0;26;2;2026
3952.0;1140.0;26;2;2026
3953.0;340.0;26;2;2026
3954.0;900.0;26;2;2026
10606.0;80.0;26;2;2026
4224.0;840.0;26;2;2026
4225.0;260.0;26;2;2026
3956.0;800.0;26;2;2026
9893.0;2060.0;26;2;2026
3958.0;1040.0;26;2;2026
3757.0;1660.0;26;2;2026
3959.0;1400.0;26;2;2026
3960.0;1680.0;26;2;2026
3720.0;1740.0;26;2;2026
9890.0;1640.0;26;2;2026
3961.0;240.0;26;2;2026
3497.0;400.0;26;2;2026
3434.0;840.0;26;2;2026
3435.0;1140.0;26;2;2026
3962.0;580.0;26;2;2026
3963.0;980.0;26;2;2026
3964.0;1640.0;26;2;2026
3965.0;1560.0;26;2;2026
3966.0;100.0;26;2;2026
3967.0;1240.0;26;2;2026
3968.0;0.0;26;2;2026
3969.0;0.0;26;2;2026
3970.0;1100.0;26;2;2026
3971.0;580.0;26;2;2026
3972.0;280.0;26;2;2026
3973.0;980.0;26;2;2026
3974.0;940.0;26;2;2026
3975.0;740.0;26;2;2026
3976.0;2100.0;26;2;2026
3977.0;2140.0;26;2;2026
3978.0;400.0;26;2;2026
3979.0;440.0;26;2;2026
3980.0;280.0;26;2;2026
3981.0;180.0;26;2;2026
3982.0;720.0;26;2;2026
4014.0;0.0;26;2;2026
9892.0;2160.0;26;2;2026
3949.0;1880.0;26;2;2026
3951.0;1800.0;26;2;2026
10607.0;360.0;26;2;2026
3957.0;1960.0;26;2;2026
9895.0;1840.0;26;2;2026
10685.0;360.0;26;2;2026
3992.0;1020.0;26;2;2026
3993.0;1300.0;26;2;2026
3994.0;340.0;26;2;2026
3995.0;1520.0;26;2;2026
3607.0;580.0;26;2;2026
3608.0;499.0;26;2;2026
3996.0;220.0;26;2;2026
3579.0;499.0;26;2;2026
3997.0;600.0;26;2;2026
3612.0;160.0;26;2;2026
3613.0;480.0;26;2;2026
3998.0;440.0;26;2;2026
3999.0;480.0;26;2;2026
4000.0;260.0;26;2;2026
4001.0;440.0;26;2;2026
10013.0;380.0;26;2;2026
10192.0;440.0;26;2;2026
10193.0;340.0;26;2;2026
4002.0;760.0;26;2;2026
4003.0;540.0;26;2;2026
4004.0;320.0;26;2;2026
4005.0;480.0;26;2;2026
4006.0;499.0;26;2;2026
5081.0;1160.0;26;2;2026
4008.0;999.0;26;2;2026
4009.0;499.0;26;2;2026
4010.0;860.0;26;2;2026
4011.0;640.0;26;2;2026
4012.0;520.0;26;2;2026
4013.0;680.0;26;2;2026
7037.0;1320.0;26;2;2026
4015.0;460.0;26;2;2026
5082.0;1500.0;26;2;2026
4016.0;420.0;26;2;2026
4017.0;440.0;26;2;2026
10098.0;900.0;26;2;2026
10099.0;100.0;26;2;2026
10100.0;160.0;26;2;2026
10101.0;140.0;26;2;2026
10102.0;20.0;26;2;2026
10170.0;400.0;26;2;2026
4018.0;1080.0;26;2;2026
4019.0;760.0;26;2;2026
7109.0;1520.0;26;2;2026
3753.0;1140.0;26;2;2026
4021.0;600.0;26;2;2026
4022.0;560.0;26;2;2026
4023.0;480.0;26;2;2026
4024.0;220.0;26;2;2026
4025.0;1800.0;26;2;2026
4026.0;1360.0;26;2;2026
4027.0;280.0;26;2;2026
4028.0;820.0;26;2;2026
4029.0;760.0;26;2;2026
4030.0;240.0;26;2;2026
4031.0;1380.0;26;2;2026
4032.0;1100.0;26;2;2026
4033.0;480.0;26;2;2026
4034.0;640.0;26;2;2026
4035.0;1060.0;26;2;2026
3616.0;620.0;26;2;2026
4036.0;840.0;26;2;2026
4037.0;0.0;26;2;2026
7038.0;1500.0;26;2;2026
4039.0;740.0;26;2;2026
4040.0;200.0;26;2;2026
4041.0;240.0;26;2;2026
4042.0;640.0;26;2;2026
4043.0;480.0;26;2;2026
4044.0;440.0;26;2;2026
4045.0;540.0;26;2;2026
4046.0;0.0;26;2;2026
4047.0;120.0;26;2;2026
4048.0;1660.0;26;2;2026
9888.0;480.0;26;2;2026
10103.0;180.0;26;2;2026
4052.0;640.0;26;2;2026
4053.0;960.0;26;2;2026
4054.0;840.0;26;2;2026
4055.0;560.0;26;2;2026
4057.0;280.0;26;2;2026
4058.0;200.0;26;2;2026
10093.0;180.0;26;2;2026
4060.0;420.0;26;2;2026
4061.0;0.0;26;2;2026
4062.0;620.0;26;2;2026
3462.0;1040.0;26;2;2026
4064.0;260.0;26;2;2026
3609.0;499.0;26;2;2026
3610.0;160.0;26;2;2026
4066.0;1300.0;26;2;2026
4067.0;360.0;26;2;2026
4068.0;560.0;26;2;2026
4070.0;480.0;26;2;2026
4071.0;280.0;26;2;2026
4073.0;160.0;26;2;2026
4074.0;0.0;26;2;2026
4075.0;1140.0;26;2;2026
4076.0;740.0;26;2;2026
4077.0;340.0;26;2;2026
3764.0;380.0;26;2;2026
10080.0;999.0;26;2;2026
10081.0;120.0;26;2;2026
10082.0;680.0;26;2;2026
10083.0;180.0;26;2;2026
10085.0;400.0;26;2;2026
10084.0;240.0;26;2;2026
4406.0;240.0;26;2;2026
4407.0;200.0;26;2;2026
4410.0;220.0;26;2;2026
4411.0;460.0;26;2;2026
4412.0;360.0;26;2;2026
4413.0;660.0;26;2;2026
4416.0;40.0;26;2;2026
4417.0;540.0;26;2;2026
3748.0;900.0;26;2;2026
5422.0;180.0;26;2;2026
5423.0;2140.0;26;2;2026
5424.0;1480.0;26;2;2026
5425.0;1660.0;26;2;2026
5426.0;1999.0;26;2;2026
5427.0;1660.0;26;2;2026
5428.0;1900.0;26;2;2026
5429.0;2540.0;26;2;2026
5431.0;520.0;26;2;2026
5432.0;440.0;26;2;2026
5433.0;80.0;26;2;2026
5438.0;280.0;26;2;2026
5439.0;160.0;26;2;2026
5440.0;200.0;26;2;2026
5441.0;120.0;26;2;2026
5442.0;20.0;26;2;2026
5443.0;200.0;26;2;2026
5444.0;100.0;26;2;2026
10031.0;60.0;26;2;2026
10463.0;1780.0;26;2;2026
3421.0;960.0;26;2;2026
7017.0;540.0;26;2;2026
3423.0;880.0;26;2;2026
5451.0;660.0;26;2;2026
5452.0;1540.0;26;2;2026
5453.0;1480.0;26;2;2026
5454.0;0.0;26;2;2026
5455.0;0.0;26;2;2026
5456.0;1080.0;26;2;2026
5457.0;2200.0;26;2;2026
5458.0;840.0;26;2;2026
5459.0;1620.0;26;2;2026
5460.0;1260.0;26;2;2026
5461.0;0.0;26;2;2026
5462.0;1380.0;26;2;2026
5463.0;1420.0;26;2;2026
5464.0;1440.0;26;2;2026
5465.0;620.0;26;2;2026
5466.0;160.0;26;2;2026
5467.0;180.0;26;2;2026
5468.0;820.0;26;2;2026
5469.0;1060.0;26;2;2026
11094.0;140.0;26;2;2026
5470.0;380.0;26;2;2026
5471.0;0.0;26;2;2026
5472.0;820.0;26;2;2026
5473.0;460.0;26;2;2026
5474.0;1260.0;26;2;2026
5475.0;900.0;26;2;2026
5476.0;1640.0;26;2;2026
5477.0;1160.0;26;2;2026
5478.0;1520.0;26;2;2026
5479.0;1560.0;26;2;2026
5480.0;220.0;26;2;2026
5481.0;300.0;26;2;2026
5482.0;460.0;26;2;2026
5483.0;320.0;26;2;2026
5484.0;480.0;26;2;2026
5485.0;580.0;26;2;2026
5486.0;460.0;26;2;2026
5487.0;100.0;26;2;2026
5488.0;180.0;26;2;2026
5489.0;620.0;26;2;2026
5490.0;560.0;26;2;2026
5491.0;180.0;26;2;2026
5492.0;1080.0;26;2;2026
5493.0;1040.0;26;2;2026
5494.0;100.0;26;2;2026
3743.0;120.0;26;2;2026
11082.0;80.0;26;2;2026
5495.0;140.0;26;2;2026
5496.0;380.0;26;2;2026
5497.0;420.0;26;2;2026
5498.0;700.0;26;2;2026
5499.0;480.0;26;2;2026
5500.0;340.0;26;2;2026
5501.0;580.0;26;2;2026
5502.0;999.0;26;2;2026
5503.0;400.0;26;2;2026
5504.0;560.0;26;2;2026
11079.0;80.0;26;2;2026
5508.0;760.0;26;2;2026
5509.0;680.0;26;2;2026
5680.0;0.0;26;2;2026
5510.0;320.0;26;2;2026
5511.0;680.0;26;2;2026
11083.0;160.0;26;2;2026
5512.0;640.0;26;2;2026
5513.0;640.0;26;2;2026
11085.0;200.0;26;2;2026
3449.0;560.0;26;2;2026
7082.0;40.0;26;2;2026
7080.0;20.0;26;2;2026
11340.0;160.0;26;2;2026
7085.0;60.0;26;2;2026
10469.0;100.0;26;2;2026
5515.0;980.0;26;2;2026
5516.0;860.0;26;2;2026
5517.0;0.0;26;2;2026
5518.0;580.0;26;2;2026
5519.0;1020.0;26;2;2026
5520.0;660.0;26;2;2026
5521.0;1080.0;26;2;2026
5522.0;720.0;26;2;2026
5523.0;1020.0;26;2;2026
5524.0;940.0;26;2;2026
5525.0;999.0;26;2;2026
5526.0;1920.0;26;2;2026
5527.0;260.0;26;2;2026
5528.0;220.0;26;2;2026
5529.0;0.0;26;2;2026
5530.0;160.0;26;2;2026
5531.0;280.0;26;2;2026
5532.0;1080.0;26;2;2026
5533.0;580.0;26;2;2026
5534.0;160.0;26;2;2026
3486.0;260.0;26;2;2026
5535.0;160.0;26;2;2026
5536.0;260.0;26;2;2026
5537.0;100.0;26;2;2026
5538.0;160.0;26;2;2026
3518.0;40.0;26;2;2026
5539.0;80.0;26;2;2026
5540.0;999.0;26;2;2026
5541.0;920.0;26;2;2026
5542.0;640.0;26;2;2026
5543.0;960.0;26;2;2026
5544.0;780.0;26;2;2026
5545.0;360.0;26;2;2026
5546.0;1200.0;26;2;2026
5547.0;880.0;26;2;2026
5548.0;840.0;26;2;2026
5549.0;620.0;26;2;2026
10410.0;420.0;26;2;2026
5551.0;320.0;26;2;2026
5552.0;560.0;26;2;2026
5553.0;400.0;26;2;2026
5554.0;1180.0;26;2;2026
5555.0;120.0;26;2;2026
5556.0;180.0;26;2;2026
5557.0;499.0;26;2;2026
5558.0;220.0;26;2;2026
5559.0;280.0;26;2;2026
5560.0;460.0;26;2;2026
5561.0;300.0;26;2;2026
3642.0;280.0;26;2;2026
5562.0;100.0;26;2;2026
5563.0;160.0;26;2;2026
5564.0;240.0;26;2;2026
5565.0;1939.0;26;2;2026
5566.0;380.0;26;2;2026
5567.0;400.0;26;2;2026
5568.0;120.0;26;2;2026
5569.0;300.0;26;2;2026
5570.0;400.0;26;2;2026
5571.0;220.0;26;2;2026
5572.0;660.0;26;2;2026
5573.0;300.0;26;2;2026
5574.0;200.0;26;2;2026
5575.0;900.0;26;2;2026
5576.0;640.0;26;2;2026
5577.0;200.0;26;2;2026
5578.0;120.0;26;2;2026
5579.0;180.0;26;2;2026
5580.0;260.0;26;2;2026
5581.0;1160.0;26;2;2026
6980.0;260.0;26;2;2026
5583.0;280.0;26;2;2026
5584.0;620.0;26;2;2026
3580.0;1760.0;26;2;2026
5585.0;280.0;26;2;2026
7089.0;1360.0;26;2;2026
5587.0;1320.0;26;2;2026
3744.0;1480.0;26;2;2026
3581.0;300.0;26;2;2026
5588.0;280.0;26;2;2026
5589.0;360.0;26;2;2026
5590.0;460.0;26;2;2026
5591.0;680.0;26;2;2026
5606.0;1340.0;26;2;2026
5607.0;1360.0;26;2;2026
5608.0;580.0;26;2;2026
5609.0;960.0;26;2;2026
5610.0;360.0;26;2;2026
5611.0;420.0;26;2;2026
5612.0;20.0;26;2;2026
5613.0;960.0;26;2;2026
5614.0;0.0;26;2;2026
5615.0;0.0;26;2;2026
5616.0;440.0;26;2;2026
5617.0;480.0;26;2;2026
5618.0;520.0;26;2;2026
7093.0;840.0;26;2;2026
7088.0;520.0;26;2;2026
5586.0;840.0;26;2;2026
7092.0;840.0;26;2;2026
5619.0;0.0;26;2;2026
7086.0;120.0;26;2;2026
6981.0;840.0;26;2;2026
5582.0;999.0;26;2;2026
3452.0;1200.0;26;2;2026
9991.0;260.0;26;2;2026
3453.0;1040.0;26;2;2026
5622.0;1020.0;26;2;2026
3663.0;820.0;26;2;2026
11480.0;140.0;26;2;2026
5623.0;760.0;26;2;2026
10444.0;420.0;26;2;2026
5624.0;980.0;26;2;2026
3834.0;840.0;26;2;2026
5625.0;700.0;26;2;2026
5626.0;1060.0;26;2;2026
5627.0;340.0;26;2;2026
5628.0;60.0;26;2;2026
5629.0;400.0;26;2;2026
5630.0;300.0;26;2;2026
5631.0;20.0;26;2;2026
5632.0;160.0;26;2;2026
5633.0;120.0;26;2;2026
5634.0;900.0;26;2;2026
5635.0;640.0;26;2;2026
5636.0;800.0;26;2;2026
5637.0;580.0;26;2;2026
5638.0;480.0;26;2;2026
5639.0;120.0;26;2;2026
5640.0;20.0;26;2;2026
5641.0;200.0;26;2;2026
5642.0;220.0;26;2;2026
5643.0;280.0;26;2;2026
5645.0;999.0;26;2;2026
5646.0;920.0;26;2;2026
5647.0;40.0;26;2;2026
5648.0;180.0;26;2;2026
5649.0;200.0;26;2;2026
5650.0;420.0;26;2;2026
5651.0;220.0;26;2;2026
3790.0;1180.0;26;2;2026
5652.0;760.0;26;2;2026
5653.0;140.0;26;2;2026
5654.0;180.0;26;2;2026
5655.0;260.0;26;2;2026
5656.0;120.0;26;2;2026
5658.0;860.0;26;2;2026
5659.0;1220.0;26;2;2026
5660.0;240.0;26;2;2026
5661.0;80.0;26;2;2026
5662.0;240.0;26;2;2026
3667.0;280.0;26;2;2026
3668.0;240.0;26;2;2026
5663.0;100.0;26;2;2026
5664.0;60.0;26;2;2026
5665.0;200.0;26;2;2026
5666.0;160.0;26;2;2026
5667.0;200.0;26;2;2026
5668.0;220.0;26;2;2026
5669.0;140.0;26;2;2026
5670.0;1240.0;26;2;2026
5671.0;220.0;26;2;2026
5672.0;380.0;26;2;2026
5673.0;960.0;26;2;2026
5674.0;300.0;26;2;2026
3751.0;240.0;26;2;2026
5675.0;360.0;26;2;2026
5676.0;1020.0;26;2;2026
5677.0;60.0;26;2;2026
5678.0;360.0;26;2;2026
5679.0;100.0;26;2;2026
5681.0;300.0;26;2;2026
7111.0;760.0;26;2;2026
5682.0;440.0;26;2;2026
5683.0;40.0;26;2;2026
5684.0;800.0;26;2;2026
5685.0;1280.0;26;2;2026
5686.0;1140.0;26;2;2026
5687.0;1160.0;26;2;2026
5688.0;0.0;26;2;2026
5689.0;1160.0;26;2;2026
5690.0;260.0;26;2;2026
5691.0;0.0;26;2;2026
5692.0;820.0;26;2;2026
5693.0;600.0;26;2;2026
5694.0;240.0;26;2;2026
7094.0;460.0;26;2;2026
5657.0;20.0;26;2;2026
7112.0;840.0;26;2;2026
3424.0;720.0;26;2;2026
3425.0;820.0;26;2;2026
3426.0;980.0;26;2;2026
3427.0;820.0;26;2;2026
5695.0;940.0;26;2;2026
3583.0;940.0;26;2;2026
3584.0;1100.0;26;2;2026
5696.0;900.0;26;2;2026
5697.0;900.0;26;2;2026
5698.0;960.0;26;2;2026
5699.0;999.0;26;2;2026
5700.0;940.0;26;2;2026
5701.0;820.0;26;2;2026
5702.0;1020.0;26;2;2026
5703.0;800.0;26;2;2026
5705.0;180.0;26;2;2026
5706.0;120.0;26;2;2026
5707.0;100.0;26;2;2026
5708.0;120.0;26;2;2026
5709.0;0.0;26;2;2026
5710.0;580.0;26;2;2026
5711.0;1240.0;26;2;2026
5712.0;940.0;26;2;2026
5713.0;1600.0;26;2;2026
5714.0;2040.0;26;2;2026
5715.0;840.0;26;2;2026
5716.0;2040.0;26;2;2026
5717.0;2020.0;26;2;2026
5718.0;880.0;26;2;2026
5719.0;820.0;26;2;2026
5720.0;220.0;26;2;2026
5721.0;340.0;26;2;2026
5722.0;280.0;26;2;2026
5723.0;220.0;26;2;2026
5724.0;999.0;26;2;2026
5725.0;960.0;26;2;2026
5726.0;60.0;26;2;2026
5727.0;60.0;26;2;2026
5728.0;60.0;26;2;2026
5729.0;700.0;26;2;2026
5730.0;560.0;26;2;2026
5731.0;360.0;26;2;2026
5732.0;300.0;26;2;2026
5733.0;220.0;26;2;2026
5734.0;180.0;26;2;2026
5735.0;0.0;26;2;2026
5736.0;320.0;26;2;2026
5737.0;200.0;26;2;2026
5738.0;0.0;26;2;2026
5739.0;700.0;26;2;2026
5740.0;1100.0;26;2;2026
5741.0;480.0;26;2;2026
7115.0;432.0;26;2;2026
3454.0;220.0;26;2;2026
3455.0;640.0;26;2;2026
3456.0;120.0;26;2;2026
5742.0;0.0;26;2;2026
7018.0;2640.0;26;2;2026
7069.0;480.0;26;2;2026
7021.0;2780.0;26;2;2026
3511.0;1640.0;26;2;2026
7020.0;200.0;26;2;2026
7140.0;1420.0;26;2;2026
5761.0;2620.0;26;2;2026
5762.0;2520.0;26;2;2026
5763.0;340.0;26;2;2026
5764.0;300.0;26;2;2026
5765.0;100.0;26;2;2026
5766.0;200.0;26;2;2026
5767.0;1440.0;26;2;2026
5768.0;340.0;26;2;2026
5769.0;499.0;26;2;2026
5770.0;499.0;26;2;2026
5771.0;0.0;26;2;2026
4472.0;999.0;26;2;2026
3513.0;1380.0;26;2;2026
5772.0;999.0;26;2;2026
5773.0;760.0;26;2;2026
3498.0;1380.0;26;2;2026
5774.0;580.0;26;2;2026
5775.0;720.0;26;2;2026
5776.0;0.0;26;2;2026
5777.0;780.0;26;2;2026
3411.0;900.0;26;2;2026
3439.0;820.0;26;2;2026
5778.0;380.0;26;2;2026
5779.0;140.0;26;2;2026
5780.0;120.0;26;2;2026
3499.0;100.0;26;2;2026
3500.0;80.0;26;2;2026
7057.0;940.0;26;2;2026
3522.0;740.0;26;2;2026
4136.0;1060.0;26;2;2026
4141.0;420.0;26;2;2026
4139.0;720.0;26;2;2026
4134.0;140.0;26;2;2026
4135.0;920.0;26;2;2026
3436.0;740.0;26;2;2026
4140.0;200.0;26;2;2026
4483.0;600.0;26;2;2026
3471.0;360.0;26;2;2026
4485.0;120.0;26;2;2026
4486.0;800.0;26;2;2026
4487.0;1200.0;26;2;2026
4488.0;420.0;26;2;2026
4702.0;420.0;26;2;2026
3505.0;320.0;26;2;2026
3506.0;280.0;26;2;2026
3507.0;1420.0;26;2;2026
4703.0;1460.0;26;2;2026
3515.0;499.0;26;2;2026
3516.0;600.0;26;2;2026
4704.0;820.0;26;2;2026
4706.0;220.0;26;2;2026
4132.0;620.0;26;2;2026
4133.0;400.0;26;2;2026
9959.0;120.0;26;2;2026
4130.0;160.0;26;2;2026
4154.0;580.0;26;2;2026
7002.0;700.0;26;2;2026
4153.0;580.0;26;2;2026
7003.0;940.0;26;2;2026
7004.0;600.0;26;2;2026
4129.0;499.0;26;2;2026
4126.0;480.0;26;2;2026
4050.0;520.0;26;2;2026
4049.0;540.0;26;2;2026
4056.0;720.0;26;2;2026
4051.0;1060.0;26;2;2026
4059.0;1400.0;26;2;2026
7076.0;1380.0;26;2;2026
7023.0;160.0;26;2;2026
7074.0;860.0;26;2;2026
7072.0;120.0;26;2;2026
10852.0;20.0;26;2;2026
5782.0;80.0;26;2;2026
4137.0;60.0;26;2;2026
7100.0;40.0;26;2;2026
7099.0;40.0;26;2;2026
7083.0;40.0;26;2;2026
4127.0;140.0;26;2;2026
7070.0;360.0;26;2;2026
3856.0;1260.0;26;2;2026
3857.0;300.0;26;2;2026
3858.0;1080.0;26;2;2026
3859.0;240.0;26;2;2026
3860.0;2340.0;26;2;2026
3861.0;420.0;26;2;2026
3862.0;1500.0;26;2;2026
3864.0;420.0;26;2;2026
3865.0;780.0;26;2;2026
3866.0;420.0;26;2;2026
3867.0;720.0;26;2;2026
4191.0;540.0;26;2;2026
3868.0;480.0;26;2;2026
3869.0;600.0;26;2;2026
4192.0;900.0;26;2;2026
4193.0;1150.0;26;2;2026
3870.0;749.0;26;2;2026
3871.0;274.0;26;2;2026
3872.0;660.0;26;2;2026
3873.0;360.0;26;2;2026
3874.0;1260.0;26;2;2026
3875.0;600.0;26;2;2026
3876.0;60.0;26;2;2026
10983.0;300.0;26;2;2026
3563.0;60.0;26;2;2026
3724.0;60.0;26;2;2026
3725.0;240.0;26;2;2026
3726.0;180.0;26;2;2026
3601.0;180.0;26;2;2026
10984.0;240.0;26;2;2026
3880.0;420.0;26;2;2026
3881.0;480.0;26;2;2026
3602.0;540.0;26;2;2026
3603.0;2100.0;26;2;2026
3882.0;1740.0;26;2;2026
3883.0;1380.0;26;2;2026
3884.0;1800.0;26;2;2026
3885.0;480.0;26;2;2026
3886.0;780.0;26;2;2026
3889.0;299.0;26;2;2026
7035.0;780.0;26;2;2026
7034.0;360.0;26;2;2026
10024.0;404.0;26;2;2026
7054.0;480.0;26;2;2026
7055.0;360.0;26;2;2026
7053.0;300.0;26;2;2026
3727.0;180.0;26;2;2026
4083.0;480.0;26;2;2026
3728.0;60.0;26;2;2026
3615.0;120.0;26;2;2026
4084.0;155.0;26;2;2026
4085.0;0.0;26;2;2026
5095.0;60.0;26;2;2026
5096.0;60.0;26;2;2026
4086.0;240.0;26;2;2026
4087.0;180.0;26;2;2026
4088.0;60.0;26;2;2026
4089.0;0.0;26;2;2026
4090.0;720.0;26;2;2026
4091.0;300.0;26;2;2026
4092.0;120.0;26;2;2026
4110.0;2220.0;26;2;2026
4111.0;120.0;26;2;2026
4112.0;2156.0;26;2;2026
3729.0;588.0;26;2;2026
4113.0;1320.0;26;2;2026
4114.0;3149.0;26;2;2026
4115.0;1380.0;26;2;2026
4116.0;1440.0;26;2;2026
4117.0;60.0;26;2;2026
4118.0;180.0;26;2;2026
4119.0;780.0;26;2;2026
4120.0;120.0;26;2;2026
4122.0;1200.0;26;2;2026
4123.0;0.0;26;2;2026
4124.0;420.0;26;2;2026
4125.0;264.0;26;2;2026
4155.0;540.0;26;2;2026
3758.0;120.0;26;2;2026
3759.0;120.0;26;2;2026
3523.0;1200.0;26;2;2026
4156.0;120.0;26;2;2026
4157.0;600.0;26;2;2026
4158.0;0.0;26;2;2026
4159.0;720.0;26;2;2026
3653.0;780.0;26;2;2026
3683.0;300.0;26;2;2026
3654.0;780.0;26;2;2026
4160.0;120.0;26;2;2026
4161.0;420.0;26;2;2026
4162.0;360.0;26;2;2026
4163.0;180.0;26;2;2026
4164.0;2248.0;26;2;2026
4165.0;703.0;26;2;2026
4166.0;898.0;26;2;2026
3463.0;180.0;26;2;2026
3464.0;60.0;26;2;2026
4170.0;180.0;26;2;2026
7041.0;1440.0;26;2;2026
4172.0;720.0;26;2;2026
4173.0;900.0;26;2;2026
3691.0;1869.0;26;2;2026
3718.0;1821.0;26;2;2026
3719.0;300.0;26;2;2026
4174.0;720.0;26;2;2026
4175.0;470.0;26;2;2026
4176.0;60.0;26;2;2026
4177.0;60.0;26;2;2026
4178.0;60.0;26;2;2026
4179.0;180.0;26;2;2026
3692.0;360.0;26;2;2026
4180.0;1500.0;26;2;2026
4181.0;960.0;26;2;2026
4182.0;720.0;26;2;2026
4184.0;2100.0;26;2;2026
4185.0;300.0;26;2;2026
4186.0;300.0;26;2;2026
4187.0;420.0;26;2;2026
3585.0;0.0;26;2;2026
3586.0;360.0;26;2;2026
4188.0;61.0;26;2;2026
4189.0;180.0;26;2;2026
4190.0;379.0;26;2;2026
3465.0;1142.0;26;2;2026
3466.0;648.0;26;2;2026
3467.0;240.0;26;2;2026
4194.0;2460.0;26;2;2026
4195.0;300.0;26;2;2026
4196.0;60.0;26;2;2026
4197.0;2040.0;26;2;2026
4171.0;2340.0;26;2;2026
5080.0;420.0;26;2;2026
7136.0;1474.0;26;2;2026
7137.0;300.0;26;2;2026
7138.0;960.0;26;2;2026
7139.0;1992.0;26;2;2026
7113.0;840.0;26;2;2026
4243.0;2400.0;26;2;2026
3671.0;6060.0;26;2;2026
4244.0;1260.0;26;2;2026
4245.0;180.0;26;2;2026
4246.0;960.0;26;2;2026
4247.0;1200.0;26;2;2026
4248.0;300.0;26;2;2026
4249.0;1020.0;26;2;2026
4250.0;480.0;26;2;2026
4251.0;360.0;26;2;2026
4252.0;540.0;26;2;2026
10528.0;180.0;26;2;2026
10639.0;120.0;26;2;2026
7090.0;1620.0;26;2;2026
7091.0;660.0;26;2;2026
7101.0;1054.0;26;2;2026
4283.0;0.0;26;2;2026
4284.0;540.0;26;2;2026
4285.0;300.0;26;2;2026
4286.0;1260.0;26;2;2026
4287.0;60.0;26;2;2026
4289.0;547.0;26;2;2026
4290.0;240.0;26;2;2026
4291.0;180.0;26;2;2026
4292.0;1140.0;26;2;2026
4293.0;338.0;26;2;2026
4294.0;480.0;26;2;2026
4295.0;120.0;26;2;2026
4296.0;360.0;26;2;2026
4297.0;900.0;26;2;2026
10386.0;420.0;26;2;2026
4298.0;180.0;26;2;2026
3672.0;540.0;26;2;2026
10387.0;720.0;26;2;2026
4353.0;1140.0;26;2;2026
4301.0;300.0;26;2;2026
10388.0;0.0;26;2;2026
3730.0;1200.0;26;2;2026
10678.0;240.0;26;2;2026
4305.0;180.0;26;2;2026
4306.0;1320.0;26;2;2026
4307.0;900.0;26;2;2026
4308.0;1800.0;26;2;2026
4309.0;720.0;26;2;2026
10874.0;720.0;26;2;2026
4313.0;780.0;26;2;2026
4314.0;1140.0;26;2;2026
4315.0;420.0;26;2;2026
4316.0;180.0;26;2;2026
4317.0;360.0;26;2;2026
4318.0;35.0;26;2;2026
4319.0;502.0;26;2;2026
4320.0;315.0;26;2;2026
3650.0;660.0;26;2;2026
10885.0;300.0;26;2;2026
10875.0;900.0;26;2;2026
4337.0;780.0;26;2;2026
4338.0;1560.0;26;2;2026
4339.0;60.0;26;2;2026
4340.0;960.0;26;2;2026
4341.0;2575.0;26;2;2026
4342.0;780.0;26;2;2026
3745.0;1680.0;26;2;2026
3746.0;120.0;26;2;2026
3747.0;240.0;26;2;2026
4343.0;1200.0;26;2;2026
10646.0;780.0;26;2;2026
4345.0;720.0;26;2;2026
4346.0;1260.0;26;2;2026
4347.0;120.0;26;2;2026
4348.0;1500.0;26;2;2026
3621.0;660.0;26;2;2026
4349.0;420.0;26;2;2026
4350.0;780.0;26;2;2026
4351.0;1140.0;26;2;2026
4352.0;540.0;26;2;2026
4354.0;720.0;26;2;2026
10645.0;1080.0;26;2;2026
4355.0;1140.0;26;2;2026
4356.0;180.0;26;2;2026
4357.0;360.0;26;2;2026
4358.0;420.0;26;2;2026
4359.0;1140.0;26;2;2026
4360.0;420.0;26;2;2026
4361.0;480.0;26;2;2026
4362.0;1560.0;26;2;2026
3565.0;840.0;26;2;2026
4363.0;180.0;26;2;2026
4364.0;566.0;26;2;2026
4365.0;341.0;26;2;2026
4366.0;420.0;26;2;2026
4367.0;120.0;26;2;2026
10647.0;360.0;26;2;2026
4369.0;180.0;26;2;2026
4370.0;180.0;26;2;2026
4371.0;240.0;26;2;2026
4372.0;0.0;26;2;2026
4373.0;1260.0;26;2;2026
7066.0;360.0;26;2;2026
4375.0;180.0;26;2;2026
4376.0;1500.0;26;2;2026
4377.0;720.0;26;2;2026
10271.0;120.0;26;2;2026
10338.0;660.0;26;2;2026
10884.0;540.0;26;2;2026
10883.0;300.0;26;2;2026
10878.0;1140.0;26;2;2026
7063.0;480.0;26;2;2026
7065.0;960.0;26;2;2026
10986.0;1260.0;26;2;2026
4479.0;360.0;26;2;2026
3437.0;1020.0;26;2;2026
3438.0;60.0;26;2;2026
4480.0;420.0;26;2;2026
4481.0;240.0;26;2;2026
3675.0;180.0;26;2;2026
3676.0;240.0;26;2;2026
4304.0;382.0;26;2;2026
4484.0;360.0;26;2;2026
3470.0;360.0;26;2;2026
4321.0;600.0;26;2;2026
4322.0;120.0;26;2;2026
4323.0;701.0;26;2;2026
4324.0;1080.0;26;2;2026
3651.0;780.0;26;2;2026
4489.0;720.0;26;2;2026
4490.0;420.0;26;2;2026
3512.0;180.0;26;2;2026
4491.0;0.0;26;2;2026
11427.0;120.0;26;2;2026
7058.0;240.0;26;2;2026
7059.0;120.0;26;2;2026
7073.0;540.0;26;2;2026
11428.0;0.0;26;2;2026
10000.0;0.0;26;2;2026
10467.0;60.0;26;2;2026
4575.0;960.0;26;2;2026
4576.0;720.0;26;2;2026
3738.0;0.0;26;2;2026
4577.0;660.0;26;2;2026
4578.0;540.0;26;2;2026
4579.0;780.0;26;2;2026
4580.0;240.0;26;2;2026
4581.0;600.0;26;2;2026
4582.0;540.0;26;2;2026
10809.0;94.0;26;2;2026
10813.0;420.0;26;2;2026
4585.0;1543.0;26;2;2026
4586.0;60.0;26;2;2026
4587.0;840.0;26;2;2026
4588.0;480.0;26;2;2026
4589.0;540.0;26;2;2026
4590.0;0.0;26;2;2026
4591.0;0.0;26;2;2026
4592.0;540.0;26;2;2026
4593.0;540.0;26;2;2026
4594.0;480.0;26;2;2026
4595.0;420.0;26;2;2026
4598.0;289.0;26;2;2026
4599.0;300.0;26;2;2026
4600.0;720.0;26;2;2026
4601.0;120.0;26;2;2026
4602.0;60.0;26;2;2026
4603.0;360.0;26;2;2026
4604.0;1020.0;26;2;2026
4605.0;660.0;26;2;2026
4606.0;540.0;26;2;2026
4607.0;540.0;26;2;2026
11450.0;120.0;26;2;2026
10033.0;240.0;26;2;2026
11451.0;660.0;26;2;2026
5598.0;300.0;26;2;2026
5599.0;120.0;26;2;2026
3773.0;120.0;26;2;2026
5600.0;120.0;26;2;2026
5601.0;480.0;26;2;2026
5602.0;120.0;26;2;2026
5603.0;60.0;26;2;2026
5604.0;300.0;26;2;2026
5605.0;240.0;26;2;2026
4707.0;540.0;26;2;2026
4715.0;180.0;26;2;2026
4716.0;540.0;26;2;2026
4717.0;180.0;26;2;2026
4718.0;180.0;26;2;2026
3401.0;300.0;26;2;2026
4739.0;0.0;26;2;2026
4740.0;0.0;26;2;2026
4741.0;0.0;26;2;2026
4742.0;0.0;26;2;2026
4743.0;0.0;26;2;2026
4744.0;0.0;26;2;2026
4746.0;0.0;26;2;2026
4747.0;0.0;26;2;2026
4748.0;0.0;26;2;2026
4749.0;0.0;26;2;2026
4750.0;0.0;26;2;2026
4751.0;0.0;26;2;2026
3566.0;0.0;26;2;2026
3567.0;0.0;26;2;2026
3568.0;0.0;26;2;2026
4752.0;0.0;26;2;2026
10977.0;0.0;26;2;2026
4754.0;0.0;26;2;2026
10978.0;0.0;26;2;2026
10979.0;0.0;26;2;2026
4758.0;0.0;26;2;2026
4759.0;0.0;26;2;2026
4760.0;0.0;26;2;2026
4761.0;0.0;26;2;2026
4762.0;0.0;26;2;2026
4763.0;0.0;26;2;2026
4764.0;0.0;26;2;2026
4766.0;0.0;26;2;2026
4767.0;0.0;26;2;2026
4768.0;0.0;26;2;2026
4769.0;0.0;26;2;2026
4771.0;0.0;26;2;2026
10226.0;0.0;26;2;2026
10225.0;0.0;26;2;2026
10228.0;0.0;26;2;2026
4755.0;0.0;26;2;2026
4745.0;0.0;26;2;2026
4753.0;0.0;26;2;2026
4756.0;0.0;26;2;2026
10236.0;0.0;26;2;2026
10237.0;0.0;26;2;2026
4770.0;0.0;26;2;2026
10227.0;0.0;26;2;2026
4772.0;0.0;26;2;2026
4765.0;0.0;26;2;2026
4802.0;0.0;26;2;2026
4803.0;0.0;26;2;2026
4794.0;0.0;26;2;2026
4808.0;0.0;26;2;2026
4809.0;0.0;26;2;2026
4810.0;0.0;26;2;2026
4811.0;0.0;26;2;2026
4812.0;0.0;26;2;2026
4813.0;0.0;26;2;2026
4818.0;0.0;26;2;2026
4819.0;0.0;26;2;2026
10568.0;0.0;26;2;2026
10569.0;0.0;26;2;2026
4822.0;0.0;26;2;2026
4823.0;0.0;26;2;2026
3569.0;0.0;26;2;2026
4824.0;0.0;26;2;2026
4825.0;0.0;26;2;2026
4826.0;0.0;26;2;2026
4827.0;0.0;26;2;2026
4828.0;0.0;26;2;2026
4829.0;0.0;26;2;2026
3802.0;0.0;26;2;2026
3803.0;0.0;26;2;2026
4830.0;0.0;26;2;2026
4831.0;0.0;26;2;2026
4832.0;0.0;26;2;2026
4833.0;0.0;26;2;2026
4834.0;0.0;26;2;2026
4835.0;0.0;26;2;2026
4836.0;0.0;26;2;2026
4837.0;0.0;26;2;2026
10873.0;0.0;26;2;2026
10286.0;0.0;26;2;2026
10288.0;0.0;26;2;2026
10287.0;0.0;26;2;2026
10289.0;0.0;26;2;2026
10492.0;0.0;26;2;2026
10493.0;0.0;26;2;2026
10494.0;0.0;26;2;2026
10863.0;0.0;26;2;2026
10864.0;0.0;26;2;2026
10871.0;0.0;26;2;2026
10858.0;0.0;26;2;2026
10859.0;0.0;26;2;2026
10860.0;0.0;26;2;2026
10861.0;0.0;26;2;2026
10877.0;0.0;26;2;2026
10876.0;0.0;26;2;2026
10906.0;0.0;26;2;2026
10284.0;0.0;26;2;2026
10285.0;0.0;26;2;2026
10872.0;0.0;26;2;2026
4817.0;0.0;26;2;2026
4838.0;0.0;26;2;2026
4820.0;0.0;26;2;2026
4821.0;0.0;26;2;2026
11437.0;0.0;26;2;2026
4839.0;0.0;26;2;2026
4840.0;0.0;26;2;2026
4841.0;0.0;26;2;2026
3623.0;0.0;26;2;2026
3624.0;0.0;26;2;2026
4842.0;0.0;26;2;2026
6825.0;0.0;26;2;2026
11044.0;0.0;26;2;2026
11039.0;0.0;26;2;2026
11042.0;0.0;26;2;2026
11043.0;0.0;26;2;2026
11045.0;0.0;26;2;2026
10401.0;0.0;26;2;2026
7001.0;0.0;26;2;2026
4845.0;0.0;26;2;2026
4846.0;0.0;26;2;2026
4847.0;0.0;26;2;2026
4848.0;0.0;26;2;2026
4849.0;0.0;26;2;2026
4850.0;0.0;26;2;2026
4851.0;0.0;26;2;2026
4852.0;0.0;26;2;2026
4853.0;0.0;26;2;2026
4854.0;0.0;26;2;2026
4855.0;0.0;26;2;2026
4856.0;0.0;26;2;2026
7000.0;0.0;26;2;2026
4843.0;0.0;26;2;2026
11041.0;0.0;26;2;2026
11040.0;0.0;26;2;2026
10514.0;0.0;26;2;2026
10522.0;0.0;26;2;2026
10520.0;0.0;26;2;2026
10521.0;0.0;26;2;2026
4860.0;0.0;26;2;2026
10519.0;0.0;26;2;2026
10517.0;0.0;26;2;2026
10518.0;0.0;26;2;2026
10516.0;0.0;26;2;2026
10515.0;0.0;26;2;2026
10513.0;0.0;26;2;2026
4876.0;0.0;26;2;2026
4869.0;0.0;26;2;2026
4870.0;0.0;26;2;2026
4871.0;0.0;26;2;2026
5220.0;0.0;26;2;2026
4882.0;0.0;26;2;2026
4883.0;0.0;26;2;2026
4885.0;0.0;26;2;2026
4886.0;0.0;26;2;2026
4887.0;0.0;26;2;2026
4888.0;0.0;26;2;2026
4889.0;0.0;26;2;2026
3625.0;0.0;26;2;2026
3626.0;0.0;26;2;2026
3627.0;0.0;26;2;2026
4890.0;0.0;26;2;2026
4858.0;0.0;26;2;2026
5203.0;0.0;26;2;2026
4861.0;0.0;26;2;2026
4859.0;0.0;26;2;2026
4867.0;0.0;26;2;2026
4868.0;0.0;26;2;2026
3419.0;0.0;26;2;2026
4891.0;0.0;26;2;2026
10523.0;0.0;26;2;2026
10524.0;0.0;26;2;2026
10526.0;0.0;26;2;2026
10525.0;0.0;26;2;2026
10961.0;0.0;26;2;2026
6635.0;0.0;26;2;2026
6636.0;0.0;26;2;2026
6637.0;0.0;26;2;2026
6638.0;0.0;26;2;2026
4878.0;0.0;26;2;2026
4879.0;0.0;26;2;2026
4880.0;0.0;26;2;2026
5204.0;0.0;26;2;2026
4881.0;0.0;26;2;2026
5219.0;0.0;26;2;2026
5217.0;0.0;26;2;2026
5218.0;0.0;26;2;2026
10108.0;0.0;26;2;2026
10106.0;0.0;26;2;2026
10104.0;0.0;26;2;2026
10107.0;0.0;26;2;2026
4866.0;0.0;26;2;2026
10512.0;0.0;26;2;2026
10962.0;0.0;26;2;2026
4872.0;0.0;26;2;2026
4873.0;0.0;26;2;2026
4877.0;0.0;26;2;2026
4874.0;0.0;26;2;2026
4875.0;0.0;26;2;2026
4884.0;0.0;26;2;2026
4862.0;0.0;26;2;2026
4863.0;0.0;26;2;2026
10105.0;0.0;26;2;2026
4865.0;0.0;26;2;2026
3835.0;0.0;26;2;2026
6632.0;0.0;26;2;2026
6631.0;0.0;26;2;2026
6633.0;0.0;26;2;2026
6634.0;0.0;26;2;2026
3570.0;0.0;26;2;2026
4857.0;0.0;26;2;2026
10968.0;0.0;26;2;2026
10994.0;0.0;26;2;2026
10995.0;0.0;26;2;2026
10992.0;0.0;26;2;2026
10993.0;0.0;26;2;2026
10969.0;0.0;26;2;2026
10971.0;0.0;26;2;2026
4895.0;0.0;26;2;2026
4896.0;0.0;26;2;2026
4897.0;0.0;26;2;2026
4898.0;0.0;26;2;2026
4899.0;0.0;26;2;2026
4900.0;0.0;26;2;2026
4901.0;0.0;26;2;2026
4902.0;0.0;26;2;2026
10970.0;0.0;26;2;2026
10972.0;0.0;26;2;2026
11075.0;0.0;26;2;2026
11073.0;0.0;26;2;2026
11074.0;0.0;26;2;2026
11072.0;0.0;26;2;2026
4912.0;0.0;26;2;2026
4909.0;0.0;26;2;2026
4913.0;0.0;26;2;2026
4914.0;0.0;26;2;2026
4917.0;0.0;26;2;2026
4916.0;0.0;26;2;2026
4910.0;0.0;26;2;2026
4915.0;0.0;26;2;2026
4922.0;0.0;26;2;2026
4923.0;0.0;26;2;2026
10684.0;0.0;26;2;2026
10683.0;0.0;26;2;2026
4926.0;0.0;26;2;2026
4927.0;0.0;26;2;2026
10942.0;0.0;26;2;2026
4929.0;0.0;26;2;2026
4930.0;0.0;26;2;2026
4931.0;0.0;26;2;2026
4932.0;0.0;26;2;2026
4933.0;0.0;26;2;2026
4934.0;0.0;26;2;2026
10941.0;0.0;26;2;2026
10601.0;0.0;26;2;2026
4935.0;0.0;26;2;2026
10940.0;0.0;26;2;2026
11024.0;0.0;26;2;2026
4938.0;0.0;26;2;2026
11022.0;0.0;26;2;2026
11021.0;0.0;26;2;2026
4941.0;0.0;26;2;2026
4942.0;0.0;26;2;2026
4943.0;0.0;26;2;2026
4944.0;0.0;26;2;2026
4945.0;0.0;26;2;2026
4946.0;0.0;26;2;2026
4947.0;0.0;26;2;2026
3571.0;0.0;26;2;2026
4948.0;0.0;26;2;2026
4949.0;0.0;26;2;2026
4950.0;0.0;26;2;2026
4951.0;0.0;26;2;2026
4952.0;0.0;26;2;2026
4953.0;0.0;26;2;2026
11023.0;0.0;26;2;2026
3404.0;0.0;26;2;2026
3405.0;0.0;26;2;2026
4956.0;0.0;26;2;2026
4957.0;0.0;26;2;2026
7006.0;0.0;26;2;2026
7005.0;0.0;26;2;2026
11212.0;0.0;26;2;2026
3768.0;0.0;26;2;2026
9879.0;0.0;26;2;2026
9878.0;0.0;26;2;2026
9985.0;0.0;26;2;2026
10495.0;0.0;26;2;2026
10496.0;0.0;26;2;2026
10497.0;0.0;26;2;2026
10797.0;0.0;26;2;2026
10798.0;0.0;26;2;2026
10837.0;0.0;26;2;2026
10838.0;0.0;26;2;2026
10842.0;0.0;26;2;2026
6829.0;0.0;26;2;2026
4955.0;0.0;26;2;2026
4925.0;0.0;26;2;2026
4928.0;0.0;26;2;2026
4960.0;0.0;26;2;2026
6828.0;0.0;26;2;2026
4958.0;0.0;26;2;2026
4959.0;0.0;26;2;2026
4940.0;0.0;26;2;2026
4954.0;0.0;26;2;2026
6824.0;0.0;26;2;2026
10403.0;0.0;26;2;2026
11052.0;0.0;26;2;2026
10402.0;0.0;26;2;2026
4964.0;0.0;26;2;2026
10990.0;0.0;26;2;2026
3480.0;0.0;26;2;2026
10991.0;0.0;26;2;2026
4962.0;0.0;26;2;2026
4963.0;0.0;26;2;2026
11047.0;0.0;26;2;2026
4965.0;0.0;26;2;2026
11050.0;0.0;26;2;2026
4967.0;0.0;26;2;2026
4968.0;0.0;26;2;2026
11051.0;0.0;26;2;2026
11049.0;0.0;26;2;2026
4971.0;0.0;26;2;2026
3420.0;0.0;26;2;2026
4972.0;0.0;26;2;2026
4973.0;0.0;26;2;2026
4974.0;0.0;26;2;2026
4975.0;0.0;26;2;2026
4976.0;0.0;26;2;2026
4977.0;0.0;26;2;2026
11046.0;0.0;26;2;2026
4979.0;0.0;26;2;2026
4980.0;0.0;26;2;2026
4981.0;0.0;26;2;2026
4982.0;0.0;26;2;2026
4983.0;0.0;26;2;2026
4984.0;0.0;26;2;2026
4985.0;0.0;26;2;2026
4986.0;0.0;26;2;2026
4987.0;0.0;26;2;2026
4989.0;0.0;26;2;2026
3406.0;0.0;26;2;2026
4994.0;0.0;26;2;2026
4995.0;0.0;26;2;2026
4996.0;0.0;26;2;2026
4997.0;0.0;26;2;2026
3630.0;0.0;26;2;2026
3631.0;0.0;26;2;2026
3632.0;0.0;26;2;2026
4998.0;0.0;26;2;2026
4999.0;0.0;26;2;2026
3446.0;0.0;26;2;2026
5000.0;0.0;26;2;2026
10488.0;0.0;26;2;2026
10489.0;0.0;26;2;2026
10487.0;0.0;26;2;2026
11053.0;0.0;26;2;2026
11054.0;0.0;26;2;2026
4993.0;0.0;26;2;2026
4961.0;0.0;26;2;2026
11048.0;0.0;26;2;2026
10092.0;0.0;26;2;2026
4966.0;0.0;26;2;2026
4969.0;0.0;26;2;2026
4970.0;0.0;26;2;2026
4978.0;0.0;26;2;2026
3445.0;0.0;26;2;2026
4992.0;0.0;26;2;2026
3527.0;0.0;26;2;2026
4988.0;0.0;26;2;2026
3643.0;480.0;26;2;2026
5870.0;450.0;26;2;2026
5871.0;360.0;26;2;2026
5872.0;510.0;26;2;2026
5873.0;360.0;26;2;2026
5874.0;330.0;26;2;2026
5875.0;300.0;26;2;2026
5876.0;570.0;26;2;2026
5877.0;630.0;26;2;2026
5878.0;450.0;26;2;2026
5879.0;990.0;26;2;2026
10027.0;384.0;26;2;2026
5881.0;1440.0;26;2;2026
5882.0;240.0;26;2;2026
5883.0;120.0;26;2;2026
5884.0;360.0;26;2;2026
5885.0;154.0;26;2;2026
5886.0;206.0;26;2;2026
10134.0;60.0;26;2;2026
5888.0;390.0;26;2;2026
5889.0;240.0;26;2;2026
5890.0;180.0;26;2;2026
5891.0;570.0;26;2;2026
5892.0;384.0;26;2;2026
5893.0;816.0;26;2;2026
11031.0;240.0;26;2;2026
11099.0;0.0;26;2;2026
5894.0;150.0;26;2;2026
5895.0;0.0;26;2;2026
5896.0;0.0;26;2;2026
11096.0;0.0;26;2;2026
11095.0;120.0;26;2;2026
5897.0;0.0;26;2;2026
5898.0;0.0;26;2;2026
5899.0;630.0;26;2;2026
5900.0;528.0;26;2;2026
10055.0;0.0;26;2;2026
10051.0;0.0;26;2;2026
10053.0;0.0;26;2;2026
10052.0;0.0;26;2;2026
10054.0;0.0;26;2;2026
11098.0;0.0;26;2;2026
10277.0;330.0;26;2;2026
10276.0;420.0;26;2;2026
10278.0;270.0;26;2;2026
10279.0;270.0;26;2;2026
11100.0;0.0;26;2;2026
10280.0;120.0;26;2;2026
3713.0;120.0;26;2;2026
10281.0;390.0;26;2;2026
10295.0;570.0;26;2;2026
10296.0;570.0;26;2;2026
10640.0;0.0;26;2;2026
10643.0;0.0;26;2;2026
10642.0;0.0;26;2;2026
10641.0;0.0;26;2;2026
10644.0;0.0;26;2;2026
10664.0;0.0;26;2;2026
10663.0;0.0;26;2;2026
10665.0;0.0;26;2;2026
10666.0;0.0;26;2;2026
10667.0;0.0;26;2;2026
10668.0;0.0;26;2;2026
10886.0;90.0;26;2;2026
10887.0;150.0;26;2;2026
10879.0;150.0;26;2;2026
10882.0;30.0;26;2;2026
10880.0;120.0;26;2;2026
10881.0;90.0;26;2;2026
11027.0;30.0;26;2;2026
11101.0;0.0;26;2;2026
11103.0;0.0;26;2;2026
11104.0;0.0;26;2;2026
11102.0;0.0;26;2;2026
11097.0;0.0;26;2;2026
11262.0;0.0;26;2;2026
11263.0;0.0;26;2;2026
11264.0;0.0;26;2;2026
11265.0;0.0;26;2;2026
10072.0;0.0;26;2;2026
10073.0;0.0;26;2;2026
10075.0;0.0;26;2;2026
10074.0;0.0;26;2;2026
10070.0;0.0;26;2;2026
3714.0;120.0;26;2;2026
5906.0;0.0;26;2;2026
5887.0;180.0;26;2;2026
5903.0;0.0;26;2;2026
5901.0;0.0;26;2;2026
5902.0;60.0;26;2;2026
11261.0;30.0;26;2;2026
5904.0;0.0;26;2;2026
5905.0;0.0;26;2;2026
3712.0;60.0;26;2;2026
4773.0;0.0;26;2;2026
10612.0;0.0;26;2;2026
4774.0;0.0;26;2;2026
4775.0;0.0;26;2;2026
10609.0;0.0;26;2;2026
4777.0;0.0;26;2;2026
4776.0;0.0;26;2;2026
4781.0;0.0;26;2;2026
4807.0;0.0;26;2;2026
10610.0;0.0;26;2;2026
4780.0;0.0;26;2;2026
4804.0;0.0;26;2;2026
4805.0;0.0;26;2;2026
4806.0;0.0;26;2;2026
10582.0;0.0;26;2;2026
4782.0;0.0;26;2;2026
10905.0;0.0;26;2;2026
3479.0;0.0;26;2;2026
3517.0;0.0;26;2;2026
10611.0;0.0;26;2;2026
10056.0;0.0;26;2;2026
11025.0;0.0;26;2;2026
3572.0;0.0;26;2;2026
5037.0;0.0;26;2;2026
5038.0;0.0;26;2;2026
5039.0;0.0;26;2;2026
5040.0;0.0;26;2;2026
5041.0;0.0;26;2;2026
5042.0;0.0;26;2;2026
5043.0;0.0;26;2;2026
5044.0;0.0;26;2;2026
5045.0;0.0;26;2;2026
5046.0;0.0;26;2;2026
5047.0;0.0;26;2;2026
5048.0;0.0;26;2;2026
5049.0;0.0;26;2;2026
5050.0;0.0;26;2;2026
5051.0;0.0;26;2;2026
3684.0;0.0;26;2;2026
5052.0;0.0;26;2;2026
5053.0;0.0;26;2;2026
5054.0;0.0;26;2;2026
5055.0;0.0;26;2;2026
5056.0;0.0;26;2;2026
5058.0;0.0;26;2;2026
5059.0;0.0;26;2;2026
3685.0;0.0;26;2;2026
3686.0;0.0;26;2;2026
5060.0;0.0;26;2;2026
5245.0;0.0;26;2;2026
5246.0;0.0;26;2;2026
5247.0;0.0;26;2;2026
5061.0;0.0;26;2;2026
10025.0;0.0;26;2;2026
10282.0;0.0;26;2;2026
5036.0;0.0;26;2;2026
3447.0;0.0;26;2;2026
5255.0;383.0;26;2;2026
5063.0;0.0;26;2;2026
5064.0;306.0;26;2;2026
5065.0;536.0;26;2;2026
10575.0;38.0;26;2;2026
5067.0;120.0;26;2;2026
5068.0;0.0;26;2;2026
5069.0;0.0;26;2;2026
5070.0;191.0;26;2;2026
5071.0;115.0;26;2;2026
5075.0;153.0;26;2;2026
5076.0;77.0;26;2;2026
3655.0;230.0;26;2;2026
5077.0;574.0;26;2;2026
5078.0;728.0;26;2;2026
5079.0;77.0;26;2;2026
5083.0;360.0;26;2;2026
5084.0;0.0;26;2;2026
5085.0;0.0;26;2;2026
3742.0;0.0;26;2;2026
5087.0;0.0;26;2;2026
5088.0;0.0;26;2;2026
5089.0;115.0;26;2;2026
5090.0;0.0;26;2;2026
5091.0;0.0;26;2;2026
10576.0;0.0;26;2;2026
10577.0;77.0;26;2;2026
10578.0;77.0;26;2;2026
10579.0;80.0;26;2;2026
3574.0;0.0;26;2;2026
10580.0;0.0;26;2;2026
10581.0;0.0;26;2;2026
10982.0;0.0;26;2;2026
11030.0;0.0;26;2;2026
11005.0;0.0;26;2;2026
11006.0;0.0;26;2;2026
3634.0;0.0;26;2;2026
10257.0;191.0;26;2;2026
10256.0;0.0;26;2;2026
10250.0;0.0;26;2;2026
10251.0;613.0;26;2;2026
10614.0;498.0;26;2;2026
10613.0;38.0;26;2;2026
10615.0;77.0;26;2;2026
10637.0;421.0;26;2;2026
10638.0;230.0;26;2;2026
10617.0;421.0;26;2;2026
10618.0;0.0;26;2;2026
10616.0;38.0;26;2;2026
11007.0;0.0;26;2;2026
3635.0;0.0;26;2;2026
10332.0;0.0;26;2;2026
10848.0;0.0;26;2;2026
10849.0;0.0;26;2;2026
10850.0;0.0;26;2;2026
5093.0;77.0;26;2;2026
3687.0;115.0;26;2;2026
3573.0;0.0;26;2;2026
3633.0;0.0;26;2;2026
5094.0;0.0;26;2;2026
5098.0;0.0;26;2;2026
3551.0;0.0;26;2;2026
11314.0;0.0;26;2;2026
11313.0;0.0;26;2;2026
10358.0;0.0;26;2;2026
5101.0;0.0;26;2;2026
5102.0;0.0;26;2;2026
5105.0;0.0;26;2;2026
5108.0;0.0;26;2;2026
5110.0;0.0;26;2;2026
5115.0;0.0;26;2;2026
5118.0;0.0;26;2;2026
5119.0;0.0;26;2;2026
5120.0;0.0;26;2;2026
5121.0;0.0;26;2;2026
5122.0;0.0;26;2;2026
3481.0;0.0;26;2;2026
5123.0;0.0;26;2;2026
5124.0;0.0;26;2;2026
5132.0;0.0;26;2;2026
5133.0;0.0;26;2;2026
5134.0;0.0;26;2;2026
5135.0;0.0;26;2;2026
5136.0;0.0;26;2;2026
5137.0;0.0;26;2;2026
5138.0;0.0;26;2;2026
5139.0;0.0;26;2;2026
5140.0;0.0;26;2;2026
5141.0;0.0;26;2;2026
5144.0;0.0;26;2;2026
5145.0;0.0;26;2;2026
5146.0;0.0;26;2;2026
5147.0;0.0;26;2;2026
5148.0;0.0;26;2;2026
3769.0;0.0;26;2;2026
5092.0;0.0;26;2;2026
10510.0;0.0;26;2;2026
10507.0;0.0;26;2;2026
10508.0;0.0;26;2;2026
10509.0;0.0;26;2;2026
10506.0;0.0;26;2;2026
10505.0;0.0;26;2;2026
10504.0;0.0;26;2;2026
10502.0;0.0;26;2;2026
10503.0;0.0;26;2;2026
10500.0;0.0;26;2;2026
10501.0;0.0;26;2;2026
10981.0;0.0;26;2;2026
11026.0;0.0;26;2;2026
6959.0;0.0;26;2;2026
6960.0;0.0;26;2;2026
6961.0;0.0;26;2;2026
9998.0;0.0;26;2;2026
9996.0;0.0;26;2;2026
9997.0;0.0;26;2;2026
9995.0;0.0;26;2;2026
10067.0;0.0;26;2;2026
10069.0;0.0;26;2;2026
10068.0;0.0;26;2;2026
10230.0;0.0;26;2;2026
10229.0;0.0;26;2;2026
10235.0;0.0;26;2;2026
10232.0;0.0;26;2;2026
10326.0;0.0;26;2;2026
10328.0;0.0;26;2;2026
10330.0;0.0;26;2;2026
10329.0;0.0;26;2;2026
10310.0;0.0;26;2;2026
10309.0;0.0;26;2;2026
10331.0;0.0;26;2;2026
10319.0;0.0;26;2;2026
10313.0;0.0;26;2;2026
10311.0;0.0;26;2;2026
10312.0;0.0;26;2;2026
10315.0;0.0;26;2;2026
10314.0;0.0;26;2;2026
10316.0;0.0;26;2;2026
10325.0;0.0;26;2;2026
10327.0;0.0;26;2;2026
10324.0;0.0;26;2;2026
10323.0;0.0;26;2;2026
10322.0;0.0;26;2;2026
10321.0;0.0;26;2;2026
10317.0;0.0;26;2;2026
10318.0;0.0;26;2;2026
10320.0;0.0;26;2;2026
10405.0;0.0;26;2;2026
10404.0;0.0;26;2;2026
10406.0;0.0;26;2;2026
10536.0;0.0;26;2;2026
10534.0;0.0;26;2;2026
10535.0;0.0;26;2;2026
10532.0;0.0;26;2;2026
10533.0;0.0;26;2;2026
10531.0;0.0;26;2;2026
3814.0;0.0;26;2;2026
3680.0;0.0;26;2;2026
6547.0;0.0;26;2;2026
9999.0;0.0;26;2;2026
10231.0;0.0;26;2;2026
6545.0;0.0;26;2;2026
6546.0;0.0;26;2;2026
3813.0;0.0;26;2;2026
10234.0;0.0;26;2;2026
10233.0;0.0;26;2;2026
10537.0;0.0;26;2;2026
6559.0;0.0;26;2;2026
6560.0;0.0;26;2;2026
6561.0;0.0;26;2;2026
6562.0;0.0;26;2;2026
6563.0;0.0;26;2;2026
6564.0;0.0;26;2;2026
6565.0;0.0;26;2;2026
6566.0;0.0;26;2;2026
6567.0;0.0;26;2;2026
6568.0;0.0;26;2;2026
6569.0;0.0;26;2;2026
3788.0;0.0;26;2;2026
6570.0;0.0;26;2;2026
6571.0;0.0;26;2;2026
6572.0;0.0;26;2;2026
6573.0;0.0;26;2;2026
6575.0;0.0;26;2;2026
6955.0;0.0;26;2;2026
6574.0;0.0;26;2;2026
6956.0;0.0;26;2;2026
3723.0;0.0;26;2;2026
6954.0;0.0;26;2;2026
10197.0;0.0;26;2;2026
10291.0;0.0;26;2;2026
10294.0;0.0;26;2;2026
10333.0;0.0;26;2;2026
10335.0;0.0;26;2;2026
10334.0;0.0;26;2;2026
10336.0;0.0;26;2;2026
10293.0;0.0;26;2;2026
10292.0;0.0;26;2;2026
7110.0;0.0;26;2;2026
6578.0;0.0;26;2;2026
6579.0;0.0;26;2;2026
6580.0;0.0;26;2;2026
3787.0;0.0;26;2;2026
6953.0;0.0;26;2;2026
6962.0;0.0;26;2;2026
6582.0;0.0;26;2;2026
6583.0;0.0;26;2;2026
6963.0;0.0;26;2;2026
6965.0;0.0;26;2;2026
6966.0;0.0;26;2;2026
11470.0;0.0;26;2;2026
6964.0;0.0;26;2;2026
9861.0;0.0;26;2;2026
9862.0;0.0;26;2;2026
9858.0;0.0;26;2;2026
9859.0;0.0;26;2;2026
6970.0;0.0;26;2;2026
9860.0;0.0;26;2;2026
10028.0;0.0;26;2;2026
5880.0;0.0;26;2;2026
10029.0;0.0;26;2;2026
10376.0;0.0;26;2;2026
10337.0;0.0;26;2;2026
10363.0;0.0;26;2;2026
10364.0;0.0;26;2;2026
10365.0;0.0;26;2;2026
10377.0;0.0;26;2;2026
10378.0;0.0;26;2;2026
10381.0;0.0;26;2;2026
10382.0;0.0;26;2;2026
10383.0;0.0;26;2;2026
10384.0;0.0;26;2;2026
10366.0;0.0;26;2;2026
10367.0;0.0;26;2;2026
10368.0;0.0;26;2;2026
10369.0;0.0;26;2;2026
10371.0;0.0;26;2;2026
10370.0;0.0;26;2;2026
10374.0;0.0;26;2;2026
10375.0;0.0;26;2;2026
10372.0;0.0;26;2;2026
10373.0;0.0;26;2;2026
10413.0;0.0;26;2;2026
10414.0;0.0;26;2;2026
10412.0;0.0;26;2;2026
10441.0;0.0;26;2;2026
10442.0;0.0;26;2;2026
10443.0;0.0;26;2;2026
10415.0;0.0;26;2;2026
10417.0;0.0;26;2;2026
10416.0;0.0;26;2;2026
10686.0;0.0;26;2;2026
10420.0;0.0;26;2;2026
10421.0;0.0;26;2;2026
10431.0;0.0;26;2;2026
10432.0;0.0;26;2;2026
10433.0;0.0;26;2;2026
10434.0;0.0;26;2;2026
10423.0;0.0;26;2;2026
10583.0;0.0;26;2;2026
10584.0;0.0;26;2;2026
10691.0;0.0;26;2;2026
10419.0;0.0;26;2;2026
10688.0;0.0;26;2;2026
10689.0;0.0;26;2;2026
10690.0;0.0;26;2;2026
10687.0;0.0;26;2;2026
10692.0;0.0;26;2;2026
10799.0;0.0;26;2;2026
10800.0;0.0;26;2;2026
10801.0;0.0;26;2;2026
10817.0;0.0;26;2;2026
10815.0;0.0;26;2;2026
10816.0;0.0;26;2;2026
11355.0;0.0;26;2;2026
11354.0;0.0;26;2;2026
11353.0;0.0;26;2;2026
11358.0;0.0;26;2;2026
11361.0;0.0;26;2;2026
11360.0;0.0;26;2;2026
11359.0;0.0;26;2;2026
11357.0;0.0;26;2;2026
11356.0;0.0;26;2;2026
10030.0;0.0;26;2;2026
10136.0;0.0;26;2;2026
3530.0;0.0;26;2;2026
6591.0;0.0;26;2;2026
10188.0;0.0;26;2;2026
10189.0;0.0;26;2;2026
10190.0;0.0;26;2;2026
10191.0;0.0;26;2;2026
10215.0;0.0;26;2;2026
10214.0;0.0;26;2;2026
10213.0;0.0;26;2;2026
6596.0;0.0;26;2;2026
10591.0;0.0;26;2;2026
10853.0;0.0;26;2;2026
11342.0;0.0;26;2;2026
11341.0;0.0;26;2;2026
11343.0;0.0;26;2;2026
11345.0;0.0;26;2;2026
6584.0;0.0;26;2;2026
6585.0;0.0;26;2;2026
6586.0;0.0;26;2;2026
6587.0;0.0;26;2;2026
6588.0;0.0;26;2;2026
6589.0;0.0;26;2;2026
6590.0;0.0;26;2;2026
11344.0;0.0;26;2;2026
10060.0;0.0;26;2;2026
10059.0;0.0;26;2;2026
10058.0;0.0;26;2;2026
6595.0;0.0;26;2;2026
3509.0;0.0;26;2;2026
11294.0;0.0;26;2;2026
6597.0;0.0;26;2;2026
6598.0;0.0;26;2;2026
3794.0;0.0;26;2;2026
6599.0;0.0;26;2;2026
3795.0;0.0;26;2;2026
10529.0;0.0;26;2;2026
10566.0;0.0;26;2;2026
10563.0;0.0;26;2;2026
10562.0;0.0;26;2;2026
10564.0;0.0;26;2;2026
10062.0;0.0;26;2;2026
10061.0;0.0;26;2;2026
10090.0;0.0;26;2;2026
10088.0;0.0;26;2;2026
10091.0;0.0;26;2;2026
10086.0;0.0;26;2;2026
10181.0;0.0;26;2;2026
6594.0;0.0;26;2;2026
10693.0;0.0;26;2;2026
10694.0;0.0;26;2;2026
10854.0;0.0;26;2;2026
10855.0;0.0;26;2;2026
10856.0;0.0;26;2;2026
10857.0;0.0;26;2;2026
10359.0;0.0;26;2;2026
10565.0;0.0;26;2;2026
10567.0;0.0;26;2;2026
3700.0;0.0;26;2;2026
6600.0;0.0;26;2;2026
10361.0;0.0;26;2;2026
10360.0;0.0;26;2;2026
5149.0;0.0;26;2;2026
10989.0;0.0;26;2;2026
3770.0;0.0;26;2;2026
5151.0;0.0;26;2;2026
5152.0;0.0;26;2;2026
3771.0;0.0;26;2;2026
5153.0;0.0;26;2;2026
5154.0;0.0;26;2;2026
5155.0;0.0;26;2;2026
5156.0;0.0;26;2;2026
10389.0;0.0;26;2;2026
10390.0;0.0;26;2;2026
10395.0;0.0;26;2;2026
10394.0;0.0;26;2;2026
5169.0;0.0;26;2;2026
5170.0;0.0;26;2;2026
5171.0;0.0;26;2;2026
11076.0;0.0;26;2;2026
11077.0;0.0;26;2;2026
11070.0;0.0;26;2;2026
11071.0;0.0;26;2;2026
5178.0;0.0;26;2;2026
5180.0;0.0;26;2;2026
9833.0;0.0;26;2;2026
6834.0;0.0;26;2;2026
10418.0;0.0;26;2;2026
10392.0;0.0;26;2;2026
11479.0;0.0;26;2;2026
5150.0;0.0;26;2;2026
5173.0;0.0;26;2;2026
5160.0;0.0;26;2;2026
10511.0;254.0;26;2;2026
10805.0;0.0;26;2;2026
10804.0;0.0;26;2;2026
10806.0;0.0;26;2;2026
5185.0;0.0;26;2;2026
5186.0;0.0;26;2;2026
5188.0;0.0;26;2;2026
5189.0;424.0;26;2;2026
5191.0;635.0;26;2;2026
5192.0;0.0;26;2;2026
5193.0;0.0;26;2;2026
5194.0;0.0;26;2;2026
5195.0;0.0;26;2;2026
5196.0;0.0;26;2;2026
5197.0;0.0;26;2;2026
5198.0;0.0;26;2;2026
7008.0;0.0;26;2;2026
10283.0;0.0;26;2;2026
5182.0;212.0;26;2;2026
5187.0;0.0;26;2;2026
5190.0;0.0;26;2;2026
5236.0;0.0;26;2;2026
5237.0;0.0;26;2;2026
5238.0;0.0;26;2;2026
5239.0;0.0;26;2;2026
10593.0;0.0;26;2;2026
10592.0;0.0;26;2;2026
10594.0;0.0;26;2;2026
5240.0;0.0;26;2;2026
5241.0;0.0;26;2;2026
5242.0;0.0;26;2;2026
5243.0;0.0;26;2;2026
5244.0;0.0;26;2;2026
5248.0;0.0;26;2;2026
5249.0;0.0;26;2;2026
3688.0;0.0;26;2;2026
5250.0;0.0;26;2;2026
5251.0;0.0;26;2;2026
5252.0;0.0;26;2;2026
5253.0;0.0;26;2;2026
5254.0;0.0;26;2;2026
5256.0;0.0;26;2;2026
5257.0;0.0;26;2;2026
5258.0;0.0;26;2;2026
5259.0;0.0;26;2;2026
5260.0;0.0;26;2;2026
5261.0;0.0;26;2;2026
5262.0;0.0;26;2;2026
5263.0;0.0;26;2;2026
5264.0;0.0;26;2;2026
5265.0;0.0;26;2;2026
10598.0;0.0;26;2;2026
10600.0;0.0;26;2;2026
10599.0;0.0;26;2;2026
5269.0;0.0;26;2;2026
5270.0;0.0;26;2;2026
5271.0;0.0;26;2;2026
10597.0;0.0;26;2;2026
10596.0;0.0;26;2;2026
10589.0;0.0;26;2;2026
10587.0;0.0;26;2;2026
10585.0;0.0;26;2;2026
10586.0;0.0;26;2;2026
10588.0;0.0;26;2;2026
9941.0;0.0;26;2;2026
9940.0;0.0;26;2;2026
9942.0;0.0;26;2;2026
9901.0;0.0;26;2;2026
10590.0;0.0;26;2;2026
10595.0;0.0;26;2;2026
10654.0;0.0;26;2;2026
10655.0;0.0;26;2;2026
10652.0;0.0;26;2;2026
10653.0;0.0;26;2;2026
10657.0;0.0;26;2;2026
10656.0;0.0;26;2;2026
10946.0;0.0;26;2;2026
10947.0;0.0;26;2;2026
10945.0;0.0;26;2;2026
5305.0;0.0;26;2;2026
5273.0;0.0;26;2;2026
5274.0;0.0;26;2;2026
9849.0;0.0;26;2;2026
9848.0;0.0;26;2;2026
9850.0;0.0;26;2;2026
9851.0;0.0;26;2;2026
9852.0;0.0;26;2;2026
9853.0;0.0;26;2;2026
5297.0;0.0;26;2;2026
9978.0;0.0;26;2;2026
5298.0;0.0;26;2;2026
5299.0;0.0;26;2;2026
5268.0;0.0;26;2;2026
5272.0;0.0;26;2;2026
11210.0;0.0;26;2;2026
11211.0;0.0;26;2;2026
5275.0;0.0;26;2;2026
4792.0;0.0;26;2;2026
5277.0;0.0;26;2;2026
4793.0;0.0;26;2;2026
5279.0;0.0;26;2;2026
5280.0;0.0;26;2;2026
5281.0;0.0;26;2;2026
5282.0;0.0;26;2;2026
5283.0;0.0;26;2;2026
5284.0;0.0;26;2;2026
5285.0;0.0;26;2;2026
5286.0;0.0;26;2;2026
5287.0;0.0;26;2;2026
5288.0;0.0;26;2;2026
5289.0;0.0;26;2;2026
5290.0;0.0;26;2;2026
5291.0;0.0;26;2;2026
11029.0;0.0;26;2;2026
5293.0;0.0;26;2;2026
5294.0;0.0;26;2;2026
5295.0;0.0;26;2;2026
5296.0;0.0;26;2;2026
5300.0;0.0;26;2;2026
5301.0;0.0;26;2;2026
5302.0;0.0;26;2;2026
5303.0;0.0;26;2;2026
4790.0;0.0;26;2;2026
10929.0;0.0;26;2;2026
4791.0;0.0;26;2;2026
11028.0;0.0;26;2;2026
4779.0;0.0;26;2;2026
4787.0;0.0;26;2;2026
4789.0;0.0;26;2;2026
3830.0;0.0;26;2;2026
4786.0;0.0;26;2;2026
4784.0;0.0;26;2;2026
4795.0;0.0;26;2;2026
4796.0;0.0;26;2;2026
4797.0;0.0;26;2;2026
3556.0;0.0;26;2;2026
4798.0;0.0;26;2;2026
4783.0;0.0;26;2;2026
10261.0;0.0;26;2;2026
4799.0;0.0;26;2;2026
4788.0;0.0;26;2;2026
10272.0;0.0;26;2;2026
10963.0;0.0;26;2;2026
10964.0;0.0;26;2;2026
10952.0;0.0;26;2;2026
10951.0;0.0;26;2;2026
10948.0;0.0;26;2;2026
10950.0;0.0;26;2;2026
10949.0;0.0;26;2;2026
10955.0;0.0;26;2;2026
10954.0;0.0;26;2;2026
10953.0;0.0;26;2;2026
10956.0;0.0;26;2;2026
10957.0;0.0;26;2;2026
10680.0;0.0;26;2;2026
5292.0;0.0;26;2;2026
10262.0;0.0;26;2;2026
4785.0;0.0;26;2;2026
5304.0;0.0;26;2;2026
5306.0;0.0;26;2;2026
5307.0;0.0;26;2;2026
5308.0;0.0;26;2;2026
5309.0;0.0;26;2;2026
5310.0;0.0;26;2;2026
5311.0;0.0;26;2;2026
5312.0;0.0;26;2;2026
5313.0;0.0;26;2;2026
5314.0;0.0;26;2;2026
5315.0;0.0;26;2;2026
10793.0;0.0;26;2;2026
10794.0;0.0;26;2;2026
5319.0;0.0;26;2;2026
5320.0;0.0;26;2;2026
5321.0;0.0;26;2;2026
5322.0;0.0;26;2;2026
5317.0;0.0;26;2;2026
5323.0;0.0;26;2;2026
5324.0;0.0;26;2;2026
5325.0;0.0;26;2;2026
5326.0;0.0;26;2;2026
5327.0;0.0;26;2;2026
3749.0;0.0;26;2;2026
5328.0;0.0;26;2;2026
5329.0;0.0;26;2;2026
3750.0;0.0;26;2;2026
5330.0;0.0;26;2;2026
5331.0;0.0;26;2;2026
5332.0;0.0;26;2;2026
5333.0;0.0;26;2;2026
5334.0;0.0;26;2;2026
5335.0;0.0;26;2;2026
3636.0;0.0;26;2;2026
5157.0;0.0;26;2;2026
5158.0;0.0;26;2;2026
5159.0;0.0;26;2;2026
10619.0;0.0;26;2;2026
10795.0;0.0;26;2;2026
10796.0;0.0;26;2;2026
5316.0;0.0;26;2;2026
5318.0;0.0;26;2;2026
5336.0;0.0;26;2;2026
5337.0;0.0;26;2;2026
5338.0;0.0;26;2;2026
5339.0;0.0;26;2;2026
5340.0;0.0;26;2;2026
5341.0;0.0;26;2;2026
5342.0;0.0;26;2;2026
5343.0;0.0;26;2;2026
5344.0;0.0;26;2;2026
5345.0;0.0;26;2;2026
5346.0;0.0;26;2;2026
5347.0;0.0;26;2;2026
10902.0;0.0;26;2;2026
5349.0;0.0;26;2;2026
5348.0;0.0;26;2;2026
10900.0;0.0;26;2;2026
10901.0;0.0;26;2;2026
10996.0;0.0;26;2;2026
5350.0;0.0;26;2;2026
5352.0;0.0;26;2;2026
5355.0;0.0;26;2;2026
7107.0;0.0;26;2;2026
9935.0;0.0;26;2;2026
9936.0;0.0;26;2;2026
9944.0;0.0;26;2;2026
9943.0;0.0;26;2;2026
9986.0;0.0;26;2;2026
9989.0;0.0;26;2;2026
10422.0;0.0;26;2;2026
10290.0;0.0;26;2;2026
9939.0;0.0;26;2;2026
5354.0;0.0;26;2;2026
5351.0;0.0;26;2;2026
7108.0;0.0;26;2;2026
5356.0;0.0;26;2;2026
9988.0;0.0;26;2;2026
9987.0;0.0;26;2;2026
9990.0;0.0;26;2;2026
10868.0;0.0;26;2;2026
11443.0;0.0;26;2;2026
5385.0;0.0;26;2;2026
5386.0;0.0;26;2;2026
5387.0;0.0;26;2;2026
10932.0;0.0;26;2;2026
3484.0;0.0;26;2;2026
5388.0;0.0;26;2;2026
5389.0;0.0;26;2;2026
3590.0;0.0;26;2;2026
10015.0;0.0;26;2;2026
5391.0;0.0;26;2;2026
5392.0;0.0;26;2;2026
5393.0;0.0;26;2;2026
5394.0;0.0;26;2;2026
6832.0;0.0;26;2;2026
5396.0;0.0;26;2;2026
10931.0;0.0;26;2;2026
5398.0;0.0;26;2;2026
5399.0;0.0;26;2;2026
5400.0;0.0;26;2;2026
5401.0;0.0;26;2;2026
5402.0;0.0;26;2;2026
5403.0;0.0;26;2;2026
10930.0;0.0;26;2;2026
10014.0;0.0;26;2;2026
10016.0;0.0;26;2;2026
10017.0;0.0;26;2;2026
5390.0;0.0;26;2;2026
3483.0;0.0;26;2;2026
5397.0;0.0;26;2;2026
6811.0;0.0;26;2;2026
5011.0;0.0;26;2;2026
5010.0;0.0;26;2;2026
5001.0;0.0;26;2;2026
3410.0;0.0;26;2;2026
5002.0;0.0;26;2;2026
5003.0;0.0;26;2;2026
4547.0;0.0;26;2;2026
5012.0;0.0;26;2;2026
5004.0;0.0;26;2;2026
5018.0;0.0;26;2;2026
5005.0;0.0;26;2;2026
3702.0;0.0;26;2;2026
5035.0;0.0;26;2;2026
5006.0;0.0;26;2;2026
7009.0;0.0;26;2;2026
5019.0;0.0;26;2;2026
5021.0;0.0;26;2;2026
5007.0;0.0;26;2;2026
5022.0;0.0;26;2;2026
5023.0;0.0;26;2;2026
5034.0;0.0;26;2;2026
10429.0;0.0;26;2;2026
10430.0;0.0;26;2;2026
5008.0;0.0;26;2;2026
5031.0;0.0;26;2;2026
5024.0;0.0;26;2;2026
5020.0;0.0;26;2;2026
5009.0;0.0;26;2;2026
5029.0;0.0;26;2;2026
5016.0;0.0;26;2;2026
5013.0;0.0;26;2;2026
5014.0;0.0;26;2;2026
10428.0;0.0;26;2;2026
5015.0;0.0;26;2;2026
10426.0;0.0;26;2;2026
5017.0;0.0;26;2;2026
10425.0;0.0;26;2;2026
5032.0;0.0;26;2;2026
5033.0;0.0;26;2;2026
10424.0;0.0;26;2;2026
10570.0;0.0;26;2;2026
10965.0;0.0;26;2;2026
10966.0;0.0;26;2;2026
10967.0;0.0;26;2;2026
10988.0;0.0;26;2;2026
10987.0;0.0;26;2;2026
10803.0;0.0;26;2;2026
3553.0;0.0;26;2;2026
5030.0;0.0;26;2;2026
5184.0;0.0;26;2;2026
5183.0;0.0;26;2;2026
11449.0;0.0;26;2;2026
10253.0;0.0;26;2;2026
10574.0;0.0;26;2;2026
10273.0;0.0;26;2;2026
5112.0;0.0;26;2;2026
10274.0;0.0;26;2;2026
10275.0;0.0;26;2;2026
5057.0;0.0;26;2;2026
3576.0;0.0;26;2;2026
3628.0;0.0;26;2;2026
5109.0;0.0;26;2;2026
5099.0;0.0;26;2;2026
5100.0;0.0;26;2;2026
5127.0;0.0;26;2;2026
3629.0;0.0;26;2;2026
5113.0;0.0;26;2;2026
5114.0;0.0;26;2;2026
5106.0;0.0;26;2;2026
5107.0;0.0;26;2;2026
5128.0;0.0;26;2;2026
10254.0;0.0;26;2;2026
5125.0;0.0;26;2;2026
5126.0;0.0;26;2;2026
5131.0;0.0;26;2;2026
9847.0;0.0;26;2;2026
5111.0;0.0;26;2;2026
10573.0;0.0;26;2;2026
10572.0;0.0;26;2;2026
10571.0;0.0;26;2;2026
10973.0;0.0;26;2;2026
10974.0;0.0;26;2;2026
4906.0;0.0;26;2;2026
6830.0;0.0;26;2;2026
4903.0;0.0;26;2;2026
4904.0;0.0;26;2;2026
4907.0;0.0;26;2;2026
5166.0;0.0;26;2;2026
3637.0;0.0;26;2;2026
5179.0;0.0;26;2;2026
5165.0;0.0;26;2;2026
5174.0;0.0;26;2;2026
3640.0;0.0;26;2;2026
3641.0;0.0;26;2;2026
5163.0;0.0;26;2;2026
5162.0;0.0;26;2;2026
5175.0;0.0;26;2;2026
5176.0;0.0;26;2;2026
9992.0;0.0;26;2;2026
10224.0;0.0;26;2;2026
10223.0;0.0;26;2;2026
5181.0;0.0;26;2;2026
10222.0;0.0;26;2;2026
5161.0;0.0;26;2;2026
4918.0;0.0;26;2;2026
4920.0;0.0;26;2;2026
4919.0;0.0;26;2;2026
4921.0;0.0;26;2;2026
4894.0;0.0;26;2;2026
4908.0;0.0;26;2;2026
3403.0;0.0;26;2;2026
5168.0;0.0;26;2;2026
3577.0;0.0;26;2;2026
5167.0;0.0;26;2;2026
5164.0;0.0;26;2;2026
5177.0;0.0;26;2;2026
5172.0;0.0;26;2;2026
3409.0;60.0;26;2;2026
4739.0;120.0;26;2;2026
4740.0;60.0;26;2;2026
4741.0;120.0;26;2;2026
4742.0;60.0;26;2;2026
4743.0;274.0;26;2;2026
4744.0;300.0;26;2;2026
4746.0;120.0;26;2;2026
4747.0;360.0;26;2;2026
4748.0;180.0;26;2;2026
4749.0;240.0;26;2;2026
4750.0;240.0;26;2;2026
4751.0;300.0;26;2;2026
3566.0;720.0;26;2;2026
3567.0;300.0;26;2;2026
3568.0;540.0;26;2;2026
4752.0;360.0;26;2;2026
10977.0;0.0;26;2;2026
4754.0;60.0;26;2;2026
10978.0;120.0;26;2;2026
10979.0;15.0;26;2;2026
4758.0;420.0;26;2;2026
4759.0;60.0;26;2;2026
4760.0;0.0;26;2;2026
4761.0;300.0;26;2;2026
4762.0;240.0;26;2;2026
4763.0;120.0;26;2;2026
4764.0;420.0;26;2;2026
4766.0;240.0;26;2;2026
4767.0;120.0;26;2;2026
4768.0;60.0;26;2;2026
4769.0;60.0;26;2;2026
4771.0;60.0;26;2;2026
10226.0;9.0;26;2;2026
10225.0;77.0;26;2;2026
10228.0;120.0;26;2;2026
4755.0;0.0;26;2;2026
4745.0;180.0;26;2;2026
4753.0;0.0;26;2;2026
4756.0;0.0;26;2;2026
10236.0;0.0;26;2;2026
10237.0;0.0;26;2;2026
4770.0;33.0;26;2;2026
10227.0;60.0;26;2;2026
4772.0;0.0;26;2;2026
4765.0;120.0;26;2;2026
4802.0;360.0;26;2;2026
4803.0;180.0;26;2;2026
4794.0;240.0;26;2;2026
4808.0;720.0;26;2;2026
4809.0;1168.0;26;2;2026
4810.0;780.0;26;2;2026
4811.0;0.0;26;2;2026
4812.0;240.0;26;2;2026
4813.0;360.0;26;2;2026
4818.0;0.0;26;2;2026
4819.0;240.0;26;2;2026
10568.0;1320.0;26;2;2026
10569.0;1380.0;26;2;2026
4822.0;840.0;26;2;2026
4823.0;1440.0;26;2;2026
3569.0;1500.0;26;2;2026
4824.0;660.0;26;2;2026
4825.0;1740.0;26;2;2026
4826.0;2040.0;26;2;2026
4827.0;480.0;26;2;2026
4828.0;240.0;26;2;2026
4829.0;2280.0;26;2;2026
3802.0;1620.0;26;2;2026
3803.0;1680.0;26;2;2026
4830.0;120.0;26;2;2026
4831.0;0.0;26;2;2026
4832.0;240.0;26;2;2026
4833.0;180.0;26;2;2026
4834.0;60.0;26;2;2026
4835.0;180.0;26;2;2026
4836.0;360.0;26;2;2026
4837.0;660.0;26;2;2026
10873.0;420.0;26;2;2026
10286.0;180.0;26;2;2026
10288.0;60.0;26;2;2026
10287.0;300.0;26;2;2026
10289.0;60.0;26;2;2026
10492.0;120.0;26;2;2026
10493.0;60.0;26;2;2026
10494.0;300.0;26;2;2026
10863.0;1380.0;26;2;2026
10864.0;420.0;26;2;2026
10871.0;1260.0;26;2;2026
10858.0;780.0;26;2;2026
10859.0;180.0;26;2;2026
10860.0;480.0;26;2;2026
10861.0;1140.0;26;2;2026
10877.0;180.0;26;2;2026
10876.0;420.0;26;2;2026
10906.0;261.0;26;2;2026
10284.0;180.0;26;2;2026
10285.0;0.0;26;2;2026
10872.0;120.0;26;2;2026
4817.0;120.0;26;2;2026
4838.0;120.0;26;2;2026
4820.0;0.0;26;2;2026
4821.0;0.0;26;2;2026
11437.0;420.0;26;2;2026
4839.0;300.0;26;2;2026
4840.0;240.0;26;2;2026
4841.0;0.0;26;2;2026
3623.0;420.0;26;2;2026
3624.0;120.0;26;2;2026
4842.0;300.0;26;2;2026
6825.0;0.0;26;2;2026
11044.0;660.0;26;2;2026
11039.0;120.0;26;2;2026
11042.0;600.0;26;2;2026
11043.0;60.0;26;2;2026
11045.0;420.0;26;2;2026
10401.0;720.0;26;2;2026
7001.0;0.0;26;2;2026
4845.0;60.0;26;2;2026
4846.0;180.0;26;2;2026
4847.0;0.0;26;2;2026
4848.0;360.0;26;2;2026
4849.0;420.0;26;2;2026
4850.0;240.0;26;2;2026
4851.0;660.0;26;2;2026
4852.0;540.0;26;2;2026
4853.0;60.0;26;2;2026
4854.0;180.0;26;2;2026
4855.0;480.0;26;2;2026
4856.0;60.0;26;2;2026
7000.0;0.0;26;2;2026
4843.0;0.0;26;2;2026
11041.0;0.0;26;2;2026
11040.0;120.0;26;2;2026
10514.0;240.0;26;2;2026
10522.0;120.0;26;2;2026
10520.0;0.0;26;2;2026
10521.0;0.0;26;2;2026
4860.0;120.0;26;2;2026
10519.0;120.0;26;2;2026
10517.0;60.0;26;2;2026
10518.0;240.0;26;2;2026
10516.0;0.0;26;2;2026
10515.0;60.0;26;2;2026
10513.0;120.0;26;2;2026
4876.0;240.0;26;2;2026
4869.0;180.0;26;2;2026
4870.0;60.0;26;2;2026
4871.0;60.0;26;2;2026
5220.0;60.0;26;2;2026
4882.0;120.0;26;2;2026
4883.0;300.0;26;2;2026
4885.0;300.0;26;2;2026
4886.0;240.0;26;2;2026
4887.0;0.0;26;2;2026
4888.0;0.0;26;2;2026
4889.0;60.0;26;2;2026
3625.0;0.0;26;2;2026
3626.0;120.0;26;2;2026
3627.0;60.0;26;2;2026
4890.0;60.0;26;2;2026
4858.0;60.0;26;2;2026
5203.0;0.0;26;2;2026
4861.0;120.0;26;2;2026
4859.0;60.0;26;2;2026
4867.0;60.0;26;2;2026
4868.0;53.0;26;2;2026
3419.0;60.0;26;2;2026
4891.0;0.0;26;2;2026
10523.0;120.0;26;2;2026
10524.0;240.0;26;2;2026
10526.0;180.0;26;2;2026
10525.0;600.0;26;2;2026
10961.0;120.0;26;2;2026
6635.0;240.0;26;2;2026
6636.0;300.0;26;2;2026
6637.0;300.0;26;2;2026
6638.0;660.0;26;2;2026
4878.0;240.0;26;2;2026
4879.0;180.0;26;2;2026
4880.0;180.0;26;2;2026
5204.0;60.0;26;2;2026
4881.0;240.0;26;2;2026
5219.0;240.0;26;2;2026
5217.0;300.0;26;2;2026
5218.0;180.0;26;2;2026
10108.0;240.0;26;2;2026
10106.0;540.0;26;2;2026
10104.0;0.0;26;2;2026
10107.0;240.0;26;2;2026
4866.0;0.0;26;2;2026
10512.0;60.0;26;2;2026
10962.0;300.0;26;2;2026
4872.0;420.0;26;2;2026
4873.0;120.0;26;2;2026
4877.0;420.0;26;2;2026
4874.0;360.0;26;2;2026
4875.0;60.0;26;2;2026
4884.0;300.0;26;2;2026
4862.0;420.0;26;2;2026
4863.0;480.0;26;2;2026
10105.0;0.0;26;2;2026
4865.0;120.0;26;2;2026
3835.0;60.0;26;2;2026
6632.0;180.0;26;2;2026
6631.0;60.0;26;2;2026
6633.0;0.0;26;2;2026
6634.0;120.0;26;2;2026
3570.0;0.0;26;2;2026
4857.0;0.0;26;2;2026
10968.0;240.0;26;2;2026
10994.0;180.0;26;2;2026
10995.0;240.0;26;2;2026
10992.0;240.0;26;2;2026
10993.0;300.0;26;2;2026
10969.0;300.0;26;2;2026
10971.0;120.0;26;2;2026
4895.0;480.0;26;2;2026
4896.0;120.0;26;2;2026
4897.0;300.0;26;2;2026
4898.0;780.0;26;2;2026
4899.0;360.0;26;2;2026
4900.0;660.0;26;2;2026
4901.0;0.0;26;2;2026
4902.0;180.0;26;2;2026
10970.0;180.0;26;2;2026
10972.0;480.0;26;2;2026
11075.0;0.0;26;2;2026
11073.0;60.0;26;2;2026
11074.0;60.0;26;2;2026
11072.0;180.0;26;2;2026
4912.0;180.0;26;2;2026
4909.0;660.0;26;2;2026
11455.0;60.0;26;2;2026
11456.0;244.0;26;2;2026
4913.0;660.0;26;2;2026
4914.0;60.0;26;2;2026
4917.0;240.0;26;2;2026
4916.0;60.0;26;2;2026
4910.0;0.0;26;2;2026
4915.0;360.0;26;2;2026
4922.0;240.0;26;2;2026
4923.0;840.0;26;2;2026
10684.0;300.0;26;2;2026
10683.0;60.0;26;2;2026
4926.0;1020.0;26;2;2026
4927.0;540.0;26;2;2026
10942.0;120.0;26;2;2026
4929.0;360.0;26;2;2026
4930.0;1440.0;26;2;2026
4931.0;360.0;26;2;2026
4932.0;1320.0;26;2;2026
4933.0;960.0;26;2;2026
4934.0;240.0;26;2;2026
10941.0;120.0;26;2;2026
10601.0;60.0;26;2;2026
4935.0;600.0;26;2;2026
10940.0;300.0;26;2;2026
11024.0;60.0;26;2;2026
4938.0;60.0;26;2;2026
11022.0;840.0;26;2;2026
11021.0;480.0;26;2;2026
4941.0;300.0;26;2;2026
4942.0;540.0;26;2;2026
4943.0;480.0;26;2;2026
4944.0;720.0;26;2;2026
4945.0;1320.0;26;2;2026
4946.0;120.0;26;2;2026
4947.0;963.0;26;2;2026
3571.0;120.0;26;2;2026
4948.0;300.0;26;2;2026
4949.0;0.0;26;2;2026
4950.0;60.0;26;2;2026
4951.0;180.0;26;2;2026
4952.0;840.0;26;2;2026
4953.0;240.0;26;2;2026
11023.0;60.0;26;2;2026
3404.0;360.0;26;2;2026
3405.0;480.0;26;2;2026
4956.0;360.0;26;2;2026
4957.0;120.0;26;2;2026
7006.0;0.0;26;2;2026
7005.0;360.0;26;2;2026
11212.0;360.0;26;2;2026
3768.0;300.0;26;2;2026
9879.0;300.0;26;2;2026
9878.0;360.0;26;2;2026
9985.0;300.0;26;2;2026
10495.0;0.0;26;2;2026
10496.0;60.0;26;2;2026
10497.0;180.0;26;2;2026
10797.0;420.0;26;2;2026
10798.0;60.0;26;2;2026
10837.0;240.0;26;2;2026
10838.0;0.0;26;2;2026
10842.0;240.0;26;2;2026
6829.0;60.0;26;2;2026
4955.0;240.0;26;2;2026
4925.0;0.0;26;2;2026
4928.0;60.0;26;2;2026
4960.0;0.0;26;2;2026
6828.0;60.0;26;2;2026
4958.0;60.0;26;2;2026
4959.0;120.0;26;2;2026
4940.0;0.0;26;2;2026
4954.0;660.0;26;2;2026
6824.0;840.0;26;2;2026
10403.0;300.0;26;2;2026
11052.0;960.0;26;2;2026
10402.0;120.0;26;2;2026
4964.0;240.0;26;2;2026
10990.0;300.0;26;2;2026
3480.0;780.0;26;2;2026
10991.0;540.0;26;2;2026
4962.0;180.0;26;2;2026
4963.0;360.0;26;2;2026
11047.0;300.0;26;2;2026
4965.0;600.0;26;2;2026
11050.0;180.0;26;2;2026
4967.0;240.0;26;2;2026
4968.0;360.0;26;2;2026
11051.0;360.0;26;2;2026
11049.0;300.0;26;2;2026
4971.0;720.0;26;2;2026
3420.0;60.0;26;2;2026
4972.0;420.0;26;2;2026
4973.0;780.0;26;2;2026
4974.0;180.0;26;2;2026
4975.0;0.0;26;2;2026
4976.0;60.0;26;2;2026
4977.0;960.0;26;2;2026
11046.0;180.0;26;2;2026
4979.0;540.0;26;2;2026
4980.0;120.0;26;2;2026
4981.0;60.0;26;2;2026
4982.0;240.0;26;2;2026
4983.0;60.0;26;2;2026
4984.0;480.0;26;2;2026
4985.0;300.0;26;2;2026
4986.0;240.0;26;2;2026
4987.0;660.0;26;2;2026
4989.0;180.0;26;2;2026
3406.0;240.0;26;2;2026
4994.0;120.0;26;2;2026
4995.0;0.0;26;2;2026
4996.0;60.0;26;2;2026
4997.0;180.0;26;2;2026
3630.0;0.0;26;2;2026
3631.0;240.0;26;2;2026
3632.0;60.0;26;2;2026
4998.0;420.0;26;2;2026
4999.0;60.0;26;2;2026
3446.0;0.0;26;2;2026
5000.0;0.0;26;2;2026
10488.0;0.0;26;2;2026
10489.0;240.0;26;2;2026
10487.0;120.0;26;2;2026
11053.0;360.0;26;2;2026
11054.0;120.0;26;2;2026
4993.0;60.0;26;2;2026
4961.0;420.0;26;2;2026
11048.0;0.0;26;2;2026
10092.0;60.0;26;2;2026
4966.0;120.0;26;2;2026
4969.0;60.0;26;2;2026
4970.0;0.0;26;2;2026
4978.0;0.0;26;2;2026
3445.0;180.0;26;2;2026
4992.0;240.0;26;2;2026
3527.0;16.0;26;2;2026
4988.0;360.0;26;2;2026
11099.0;0.0;26;2;2026
5895.0;120.0;26;2;2026
5896.0;360.0;26;2;2026
5897.0;300.0;26;2;2026
10055.0;420.0;26;2;2026
10051.0;60.0;26;2;2026
10053.0;420.0;26;2;2026
10052.0;300.0;26;2;2026
10054.0;720.0;26;2;2026
11098.0;60.0;26;2;2026
11100.0;240.0;26;2;2026
10640.0;300.0;26;2;2026
10643.0;480.0;26;2;2026
10642.0;360.0;26;2;2026
10641.0;60.0;26;2;2026
10664.0;360.0;26;2;2026
10663.0;240.0;26;2;2026
10665.0;60.0;26;2;2026
10666.0;420.0;26;2;2026
10667.0;0.0;26;2;2026
10668.0;480.0;26;2;2026
11101.0;240.0;26;2;2026
11103.0;60.0;26;2;2026
11104.0;300.0;26;2;2026
11102.0;60.0;26;2;2026
11097.0;180.0;26;2;2026
11262.0;60.0;26;2;2026
11263.0;120.0;26;2;2026
11264.0;120.0;26;2;2026
11265.0;11.0;26;2;2026
10072.0;300.0;26;2;2026
10073.0;360.0;26;2;2026
10075.0;60.0;26;2;2026
10074.0;0.0;26;2;2026
10070.0;240.0;26;2;2026
5903.0;0.0;26;2;2026
5904.0;60.0;26;2;2026
5905.0;300.0;26;2;2026
4773.0;60.0;26;2;2026
10612.0;0.0;26;2;2026
4774.0;120.0;26;2;2026
4775.0;322.0;26;2;2026
10609.0;4.0;26;2;2026
4777.0;120.0;26;2;2026
4776.0;180.0;26;2;2026
4781.0;0.0;26;2;2026
4807.0;180.0;26;2;2026
10610.0;180.0;26;2;2026
4780.0;73.0;26;2;2026
4804.0;600.0;26;2;2026
4805.0;300.0;26;2;2026
4806.0;960.0;26;2;2026
10582.0;60.0;26;2;2026
4782.0;240.0;26;2;2026
10905.0;120.0;26;2;2026
3479.0;34.0;26;2;2026
3517.0;240.0;26;2;2026
10611.0;60.0;26;2;2026
10056.0;600.0;26;2;2026
11025.0;1560.0;26;2;2026
3572.0;120.0;26;2;2026
5037.0;1380.0;26;2;2026
5038.0;1260.0;26;2;2026
5039.0;1260.0;26;2;2026
5040.0;960.0;26;2;2026
5041.0;1200.0;26;2;2026
5042.0;720.0;26;2;2026
5043.0;1500.0;26;2;2026
5044.0;1200.0;26;2;2026
5045.0;1440.0;26;2;2026
5046.0;1080.0;26;2;2026
5047.0;960.0;26;2;2026
5048.0;480.0;26;2;2026
5049.0;420.0;26;2;2026
5050.0;420.0;26;2;2026
5051.0;660.0;26;2;2026
3684.0;360.0;26;2;2026
5052.0;180.0;26;2;2026
5053.0;180.0;26;2;2026
5054.0;780.0;26;2;2026
5055.0;120.0;26;2;2026
5056.0;175.0;26;2;2026
5058.0;0.0;26;2;2026
5059.0;480.0;26;2;2026
3685.0;420.0;26;2;2026
3686.0;120.0;26;2;2026
5060.0;120.0;26;2;2026
5245.0;120.0;26;2;2026
5246.0;0.0;26;2;2026
5247.0;480.0;26;2;2026
5061.0;180.0;26;2;2026
10025.0;300.0;26;2;2026
10282.0;660.0;26;2;2026
5036.0;240.0;26;2;2026
3447.0;0.0;26;2;2026
5255.0;0.0;26;2;2026
5063.0;0.0;26;2;2026
5064.0;0.0;26;2;2026
5065.0;0.0;26;2;2026
10575.0;0.0;26;2;2026
5067.0;0.0;26;2;2026
5068.0;120.0;26;2;2026
5069.0;300.0;26;2;2026
5070.0;0.0;26;2;2026
5071.0;0.0;26;2;2026
5075.0;0.0;26;2;2026
5076.0;0.0;26;2;2026
3655.0;0.0;26;2;2026
5077.0;0.0;26;2;2026
5078.0;0.0;26;2;2026
5079.0;0.0;26;2;2026
5083.0;0.0;26;2;2026
5084.0;1140.0;26;2;2026
5085.0;180.0;26;2;2026
3742.0;600.0;26;2;2026
5087.0;180.0;26;2;2026
5088.0;0.0;26;2;2026
5089.0;0.0;26;2;2026
5090.0;600.0;26;2;2026
5091.0;420.0;26;2;2026
10576.0;0.0;26;2;2026
10577.0;0.0;26;2;2026
10578.0;0.0;26;2;2026
10579.0;0.0;26;2;2026
3574.0;0.0;26;2;2026
10580.0;240.0;26;2;2026
10581.0;0.0;26;2;2026
10982.0;60.0;26;2;2026
11030.0;540.0;26;2;2026
11005.0;180.0;26;2;2026
11006.0;420.0;26;2;2026
3634.0;60.0;26;2;2026
10257.0;0.0;26;2;2026
10256.0;0.0;26;2;2026
10250.0;240.0;26;2;2026
10251.0;0.0;26;2;2026
10614.0;0.0;26;2;2026
10613.0;0.0;26;2;2026
10615.0;0.0;26;2;2026
10637.0;0.0;26;2;2026
10638.0;0.0;26;2;2026
10617.0;0.0;26;2;2026
10618.0;0.0;26;2;2026
10616.0;0.0;26;2;2026
11007.0;240.0;26;2;2026
3635.0;0.0;26;2;2026
10332.0;1440.0;26;2;2026
10848.0;0.0;26;2;2026
10849.0;240.0;26;2;2026
10850.0;420.0;26;2;2026
5093.0;0.0;26;2;2026
3687.0;0.0;26;2;2026
3573.0;0.0;26;2;2026
3633.0;21.0;26;2;2026
5094.0;0.0;26;2;2026
5098.0;120.0;26;2;2026
3551.0;180.0;26;2;2026
11314.0;0.0;26;2;2026
11313.0;0.0;26;2;2026
10358.0;0.0;26;2;2026
5101.0;60.0;26;2;2026
5102.0;245.0;26;2;2026
5105.0;480.0;26;2;2026
5108.0;240.0;26;2;2026
5110.0;120.0;26;2;2026
5115.0;180.0;26;2;2026
5118.0;180.0;26;2;2026
5119.0;0.0;26;2;2026
5120.0;120.0;26;2;2026
5121.0;540.0;26;2;2026
5122.0;180.0;26;2;2026
3481.0;300.0;26;2;2026
5123.0;360.0;26;2;2026
5124.0;60.0;26;2;2026
5132.0;120.0;26;2;2026
5133.0;254.0;26;2;2026
5134.0;0.0;26;2;2026
5135.0;180.0;26;2;2026
5136.0;360.0;26;2;2026
5137.0;60.0;26;2;2026
5138.0;60.0;26;2;2026
5139.0;120.0;26;2;2026
5140.0;540.0;26;2;2026
5141.0;0.0;26;2;2026
5144.0;240.0;26;2;2026
5145.0;60.0;26;2;2026
5146.0;60.0;26;2;2026
5147.0;120.0;26;2;2026
5148.0;120.0;26;2;2026
3769.0;120.0;26;2;2026
5092.0;240.0;26;2;2026
10510.0;300.0;26;2;2026
10507.0;300.0;26;2;2026
10508.0;180.0;26;2;2026
10509.0;240.0;26;2;2026
10506.0;300.0;26;2;2026
10505.0;120.0;26;2;2026
10504.0;180.0;26;2;2026
10502.0;180.0;26;2;2026
10503.0;60.0;26;2;2026
10500.0;120.0;26;2;2026
10501.0;60.0;26;2;2026
10981.0;0.0;26;2;2026
11026.0;180.0;26;2;2026
6959.0;900.0;26;2;2026
6960.0;240.0;26;2;2026
6961.0;60.0;26;2;2026
9998.0;0.0;26;2;2026
9996.0;120.0;26;2;2026
9997.0;240.0;26;2;2026
9995.0;180.0;26;2;2026
10067.0;480.0;26;2;2026
10069.0;180.0;26;2;2026
10068.0;180.0;26;2;2026
10230.0;120.0;26;2;2026
10229.0;360.0;26;2;2026
10235.0;180.0;26;2;2026
10232.0;480.0;26;2;2026
10326.0;60.0;26;2;2026
10328.0;120.0;26;2;2026
10330.0;60.0;26;2;2026
10329.0;0.0;26;2;2026
10310.0;180.0;26;2;2026
10309.0;240.0;26;2;2026
10331.0;120.0;26;2;2026
10319.0;120.0;26;2;2026
10313.0;60.0;26;2;2026
10311.0;120.0;26;2;2026
10312.0;46.0;26;2;2026
10315.0;60.0;26;2;2026
10314.0;120.0;26;2;2026
10316.0;60.0;26;2;2026
10325.0;84.0;26;2;2026
10327.0;13.0;26;2;2026
10324.0;0.0;26;2;2026
10323.0;70.0;26;2;2026
10322.0;34.0;26;2;2026
10321.0;0.0;26;2;2026
10317.0;0.0;26;2;2026
10318.0;0.0;26;2;2026
10320.0;60.0;26;2;2026
10405.0;60.0;26;2;2026
10404.0;60.0;26;2;2026
10406.0;0.0;26;2;2026
10536.0;300.0;26;2;2026
10534.0;35.0;26;2;2026
10535.0;64.0;26;2;2026
10532.0;300.0;26;2;2026
10533.0;0.0;26;2;2026
10531.0;240.0;26;2;2026
3814.0;0.0;26;2;2026
3680.0;0.0;26;2;2026
6547.0;0.0;26;2;2026
9999.0;240.0;26;2;2026
10231.0;240.0;26;2;2026
6545.0;60.0;26;2;2026
6546.0;120.0;26;2;2026
3813.0;180.0;26;2;2026
10234.0;60.0;26;2;2026
10233.0;0.0;26;2;2026
10537.0;60.0;26;2;2026
6559.0;480.0;26;2;2026
6560.0;780.0;26;2;2026
6561.0;720.0;26;2;2026
6562.0;60.0;26;2;2026
6563.0;60.0;26;2;2026
6564.0;0.0;26;2;2026
6565.0;540.0;26;2;2026
6566.0;60.0;26;2;2026
6567.0;60.0;26;2;2026
6568.0;0.0;26;2;2026
6569.0;0.0;26;2;2026
3788.0;360.0;26;2;2026
6570.0;300.0;26;2;2026
6571.0;120.0;26;2;2026
6572.0;60.0;26;2;2026
6573.0;180.0;26;2;2026
6575.0;60.0;26;2;2026
6955.0;240.0;26;2;2026
6574.0;240.0;26;2;2026
6956.0;600.0;26;2;2026
3723.0;180.0;26;2;2026
6954.0;180.0;26;2;2026
10197.0;180.0;26;2;2026
10291.0;300.0;26;2;2026
10294.0;420.0;26;2;2026
10333.0;180.0;26;2;2026
10335.0;57.0;26;2;2026
10334.0;360.0;26;2;2026
10336.0;0.0;26;2;2026
10293.0;240.0;26;2;2026
10292.0;60.0;26;2;2026
7110.0;60.0;26;2;2026
6578.0;0.0;26;2;2026
6579.0;180.0;26;2;2026
6580.0;180.0;26;2;2026
3787.0;480.0;26;2;2026
6953.0;120.0;26;2;2026
6962.0;420.0;26;2;2026
6582.0;0.0;26;2;2026
6583.0;60.0;26;2;2026
6963.0;120.0;26;2;2026
6965.0;240.0;26;2;2026
6966.0;480.0;26;2;2026
11470.0;540.0;26;2;2026
6964.0;300.0;26;2;2026
9861.0;900.0;26;2;2026
9862.0;420.0;26;2;2026
9858.0;1080.0;26;2;2026
9859.0;240.0;26;2;2026
6970.0;120.0;26;2;2026
9860.0;120.0;26;2;2026
10028.0;300.0;26;2;2026
5880.0;120.0;26;2;2026
10029.0;60.0;26;2;2026
10376.0;0.0;26;2;2026
10337.0;60.0;26;2;2026
10363.0;433.0;26;2;2026
10364.0;60.0;26;2;2026
10365.0;120.0;26;2;2026
10377.0;180.0;26;2;2026
10378.0;120.0;26;2;2026
10381.0;60.0;26;2;2026
10382.0;60.0;26;2;2026
10383.0;60.0;26;2;2026
10384.0;0.0;26;2;2026
10366.0;0.0;26;2;2026
10367.0;240.0;26;2;2026
10368.0;0.0;26;2;2026
10369.0;60.0;26;2;2026
10371.0;0.0;26;2;2026
10370.0;240.0;26;2;2026
10374.0;0.0;26;2;2026
10375.0;0.0;26;2;2026
10372.0;240.0;26;2;2026
10373.0;120.0;26;2;2026
10413.0;300.0;26;2;2026
10414.0;0.0;26;2;2026
10412.0;0.0;26;2;2026
10441.0;420.0;26;2;2026
10442.0;0.0;26;2;2026
10443.0;0.0;26;2;2026
10415.0;300.0;26;2;2026
10417.0;60.0;26;2;2026
10416.0;0.0;26;2;2026
10686.0;660.0;26;2;2026
10420.0;120.0;26;2;2026
10421.0;60.0;26;2;2026
10431.0;120.0;26;2;2026
10432.0;0.0;26;2;2026
10433.0;240.0;26;2;2026
10434.0;300.0;26;2;2026
10423.0;60.0;26;2;2026
10583.0;60.0;26;2;2026
10584.0;60.0;26;2;2026
10691.0;0.0;26;2;2026
10419.0;60.0;26;2;2026
10688.0;0.0;26;2;2026
10689.0;0.0;26;2;2026
10690.0;0.0;26;2;2026
10687.0;60.0;26;2;2026
10692.0;240.0;26;2;2026
10799.0;180.0;26;2;2026
10800.0;60.0;26;2;2026
10801.0;0.0;26;2;2026
10817.0;360.0;26;2;2026
10815.0;0.0;26;2;2026
10816.0;0.0;26;2;2026
11355.0;0.0;26;2;2026
11354.0;0.0;26;2;2026
11353.0;120.0;26;2;2026
11358.0;120.0;26;2;2026
11361.0;0.0;26;2;2026
11360.0;0.0;26;2;2026
11359.0;120.0;26;2;2026
11357.0;300.0;26;2;2026
11356.0;180.0;26;2;2026
11454.0;60.0;26;2;2026
11452.0;0.0;26;2;2026
11453.0;120.0;26;2;2026
10030.0;180.0;26;2;2026
10136.0;540.0;26;2;2026
3530.0;60.0;26;2;2026
6591.0;60.0;26;2;2026
10188.0;480.0;26;2;2026
10189.0;60.0;26;2;2026
10190.0;900.0;26;2;2026
10191.0;0.0;26;2;2026
10215.0;360.0;26;2;2026
10214.0;60.0;26;2;2026
10213.0;43.0;26;2;2026
6596.0;300.0;26;2;2026
10591.0;0.0;26;2;2026
10853.0;0.0;26;2;2026
11342.0;60.0;26;2;2026
11341.0;180.0;26;2;2026
11343.0;120.0;26;2;2026
11345.0;32.0;26;2;2026
6584.0;0.0;26;2;2026
6585.0;0.0;26;2;2026
6586.0;16.0;26;2;2026
6587.0;60.0;26;2;2026
6588.0;0.0;26;2;2026
6589.0;0.0;26;2;2026
6590.0;0.0;26;2;2026
11344.0;32.0;26;2;2026
10060.0;120.0;26;2;2026
10059.0;180.0;26;2;2026
10058.0;660.0;26;2;2026
6595.0;420.0;26;2;2026
3509.0;180.0;26;2;2026
11294.0;180.0;26;2;2026
6597.0;420.0;26;2;2026
6598.0;0.0;26;2;2026
3794.0;120.0;26;2;2026
6599.0;420.0;26;2;2026
3795.0;300.0;26;2;2026
10529.0;540.0;26;2;2026
10566.0;420.0;26;2;2026
10563.0;88.0;26;2;2026
10562.0;300.0;26;2;2026
10564.0;540.0;26;2;2026
10062.0;60.0;26;2;2026
10061.0;288.0;26;2;2026
10090.0;60.0;26;2;2026
10088.0;0.0;26;2;2026
10091.0;60.0;26;2;2026
10086.0;60.0;26;2;2026
10181.0;0.0;26;2;2026
6594.0;180.0;26;2;2026
10693.0;60.0;26;2;2026
10694.0;0.0;26;2;2026
10854.0;180.0;26;2;2026
10855.0;240.0;26;2;2026
10856.0;120.0;26;2;2026
10857.0;60.0;26;2;2026
10359.0;180.0;26;2;2026
10565.0;180.0;26;2;2026
10567.0;240.0;26;2;2026
3700.0;0.0;26;2;2026
6600.0;0.0;26;2;2026
10361.0;16.0;26;2;2026
10360.0;0.0;26;2;2026
5149.0;0.0;26;2;2026
10989.0;0.0;26;2;2026
3770.0;300.0;26;2;2026
5151.0;240.0;26;2;2026
5152.0;420.0;26;2;2026
3771.0;1380.0;26;2;2026
5153.0;360.0;26;2;2026
5154.0;720.0;26;2;2026
5155.0;840.0;26;2;2026
5156.0;1560.0;26;2;2026
10389.0;1140.0;26;2;2026
10395.0;1440.0;26;2;2026
10394.0;480.0;26;2;2026
5169.0;0.0;26;2;2026
5170.0;60.0;26;2;2026
5171.0;0.0;26;2;2026
11076.0;240.0;26;2;2026
11077.0;180.0;26;2;2026
11070.0;300.0;26;2;2026
11071.0;60.0;26;2;2026
5178.0;900.0;26;2;2026
5180.0;60.0;26;2;2026
9833.0;0.0;26;2;2026
6834.0;120.0;26;2;2026
10418.0;300.0;26;2;2026
11479.0;858.0;26;2;2026
5150.0;240.0;26;2;2026
5173.0;0.0;26;2;2026
5160.0;0.0;26;2;2026
10511.0;0.0;26;2;2026
10805.0;480.0;26;2;2026
10804.0;600.0;26;2;2026
10806.0;60.0;26;2;2026
5185.0;180.0;26;2;2026
5186.0;780.0;26;2;2026
5188.0;540.0;26;2;2026
5189.0;0.0;26;2;2026
5191.0;0.0;26;2;2026
5192.0;1080.0;26;2;2026
5193.0;60.0;26;2;2026
5194.0;420.0;26;2;2026
5195.0;480.0;26;2;2026
5196.0;780.0;26;2;2026
5197.0;780.0;26;2;2026
5198.0;180.0;26;2;2026
7008.0;240.0;26;2;2026
10283.0;180.0;26;2;2026
5182.0;0.0;26;2;2026
5187.0;0.0;26;2;2026
5190.0;0.0;26;2;2026
5236.0;180.0;26;2;2026
5237.0;120.0;26;2;2026
5238.0;1320.0;26;2;2026
5239.0;600.0;26;2;2026
10593.0;60.0;26;2;2026
10592.0;240.0;26;2;2026
10594.0;60.0;26;2;2026
5240.0;120.0;26;2;2026
5241.0;298.0;26;2;2026
5242.0;60.0;26;2;2026
5243.0;180.0;26;2;2026
5244.0;660.0;26;2;2026
5248.0;420.0;26;2;2026
5249.0;420.0;26;2;2026
3688.0;420.0;26;2;2026
5250.0;840.0;26;2;2026
5251.0;600.0;26;2;2026
5252.0;420.0;26;2;2026
5253.0;540.0;26;2;2026
5254.0;0.0;26;2;2026
5256.0;240.0;26;2;2026
5257.0;0.0;26;2;2026
5258.0;60.0;26;2;2026
5259.0;360.0;26;2;2026
5260.0;120.0;26;2;2026
5261.0;480.0;26;2;2026
5262.0;360.0;26;2;2026
5263.0;120.0;26;2;2026
5264.0;180.0;26;2;2026
5265.0;120.0;26;2;2026
10598.0;60.0;26;2;2026
10600.0;120.0;26;2;2026
10599.0;0.0;26;2;2026
5269.0;420.0;26;2;2026
5270.0;139.0;26;2;2026
5271.0;540.0;26;2;2026
10597.0;0.0;26;2;2026
10596.0;0.0;26;2;2026
10589.0;0.0;26;2;2026
10587.0;0.0;26;2;2026
10585.0;0.0;26;2;2026
10586.0;120.0;26;2;2026
10588.0;60.0;26;2;2026
9941.0;360.0;26;2;2026
9940.0;60.0;26;2;2026
9942.0;300.0;26;2;2026
9901.0;240.0;26;2;2026
10590.0;0.0;26;2;2026
10595.0;0.0;26;2;2026
10654.0;0.0;26;2;2026
10655.0;600.0;26;2;2026
10652.0;0.0;26;2;2026
10653.0;480.0;26;2;2026
10657.0;180.0;26;2;2026
10656.0;0.0;26;2;2026
10946.0;598.0;26;2;2026
10947.0;120.0;26;2;2026
10945.0;480.0;26;2;2026
5305.0;300.0;26;2;2026
5273.0;600.0;26;2;2026
5274.0;180.0;26;2;2026
9849.0;0.0;26;2;2026
9848.0;0.0;26;2;2026
9850.0;120.0;26;2;2026
9851.0;240.0;26;2;2026
9852.0;0.0;26;2;2026
9853.0;180.0;26;2;2026
5297.0;0.0;26;2;2026
9978.0;120.0;26;2;2026
5298.0;120.0;26;2;2026
5299.0;120.0;26;2;2026
5268.0;0.0;26;2;2026
5272.0;360.0;26;2;2026
11210.0;0.0;26;2;2026
11211.0;60.0;26;2;2026
5275.0;60.0;26;2;2026
4792.0;0.0;26;2;2026
5277.0;60.0;26;2;2026
4793.0;900.0;26;2;2026
5279.0;720.0;26;2;2026
5280.0;600.0;26;2;2026
5281.0;1200.0;26;2;2026
5282.0;300.0;26;2;2026
5283.0;660.0;26;2;2026
5284.0;60.0;26;2;2026
5285.0;180.0;26;2;2026
5286.0;780.0;26;2;2026
5287.0;660.0;26;2;2026
5288.0;540.0;26;2;2026
5289.0;540.0;26;2;2026
5290.0;420.0;26;2;2026
5291.0;720.0;26;2;2026
11029.0;1200.0;26;2;2026
5293.0;120.0;26;2;2026
5294.0;0.0;26;2;2026
5295.0;300.0;26;2;2026
5296.0;120.0;26;2;2026
5300.0;240.0;26;2;2026
5301.0;300.0;26;2;2026
5302.0;120.0;26;2;2026
5303.0;0.0;26;2;2026
4790.0;240.0;26;2;2026
10929.0;120.0;26;2;2026
4791.0;0.0;26;2;2026
11028.0;1020.0;26;2;2026
4779.0;480.0;26;2;2026
4787.0;60.0;26;2;2026
4789.0;300.0;26;2;2026
3830.0;600.0;26;2;2026
4786.0;480.0;26;2;2026
4784.0;780.0;26;2;2026
4795.0;232.0;26;2;2026
4796.0;0.0;26;2;2026
4797.0;60.0;26;2;2026
3556.0;120.0;26;2;2026
4798.0;300.0;26;2;2026
4783.0;600.0;26;2;2026
10261.0;540.0;26;2;2026
4799.0;540.0;26;2;2026
4788.0;120.0;26;2;2026
10272.0;360.0;26;2;2026
10963.0;1020.0;26;2;2026
10964.0;360.0;26;2;2026
10952.0;1380.0;26;2;2026
10951.0;0.0;26;2;2026
10948.0;240.0;26;2;2026
10950.0;120.0;26;2;2026
10949.0;120.0;26;2;2026
10955.0;0.0;26;2;2026
10954.0;180.0;26;2;2026
10953.0;120.0;26;2;2026
10956.0;360.0;26;2;2026
10957.0;0.0;26;2;2026
11474.0;240.0;26;2;2026
11472.0;360.0;26;2;2026
11473.0;540.0;26;2;2026
10680.0;4.0;26;2;2026
10262.0;120.0;26;2;2026
4785.0;240.0;26;2;2026
5304.0;360.0;26;2;2026
5306.0;240.0;26;2;2026
5307.0;360.0;26;2;2026
5308.0;0.0;26;2;2026
5309.0;0.0;26;2;2026
5310.0;120.0;26;2;2026
5311.0;0.0;26;2;2026
5312.0;480.0;26;2;2026
5313.0;120.0;26;2;2026
5314.0;480.0;26;2;2026
5315.0;240.0;26;2;2026
10793.0;240.0;26;2;2026
10794.0;60.0;26;2;2026
5319.0;180.0;26;2;2026
5320.0;180.0;26;2;2026
5321.0;780.0;26;2;2026
5322.0;60.0;26;2;2026
5317.0;480.0;26;2;2026
5323.0;60.0;26;2;2026
5324.0;180.0;26;2;2026
5325.0;540.0;26;2;2026
5326.0;300.0;26;2;2026
5327.0;180.0;26;2;2026
3749.0;180.0;26;2;2026
5328.0;180.0;26;2;2026
5329.0;180.0;26;2;2026
3750.0;60.0;26;2;2026
5330.0;360.0;26;2;2026
5331.0;300.0;26;2;2026
5332.0;180.0;26;2;2026
5333.0;120.0;26;2;2026
5334.0;240.0;26;2;2026
5335.0;300.0;26;2;2026
3636.0;1200.0;26;2;2026
5157.0;180.0;26;2;2026
5158.0;120.0;26;2;2026
5159.0;240.0;26;2;2026
10619.0;60.0;26;2;2026
10795.0;60.0;26;2;2026
10796.0;120.0;26;2;2026
5316.0;60.0;26;2;2026
5318.0;60.0;26;2;2026
5336.0;480.0;26;2;2026
5337.0;180.0;26;2;2026
5338.0;60.0;26;2;2026
5339.0;300.0;26;2;2026
5340.0;120.0;26;2;2026
5341.0;60.0;26;2;2026
5342.0;50.0;26;2;2026
5343.0;120.0;26;2;2026
5344.0;60.0;26;2;2026
5345.0;900.0;26;2;2026
5346.0;300.0;26;2;2026
5347.0;420.0;26;2;2026
10902.0;180.0;26;2;2026
5349.0;300.0;26;2;2026
5348.0;840.0;26;2;2026
10900.0;540.0;26;2;2026
10901.0;240.0;26;2;2026
10996.0;180.0;26;2;2026
5350.0;120.0;26;2;2026
5352.0;120.0;26;2;2026
5355.0;360.0;26;2;2026
7107.0;480.0;26;2;2026
9935.0;0.0;26;2;2026
9936.0;0.0;26;2;2026
9944.0;660.0;26;2;2026
9943.0;120.0;26;2;2026
9986.0;180.0;26;2;2026
9989.0;480.0;26;2;2026
10422.0;0.0;26;2;2026
10290.0;240.0;26;2;2026
9939.0;420.0;26;2;2026
5354.0;540.0;26;2;2026
5351.0;420.0;26;2;2026
7108.0;300.0;26;2;2026
5356.0;120.0;26;2;2026
9988.0;540.0;26;2;2026
9987.0;60.0;26;2;2026
9990.0;120.0;26;2;2026
10868.0;300.0;26;2;2026
11443.0;600.0;26;2;2026
5385.0;420.0;26;2;2026
5386.0;420.0;26;2;2026
5387.0;60.0;26;2;2026
10932.0;300.0;26;2;2026
3484.0;420.0;26;2;2026
5388.0;600.0;26;2;2026
5389.0;120.0;26;2;2026
3590.0;600.0;26;2;2026
10015.0;60.0;26;2;2026
5391.0;180.0;26;2;2026
5392.0;300.0;26;2;2026
5393.0;420.0;26;2;2026
5394.0;240.0;26;2;2026
6832.0;0.0;26;2;2026
5396.0;120.0;26;2;2026
10931.0;60.0;26;2;2026
5398.0;120.0;26;2;2026
5399.0;0.0;26;2;2026
5400.0;60.0;26;2;2026
5401.0;240.0;26;2;2026
5402.0;300.0;26;2;2026
5403.0;120.0;26;2;2026
10930.0;240.0;26;2;2026
10014.0;60.0;26;2;2026
10016.0;120.0;26;2;2026
10017.0;540.0;26;2;2026
5390.0;120.0;26;2;2026
3483.0;480.0;26;2;2026
5397.0;0.0;26;2;2026
6811.0;0.0;26;2;2026
5011.0;60.0;26;2;2026
5010.0;960.0;26;2;2026
5001.0;1080.0;26;2;2026
3410.0;60.0;26;2;2026
5002.0;780.0;26;2;2026
5003.0;1320.0;26;2;2026
4547.0;0.0;26;2;2026
5012.0;60.0;26;2;2026
5004.0;780.0;26;2;2026
5018.0;120.0;26;2;2026
5005.0;960.0;26;2;2026
3702.0;780.0;26;2;2026
5035.0;0.0;26;2;2026
5006.0;480.0;26;2;2026
7009.0;0.0;26;2;2026
5019.0;120.0;26;2;2026
5021.0;600.0;26;2;2026
5007.0;540.0;26;2;2026
5022.0;0.0;26;2;2026
5023.0;120.0;26;2;2026
5034.0;0.0;26;2;2026
10429.0;900.0;26;2;2026
10430.0;1380.0;26;2;2026
5008.0;180.0;26;2;2026
5031.0;120.0;26;2;2026
5024.0;360.0;26;2;2026
5020.0;179.0;26;2;2026
5009.0;600.0;26;2;2026
5029.0;55.0;26;2;2026
5016.0;240.0;26;2;2026
5013.0;300.0;26;2;2026
5014.0;120.0;26;2;2026
10428.0;360.0;26;2;2026
5015.0;240.0;26;2;2026
10426.0;240.0;26;2;2026
5017.0;0.0;26;2;2026
10425.0;320.0;26;2;2026
5032.0;0.0;26;2;2026
5033.0;0.0;26;2;2026
10424.0;300.0;26;2;2026
10570.0;180.0;26;2;2026
10965.0;240.0;26;2;2026
10966.0;300.0;26;2;2026
10967.0;720.0;26;2;2026
10988.0;300.0;26;2;2026
10987.0;420.0;26;2;2026
10803.0;0.0;26;2;2026
3553.0;120.0;26;2;2026
5030.0;0.0;26;2;2026
5183.0;60.0;26;2;2026
11449.0;660.0;26;2;2026
10253.0;60.0;26;2;2026
10574.0;60.0;26;2;2026
10273.0;300.0;26;2;2026
5112.0;420.0;26;2;2026
10274.0;420.0;26;2;2026
10275.0;180.0;26;2;2026
5057.0;60.0;26;2;2026
3576.0;180.0;26;2;2026
3628.0;540.0;26;2;2026
5109.0;120.0;26;2;2026
5099.0;60.0;26;2;2026
5100.0;180.0;26;2;2026
5127.0;180.0;26;2;2026
3629.0;600.0;26;2;2026
5113.0;360.0;26;2;2026
5114.0;180.0;26;2;2026
5106.0;0.0;26;2;2026
5107.0;0.0;26;2;2026
5128.0;60.0;26;2;2026
10254.0;0.0;26;2;2026
5125.0;0.0;26;2;2026
5126.0;180.0;26;2;2026
5131.0;240.0;26;2;2026
9847.0;120.0;26;2;2026
5111.0;180.0;26;2;2026
10573.0;60.0;26;2;2026
10572.0;240.0;26;2;2026
10571.0;120.0;26;2;2026
10973.0;240.0;26;2;2026
10974.0;120.0;26;2;2026
4906.0;180.0;26;2;2026
6830.0;300.0;26;2;2026
4903.0;180.0;26;2;2026
4904.0;120.0;26;2;2026
4907.0;180.0;26;2;2026
5166.0;480.0;26;2;2026
3637.0;0.0;26;2;2026
5179.0;16.0;26;2;2026
5165.0;180.0;26;2;2026
5174.0;480.0;26;2;2026
3640.0;0.0;26;2;2026
3641.0;1440.0;26;2;2026
5163.0;360.0;26;2;2026
5162.0;180.0;26;2;2026
5175.0;1620.0;26;2;2026
5176.0;1980.0;26;2;2026
9992.0;0.0;26;2;2026
10224.0;0.0;26;2;2026
10223.0;60.0;26;2;2026
5181.0;0.0;26;2;2026
10222.0;840.0;26;2;2026
5161.0;20.0;26;2;2026
4894.0;60.0;26;2;2026
5168.0;0.0;26;2;2026
3577.0;60.0;26;2;2026
5167.0;60.0;26;2;2026
5164.0;120.0;26;2;2026
5177.0;0.0;26;2;2026
5172.0;480.0;26;2;2026
3849.0;360.0;26;2;2026
3855.0;400.0;26;2;2026
3564.0;0.0;26;2;2026
3878.0;0.0;26;2;2026
3887.0;560.0;26;2;2026
9981.0;320.0;26;2;2026
9980.0;760.0;26;2;2026
9979.0;240.0;26;2;2026
4078.0;164.0;26;2;2026
4079.0;262.0;26;2;2026
4080.0;458.0;26;2;2026
4081.0;491.0;26;2;2026
4082.0;393.0;26;2;2026
4093.0;160.0;26;2;2026
4094.0;160.0;26;2;2026
4095.0;280.0;26;2;2026
4097.0;480.0;26;2;2026
4099.0;80.0;26;2;2026
4100.0;600.0;26;2;2026
4101.0;680.0;26;2;2026
4102.0;320.0;26;2;2026
4103.0;320.0;26;2;2026
4104.0;720.0;26;2;2026
5097.0;360.0;26;2;2026
4105.0;560.0;26;2;2026
3582.0;80.0;26;2;2026
4106.0;400.0;26;2;2026
4107.0;0.0;26;2;2026
4108.0;400.0;26;2;2026
4109.0;80.0;26;2;2026
4232.0;80.0;26;2;2026
4098.0;360.0;26;2;2026
10923.0;114.0;26;2;2026
10921.0;45.0;26;2;2026
10922.0;45.0;26;2;2026
10927.0;520.0;26;2;2026
10925.0;160.0;26;2;2026
10924.0;160.0;26;2;2026
10926.0;240.0;26;2;2026
10814.0;576.0;26;2;2026
4142.0;200.0;26;2;2026
4143.0;40.0;26;2;2026
4144.0;72.0;26;2;2026
4145.0;216.0;26;2;2026
4146.0;144.0;26;2;2026
4147.0;324.0;26;2;2026
4148.0;108.0;26;2;2026
4150.0;108.0;26;2;2026
4151.0;360.0;26;2;2026
4167.0;823.0;26;2;2026
4168.0;669.0;26;2;2026
4169.0;926.0;26;2;2026
4177.0;74.0;26;2;2026
4183.0;669.0;26;2;2026
4198.0;463.0;26;2;2026
5103.0;1080.0;26;2;2026
4199.0;123.0;26;2;2026
4200.0;200.0;26;2;2026
4201.0;280.0;26;2;2026
4202.0;360.0;26;2;2026
4203.0;520.0;26;2;2026
4204.0;80.0;26;2;2026
4205.0;1080.0;26;2;2026
4206.0;800.0;26;2;2026
4207.0;0.0;26;2;2026
4208.0;36.0;26;2;2026
4209.0;864.0;26;2;2026
3722.0;324.0;26;2;2026
5104.0;1044.0;26;2;2026
4211.0;1188.0;26;2;2026
4212.0;1332.0;26;2;2026
4213.0;612.0;26;2;2026
4214.0;180.0;26;2;2026
4215.0;2088.0;26;2;2026
4216.0;864.0;26;2;2026
4217.0;108.0;26;2;2026
4218.0;180.0;26;2;2026
4219.0;108.0;26;2;2026
4220.0;108.0;26;2;2026
4221.0;108.0;26;2;2026
4222.0;540.0;26;2;2026
4226.0;756.0;26;2;2026
4227.0;216.0;26;2;2026
4228.0;72.0;26;2;2026
4229.0;612.0;26;2;2026
4230.0;504.0;26;2;2026
4233.0;108.0;26;2;2026
4234.0;612.0;26;2;2026
4235.0;72.0;26;2;2026
4236.0;468.0;26;2;2026
4237.0;144.0;26;2;2026
4238.0;648.0;26;2;2026
3669.0;252.0;26;2;2026
3670.0;36.0;26;2;2026
4239.0;684.0;26;2;2026
10037.0;120.0;26;2;2026
10427.0;200.0;26;2;2026
10866.0;135.0;26;2;2026
10867.0;45.0;26;2;2026
7133.0;640.0;26;2;2026
7134.0;828.0;26;2;2026
7135.0;468.0;26;2;2026
4254.0;72.0;26;2;2026
10608.0;0.0;26;2;2026
4256.0;360.0;26;2;2026
10530.0;0.0;26;2;2026
10527.0;0.0;26;2;2026
4257.0;225.0;26;2;2026
4258.0;45.0;26;2;2026
4259.0;758.0;26;2;2026
4260.0;152.0;26;2;2026
4261.0;531.0;26;2;2026
3707.0;493.0;26;2;2026
4262.0;682.0;26;2;2026
4263.0;341.0;26;2;2026
4264.0;1099.0;26;2;2026
4265.0;947.0;26;2;2026
4266.0;38.0;26;2;2026
3475.0;985.0;26;2;2026
4268.0;520.0;26;2;2026
4269.0;257.0;26;2;2026
4270.0;520.0;26;2;2026
7087.0;265.0;26;2;2026
4279.0;303.0;26;2;2026
11301.0;0.0;26;2;2026
4281.0;360.0;26;2;2026
4282.0;0.0;26;2;2026
4305.0;159.0;26;2;2026
4310.0;360.0;26;2;2026
4311.0;180.0;26;2;2026
4312.0;675.0;26;2;2026
4379.0;212.0;26;2;2026
4380.0;684.0;26;2;2026
4381.0;254.0;26;2;2026
4382.0;1152.0;26;2;2026
4383.0;1512.0;26;2;2026
4384.0;720.0;26;2;2026
4385.0;936.0;26;2;2026
4386.0;1584.0;26;2;2026
4400.0;1188.0;26;2;2026
4387.0;108.0;26;2;2026
4388.0;1008.0;26;2;2026
4389.0;1368.0;26;2;2026
3807.0;1296.0;26;2;2026
7067.0;1296.0;26;2;2026
4390.0;504.0;26;2;2026
4391.0;972.0;26;2;2026
3619.0;466.0;26;2;2026
4392.0;540.0;26;2;2026
3620.0;756.0;26;2;2026
4393.0;468.0;26;2;2026
4394.0;252.0;26;2;2026
4395.0;396.0;26;2;2026
4402.0;360.0;26;2;2026
10217.0;540.0;26;2;2026
10258.0;396.0;26;2;2026
10259.0;324.0;26;2;2026
10498.0;424.0;26;2;2026
10499.0;212.0;26;2;2026
4397.0;828.0;26;2;2026
4398.0;1908.0;26;2;2026
4403.0;144.0;26;2;2026
4404.0;1296.0;26;2;2026
4405.0;540.0;26;2;2026
4408.0;504.0;26;2;2026
4409.0;1512.0;26;2;2026
4414.0;396.0;26;2;2026
4434.0;936.0;26;2;2026
4418.0;648.0;26;2;2026
4419.0;3744.0;26;2;2026
4421.0;2412.0;26;2;2026
3693.0;936.0;26;2;2026
3694.0;85.0;26;2;2026
4422.0;127.0;26;2;2026
10023.0;296.0;26;2;2026
4424.0;360.0;26;2;2026
4425.0;127.0;26;2;2026
9977.0;2736.0;26;2;2026
4423.0;339.0;26;2;2026
10022.0;551.0;26;2;2026
10057.0;508.0;26;2;2026
10066.0;212.0;26;2;2026
10603.0;169.0;26;2;2026
10602.0;296.0;26;2;2026
10604.0;296.0;26;2;2026
10605.0;254.0;26;2;2026
4426.0;396.0;26;2;2026
4427.0;504.0;26;2;2026
4428.0;648.0;26;2;2026
4429.0;756.0;26;2;2026
4430.0;576.0;26;2;2026
4431.0;720.0;26;2;2026
4432.0;504.0;26;2;2026
3407.0;684.0;26;2;2026
4433.0;2268.0;26;2;2026
4415.0;540.0;26;2;2026
3622.0;1620.0;26;2;2026
4436.0;576.0;26;2;2026
4437.0;2376.0;26;2;2026
4438.0;1152.0;26;2;2026
4439.0;1620.0;26;2;2026
4440.0;720.0;26;2;2026
4441.0;1836.0;26;2;2026
4442.0;1836.0;26;2;2026
4443.0;1188.0;26;2;2026
4444.0;2412.0;26;2;2026
4445.0;252.0;26;2;2026
4446.0;504.0;26;2;2026
4447.0;756.0;26;2;2026
4448.0;396.0;26;2;2026
4449.0;468.0;26;2;2026
4450.0;756.0;26;2;2026
3674.0;792.0;26;2;2026
4451.0;72.0;26;2;2026
4452.0;648.0;26;2;2026
4453.0;864.0;26;2;2026
7071.0;1512.0;26;2;2026
4464.0;1152.0;26;2;2026
4454.0;1188.0;26;2;2026
4455.0;756.0;26;2;2026
4456.0;1008.0;26;2;2026
4457.0;396.0;26;2;2026
4458.0;1499.0;26;2;2026
4459.0;720.0;26;2;2026
4460.0;2124.0;26;2;2026
4461.0;1692.0;26;2;2026
4462.0;1944.0;26;2;2026
9965.0;420.0;26;2;2026
9963.0;360.0;26;2;2026
9964.0;0.0;26;2;2026
9967.0;60.0;26;2;2026
4465.0;1152.0;26;2;2026
4466.0;864.0;26;2;2026
4467.0;792.0;26;2;2026
4468.0;972.0;26;2;2026
4469.0;1620.0;26;2;2026
3715.0;1116.0;26;2;2026
3716.0;2448.0;26;2;2026
3717.0;576.0;26;2;2026
4470.0;396.0;26;2;2026
4471.0;684.0;26;2;2026
3468.0;504.0;26;2;2026
3469.0;1116.0;26;2;2026
6979.0;864.0;26;2;2026
4473.0;540.0;26;2;2026
10985.0;648.0;26;2;2026
3395.0;648.0;26;2;2026
3396.0;360.0;26;2;2026
3397.0;396.0;26;2;2026
4475.0;324.0;26;2;2026
7019.0;504.0;26;2;2026
9961.0;2160.0;26;2;2026
9962.0;244.0;26;2;2026
10216.0;0.0;26;2;2026
4476.0;493.0;26;2;2026
4477.0;303.0;26;2;2026
10560.0;180.0;26;2;2026
11351.0;78.0;26;2;2026
5404.0;36.0;26;2;2026
5405.0;144.0;26;2;2026
5406.0;796.0;26;2;2026
5407.0;265.0;26;2;2026
5408.0;909.0;26;2;2026
5409.0;309.0;26;2;2026
9930.0;1224.0;26;2;2026
9932.0;864.0;26;2;2026
9931.0;576.0;26;2;2026
9929.0;756.0;26;2;2026
9907.0;1044.0;26;2;2026
5410.0;144.0;26;2;2026
9909.0;1152.0;26;2;2026
9908.0;324.0;26;2;2026
9926.0;531.0;26;2;2026
9928.0;531.0;26;2;2026
10011.0;303.0;26;2;2026
9933.0;540.0;26;2;2026
9934.0;405.0;26;2;2026
9917.0;765.0;26;2;2026
9920.0;450.0;26;2;2026
5412.0;227.0;26;2;2026
4325.0;252.0;26;2;2026
4326.0;504.0;26;2;2026
4327.0;216.0;26;2;2026
5116.0;180.0;26;2;2026
5117.0;252.0;26;2;2026
4328.0;108.0;26;2;2026
4329.0;684.0;26;2;2026
4330.0;504.0;26;2;2026
10407.0;504.0;26;2;2026
10408.0;540.0;26;2;2026
4331.0;252.0;26;2;2026
7102.0;108.0;26;2;2026
4495.0;120.0;26;2;2026
4496.0;280.0;26;2;2026
4497.0;200.0;26;2;2026
3524.0;160.0;26;2;2026
4498.0;280.0;26;2;2026
4500.0;200.0;26;2;2026
4501.0;480.0;26;2;2026
4502.0;440.0;26;2;2026
4503.0;0.0;26;2;2026
4504.0;280.0;26;2;2026
4505.0;480.0;26;2;2026
4506.0;200.0;26;2;2026
4507.0;320.0;26;2;2026
4508.0;320.0;26;2;2026
4509.0;360.0;26;2;2026
4510.0;402.0;26;2;2026
10097.0;169.0;26;2;2026
4511.0;240.0;26;2;2026
3472.0;360.0;26;2;2026
3473.0;90.0;26;2;2026
4512.0;90.0;26;2;2026
4513.0;480.0;26;2;2026
4514.0;160.0;26;2;2026
4515.0;360.0;26;2;2026
4516.0;160.0;26;2;2026
5142.0;200.0;26;2;2026
3440.0;80.0;26;2;2026
3514.0;120.0;26;2;2026
5143.0;240.0;26;2;2026
4517.0;40.0;26;2;2026
4518.0;400.0;26;2;2026
4519.0;320.0;26;2;2026
4520.0;280.0;26;2;2026
4521.0;480.0;26;2;2026
4522.0;160.0;26;2;2026
4523.0;80.0;26;2;2026
3638.0;120.0;26;2;2026
4524.0;309.0;26;2;2026
4525.0;120.0;26;2;2026
4526.0;80.0;26;2;2026
4527.0;200.0;26;2;2026
4528.0;117.0;26;2;2026
3733.0;320.0;26;2;2026
9960.0;0.0;26;2;2026
3639.0;280.0;26;2;2026
3734.0;160.0;26;2;2026
4529.0;42.0;26;2;2026
3735.0;360.0;26;2;2026
4530.0;480.0;26;2;2026
4531.0;424.0;26;2;2026
4532.0;520.0;26;2;2026
4533.0;160.0;26;2;2026
4534.0;160.0;26;2;2026
4535.0;40.0;26;2;2026
4536.0;85.0;26;2;2026
4537.0;200.0;26;2;2026
3595.0;257.0;26;2;2026
4538.0;0.0;26;2;2026
4539.0;40.0;26;2;2026
3767.0;280.0;26;2;2026
4540.0;240.0;26;2;2026
3708.0;160.0;26;2;2026
10218.0;45.0;26;2;2026
10219.0;45.0;26;2;2026
10220.0;45.0;26;2;2026
10221.0;0.0;26;2;2026
3413.0;40.0;26;2;2026
3412.0;320.0;26;2;2026
10212.0;280.0;26;2;2026
9914.0;200.0;26;2;2026
10195.0;240.0;26;2;2026
6983.0;200.0;26;2;2026
10012.0;0.0;26;2;2026
10153.0;288.0;26;2;2026
4543.0;192.0;26;2;2026
10154.0;576.0;26;2;2026
4545.0;180.0;26;2;2026
4546.0;504.0;26;2;2026
4548.0;540.0;26;2;2026
4549.0;640.0;26;2;2026
4550.0;120.0;26;2;2026
4551.0;400.0;26;2;2026
4552.0;120.0;26;2;2026
4553.0;240.0;26;2;2026
4554.0;40.0;26;2;2026
9882.0;180.0;26;2;2026
4556.0;160.0;26;2;2026
3408.0;200.0;26;2;2026
4557.0;160.0;26;2;2026
4558.0;405.0;26;2;2026
4559.0;0.0;26;2;2026
3829.0;828.0;26;2;2026
4560.0;180.0;26;2;2026
4561.0;270.0;26;2;2026
4562.0;225.0;26;2;2026
3824.0;90.0;26;2;2026
3825.0;80.0;26;2;2026
4563.0;1296.0;26;2;2026
4564.0;648.0;26;2;2026
3596.0;495.0;26;2;2026
4565.0;135.0;26;2;2026
4566.0;315.0;26;2;2026
4567.0;225.0;26;2;2026
4568.0;90.0;26;2;2026
4569.0;90.0;26;2;2026
3588.0;432.0;26;2;2026
3589.0;1116.0;26;2;2026
4570.0;240.0;26;2;2026
10165.0;0.0;26;2;2026
10166.0;300.0;26;2;2026
3737.0;72.0;26;2;2026
4572.0;36.0;26;2;2026
4573.0;36.0;26;2;2026
4574.0;468.0;26;2;2026
7024.0;36.0;26;2;2026
9915.0;1008.0;26;2;2026
9916.0;1008.0;26;2;2026
9919.0;1152.0;26;2;2026
9918.0;756.0;26;2;2026
4596.0;324.0;26;2;2026
4597.0;684.0;26;2;2026
4608.0;560.0;26;2;2026
4609.0;0.0;26;2;2026
4610.0;80.0;26;2;2026
4611.0;1198.0;26;2;2026
4612.0;40.0;26;2;2026
4614.0;680.0;26;2;2026
4615.0;440.0;26;2;2026
4616.0;247.0;26;2;2026
4617.0;120.0;26;2;2026
4618.0;504.0;26;2;2026
4619.0;252.0;26;2;2026
4620.0;108.0;26;2;2026
4621.0;225.0;26;2;2026
4622.0;225.0;26;2;2026
3591.0;135.0;26;2;2026
3592.0;432.0;26;2;2026
11507.0;225.0;26;2;2026
7142.0;38.0;26;2;2026
7141.0;189.0;26;2;2026
4623.0;400.0;26;2;2026
3739.0;240.0;26;2;2026
3740.0;240.0;26;2;2026
4624.0;440.0;26;2;2026
3741.0;400.0;26;2;2026
4625.0;160.0;26;2;2026
4626.0;80.0;26;2;2026
3474.0;280.0;26;2;2026
4627.0;560.0;26;2;2026
4628.0;320.0;26;2;2026
4629.0;560.0;26;2;2026
4630.0;80.0;26;2;2026
4631.0;240.0;26;2;2026
4632.0;40.0;26;2;2026
4633.0;240.0;26;2;2026
4634.0;440.0;26;2;2026
4635.0;573.0;26;2;2026
4636.0;840.0;26;2;2026
4637.0;360.0;26;2;2026
3398.0;320.0;26;2;2026
3399.0;240.0;26;2;2026
3400.0;268.0;26;2;2026
4638.0;520.0;26;2;2026
9968.0;200.0;26;2;2026
4639.0;280.0;26;2;2026
10040.0;440.0;26;2;2026
10039.0;160.0;26;2;2026
4640.0;80.0;26;2;2026
4641.0;160.0;26;2;2026
4642.0;840.0;26;2;2026
4643.0;520.0;26;2;2026
3689.0;160.0;26;2;2026
3690.0;169.0;26;2;2026
4644.0;466.0;26;2;2026
4645.0;127.0;26;2;2026
10041.0;600.0;26;2;2026
4647.0;120.0;26;2;2026
10042.0;320.0;26;2;2026
10045.0;120.0;26;2;2026
10047.0;120.0;26;2;2026
4687.0;80.0;26;2;2026
4648.0;200.0;26;2;2026
4649.0;240.0;26;2;2026
4650.0;200.0;26;2;2026
3525.0;120.0;26;2;2026
3526.0;40.0;26;2;2026
4651.0;40.0;26;2;2026
4652.0;120.0;26;2;2026
4653.0;0.0;26;2;2026
4654.0;160.0;26;2;2026
3501.0;0.0;26;2;2026
3502.0;80.0;26;2;2026
3503.0;80.0;26;2;2026
3504.0;440.0;26;2;2026
4655.0;120.0;26;2;2026
4656.0;760.0;26;2;2026
4657.0;440.0;26;2;2026
4658.0;360.0;26;2;2026
4659.0;0.0;26;2;2026
4661.0;200.0;26;2;2026
4662.0;80.0;26;2;2026
4663.0;240.0;26;2;2026
4664.0;581.0;26;2;2026
4665.0;200.0;26;2;2026
4666.0;120.0;26;2;2026
4667.0;280.0;26;2;2026
4668.0;120.0;26;2;2026
4669.0;480.0;26;2;2026
4670.0;520.0;26;2;2026
4671.0;160.0;26;2;2026
3414.0;560.0;26;2;2026
3415.0;600.0;26;2;2026
3416.0;320.0;26;2;2026
4672.0;520.0;26;2;2026
4673.0;640.0;26;2;2026
4674.0;240.0;26;2;2026
4675.0;320.0;26;2;2026
4676.0;240.0;26;2;2026
4677.0;480.0;26;2;2026
4678.0;560.0;26;2;2026
3442.0;280.0;26;2;2026
4679.0;360.0;26;2;2026
4680.0;440.0;26;2;2026
3443.0;560.0;26;2;2026
4681.0;560.0;26;2;2026
4682.0;520.0;26;2;2026
4683.0;40.0;26;2;2026
4684.0;0.0;26;2;2026
4686.0;0.0;26;2;2026
7077.0;103.0;26;2;2026
7060.0;51.0;26;2;2026
7061.0;206.0;26;2;2026
7078.0;440.0;26;2;2026
5414.0;265.0;26;2;2026
5415.0;531.0;26;2;2026
5416.0;632.0;26;2;2026
5417.0;417.0;26;2;2026
5418.0;417.0;26;2;2026
5419.0;568.0;26;2;2026
3677.0;606.0;26;2;2026
5420.0;531.0;26;2;2026
3485.0;455.0;26;2;2026
5421.0;379.0;26;2;2026
5430.0;682.0;26;2;2026
5434.0;644.0;26;2;2026
5435.0;114.0;26;2;2026
5436.0;152.0;26;2;2026
5437.0;76.0;26;2;2026
4555.0;280.0;26;2;2026
10187.0;606.0;26;2;2026
10184.0;682.0;26;2;2026
10182.0;417.0;26;2;2026
10186.0;0.0;26;2;2026
3448.0;466.0;26;2;2026
5505.0;508.0;26;2;2026
5506.0;678.0;26;2;2026
5507.0;296.0;26;2;2026
10470.0;296.0;26;2;2026
11282.0;212.0;26;2;2026
5592.0;508.0;26;2;2026
5593.0;296.0;26;2;2026
5594.0;381.0;26;2;2026
5595.0;296.0;26;2;2026
5596.0;85.0;26;2;2026
5597.0;254.0;26;2;2026
11350.0;296.0;26;2;2026
5621.0;85.0;26;2;2026
11283.0;0.0;26;2;2026
3417.0;303.0;26;2;2026
3418.0;531.0;26;2;2026
4688.0;341.0;26;2;2026
4689.0;379.0;26;2;2026
4690.0;152.0;26;2;2026
4691.0;341.0;26;2;2026
4692.0;379.0;26;2;2026
4693.0;889.0;26;2;2026
4695.0;254.0;26;2;2026
4696.0;169.0;26;2;2026
3444.0;0.0;26;2;2026
10038.0;160.0;26;2;2026
10648.0;265.0;26;2;2026
3476.0;568.0;26;2;2026
3477.0;758.0;26;2;2026
3478.0;568.0;26;2;2026
4697.0;682.0;26;2;2026
4698.0;303.0;26;2;2026
4699.0;227.0;26;2;2026
4700.0;493.0;26;2;2026
4701.0;568.0;26;2;2026
9970.0;189.0;26;2;2026
9971.0;111.0;26;2;2026
9972.0;114.0;26;2;2026
10649.0;379.0;26;2;2026
10650.0;417.0;26;2;2026
10682.0;682.0;26;2;2026
10658.0;227.0;26;2;2026
4709.0;240.0;26;2;2026
4710.0;160.0;26;2;2026
4711.0;320.0;26;2;2026
4712.0;440.0;26;2;2026
4713.0;514.0;26;2;2026
4714.0;0.0;26;2;2026
10065.0;0.0;26;2;2026
3402.0;455.0;26;2;2026
5744.0;341.0;26;2;2026
5745.0;189.0;26;2;2026
5746.0;682.0;26;2;2026
5747.0;1326.0;26;2;2026
5748.0;189.0;26;2;2026
5749.0;644.0;26;2;2026
5750.0;189.0;26;2;2026
5751.0;0.0;26;2;2026
5752.0;0.0;26;2;2026
5753.0;200.0;26;2;2026
5754.0;40.0;26;2;2026
9925.0;40.0;26;2;2026
9896.0;320.0;26;2;2026
9897.0;120.0;26;2;2026
11034.0;758.0;26;2;2026
11035.0;568.0;26;2;2026
11036.0;227.0;26;2;2026
11338.0;0.0;26;2;2026
11339.0;0.0;26;2;2026
5755.0;212.0;26;2;2026
5756.0;296.0;26;2;2026
5757.0;254.0;26;2;2026
5760.0;254.0;26;2;2026
5759.0;381.0;26;2;2026
7097.0;508.0;26;2;2026
10155.0;212.0;26;2;2026
3678.0;0.0;26;2;2026
4719.0;440.0;26;2;2026
4720.0;0.0;26;2;2026
11033.0;400.0;26;2;2026
4722.0;160.0;26;2;2026
4723.0;40.0;26;2;2026
6912.0;320.0;26;2;2026
4725.0;120.0;26;2;2026
4726.0;40.0;26;2;2026
4727.0;360.0;26;2;2026
4728.0;120.0;26;2;2026
4729.0;280.0;26;2;2026
4730.0;480.0;26;2;2026
4731.0;360.0;26;2;2026
4732.0;120.0;26;2;2026
4733.0;560.0;26;2;2026
4734.0;411.0;26;2;2026
11032.0;120.0;26;2;2026
9883.0;270.0;26;2;2026
9884.0;315.0;26;2;2026
9887.0;405.0;26;2;2026
9886.0;270.0;26;2;2026
9906.0;225.0;26;2;2026
4737.0;135.0;26;2;2026
4738.0;45.0;26;2;2026
9905.0;0.0;26;2;2026
9904.0;315.0;26;2;2026
9903.0;180.0;26;2;2026
9913.0;560.0;26;2;2026
9912.0;520.0;26;2;2026
9911.0;80.0;26;2;2026
9910.0;0.0;26;2;2026
9898.0;520.0;26;2;2026
9899.0;160.0;26;2;2026
9900.0;520.0;26;2;2026
9975.0;240.0;26;2;2026
9974.0;160.0;26;2;2026
9973.0;40.0;26;2;2026
9976.0;120.0;26;2;2026
5783.0;300.0;26;2;2026
5784.0;100.0;26;2;2026
5785.0;340.0;26;2;2026
5786.0;380.0;26;2;2026
5787.0;260.0;26;2;2026
5788.0;520.0;26;2;2026
5789.0;700.0;26;2;2026
5790.0;120.0;26;2;2026
5791.0;440.0;26;2;2026
5792.0;560.0;26;2;2026
3754.0;80.0;26;2;2026
5793.0;180.0;26;2;2026
5794.0;480.0;26;2;2026
5795.0;240.0;26;2;2026
3755.0;140.0;26;2;2026
5796.0;360.0;26;2;2026
5797.0;160.0;26;2;2026
5798.0;340.0;26;2;2026
5799.0;140.0;26;2;2026
5800.0;80.0;26;2;2026
5801.0;400.0;26;2;2026
5802.0;140.0;26;2;2026
5803.0;300.0;26;2;2026
5804.0;540.0;26;2;2026
5805.0;840.0;26;2;2026
5806.0;120.0;26;2;2026
3774.0;60.0;26;2;2026
5807.0;120.0;26;2;2026
5808.0;40.0;26;2;2026
5809.0;20.0;26;2;2026
5810.0;160.0;26;2;2026
7027.0;500.0;26;2;2026
7116.0;100.0;26;2;2026
5812.0;720.0;26;2;2026
5813.0;460.0;26;2;2026
3587.0;400.0;26;2;2026
5814.0;280.0;26;2;2026
5815.0;460.0;26;2;2026
5816.0;640.0;26;2;2026
5817.0;580.0;26;2;2026
5818.0;460.0;26;2;2026
5819.0;320.0;26;2;2026
5820.0;520.0;26;2;2026
5821.0;320.0;26;2;2026
5822.0;340.0;26;2;2026
5823.0;280.0;26;2;2026
5824.0;1700.0;26;2;2026
5825.0;1400.0;26;2;2026
5826.0;60.0;26;2;2026
5827.0;620.0;26;2;2026
5828.0;140.0;26;2;2026
5829.0;440.0;26;2;2026
5831.0;120.0;26;2;2026
5832.0;60.0;26;2;2026
5833.0;260.0;26;2;2026
5834.0;120.0;26;2;2026
5835.0;120.0;26;2;2026
5836.0;360.0;26;2;2026
5837.0;580.0;26;2;2026
11390.0;60.0;26;2;2026
5838.0;680.0;26;2;2026
5839.0;580.0;26;2;2026
5840.0;680.0;26;2;2026
6945.0;1140.0;26;2;2026
5842.0;1140.0;26;2;2026
5844.0;1620.0;26;2;2026
5846.0;220.0;26;2;2026
5847.0;240.0;26;2;2026
5848.0;360.0;26;2;2026
3428.0;240.0;26;2;2026
5849.0;700.0;26;2;2026
5850.0;500.0;26;2;2026
5852.0;320.0;26;2;2026
5853.0;180.0;26;2;2026
5854.0;420.0;26;2;2026
5855.0;360.0;26;2;2026
5856.0;400.0;26;2;2026
5857.0;480.0;26;2;2026
5858.0;340.0;26;2;2026
5859.0;260.0;26;2;2026
5860.0;360.0;26;2;2026
5841.0;1020.0;26;2;2026
9840.0;500.0;26;2;2026
6947.0;260.0;26;2;2026
6946.0;840.0;26;2;2026
10063.0;380.0;26;2;2026
10064.0;220.0;26;2;2026
11460.0;500.0;26;2;2026
11461.0;280.0;26;2;2026
11462.0;140.0;26;2;2026
11475.0;200.0;26;2;2026
11476.0;180.0;26;2;2026
11478.0;0.0;26;2;2026
5864.0;120.0;26;2;2026
5865.0;200.0;26;2;2026
5867.0;0.0;26;2;2026
5868.0;20.0;26;2;2026
5869.0;160.0;26;2;2026
9856.0;500.0;26;2;2026
5907.0;620.0;26;2;2026
5908.0;1240.0;26;2;2026
5909.0;780.0;26;2;2026
5910.0;840.0;26;2;2026
5911.0;680.0;26;2;2026
5912.0;760.0;26;2;2026
5913.0;600.0;26;2;2026
5914.0;520.0;26;2;2026
5915.0;460.0;26;2;2026
5916.0;520.0;26;2;2026
5917.0;440.0;26;2;2026
5918.0;480.0;26;2;2026
5919.0;560.0;26;2;2026
5920.0;240.0;26;2;2026
5921.0;440.0;26;2;2026
3593.0;720.0;26;2;2026
3594.0;860.0;26;2;2026
5922.0;940.0;26;2;2026
5923.0;660.0;26;2;2026
5924.0;500.0;26;2;2026
5925.0;460.0;26;2;2026
3644.0;700.0;26;2;2026
3645.0;480.0;26;2;2026
5926.0;560.0;26;2;2026
3775.0;780.0;26;2;2026
3776.0;660.0;26;2;2026
3756.0;740.0;26;2;2026
10550.0;720.0;26;2;2026
5927.0;240.0;26;2;2026
5928.0;580.0;26;2;2026
5929.0;300.0;26;2;2026
5930.0;320.0;26;2;2026
5931.0;80.0;26;2;2026
5932.0;180.0;26;2;2026
5933.0;260.0;26;2;2026
5934.0;260.0;26;2;2026
5935.0;300.0;26;2;2026
5936.0;220.0;26;2;2026
5937.0;60.0;26;2;2026
5938.0;120.0;26;2;2026
5939.0;800.0;26;2;2026
5940.0;420.0;26;2;2026
5941.0;220.0;26;2;2026
5942.0;920.0;26;2;2026
10552.0;1000.0;26;2;2026
10553.0;260.0;26;2;2026
10555.0;740.0;26;2;2026
10556.0;520.0;26;2;2026
10554.0;320.0;26;2;2026
10558.0;620.0;26;2;2026
10557.0;660.0;26;2;2026
10559.0;680.0;26;2;2026
10721.0;40.0;26;2;2026
10701.0;220.0;26;2;2026
10702.0;240.0;26;2;2026
10707.0;140.0;26;2;2026
10716.0;260.0;26;2;2026
10724.0;160.0;26;2;2026
10725.0;140.0;26;2;2026
10732.0;180.0;26;2;2026
10733.0;20.0;26;2;2026
10735.0;160.0;26;2;2026
10736.0;0.0;26;2;2026
10734.0;260.0;26;2;2026
10731.0;220.0;26;2;2026
10726.0;260.0;26;2;2026
10722.0;160.0;26;2;2026
10718.0;200.0;26;2;2026
10715.0;240.0;26;2;2026
10710.0;320.0;26;2;2026
10705.0;220.0;26;2;2026
10818.0;260.0;26;2;2026
10819.0;540.0;26;2;2026
10821.0;280.0;26;2;2026
10820.0;740.0;26;2;2026
10822.0;200.0;26;2;2026
10823.0;820.0;26;2;2026
11037.0;380.0;26;2;2026
11038.0;500.0;26;2;2026
11059.0;100.0;26;2;2026
11172.0;300.0;26;2;2026
11173.0;400.0;26;2;2026
11174.0;200.0;26;2;2026
11176.0;400.0;26;2;2026
11175.0;560.0;26;2;2026
11177.0;180.0;26;2;2026
11178.0;540.0;26;2;2026
11180.0;180.0;26;2;2026
11179.0;900.0;26;2;2026
11182.0;100.0;26;2;2026
11181.0;400.0;26;2;2026
5943.0;60.0;26;2;2026
3528.0;60.0;26;2;2026
5944.0;60.0;26;2;2026
5945.0;60.0;26;2;2026
5946.0;100.0;26;2;2026
10007.0;220.0;26;2;2026
10008.0;280.0;26;2;2026
5947.0;760.0;26;2;2026
5948.0;60.0;26;2;2026
5949.0;560.0;26;2;2026
5950.0;200.0;26;2;2026
5951.0;920.0;26;2;2026
5952.0;260.0;26;2;2026
5953.0;120.0;26;2;2026
10717.0;140.0;26;2;2026
5955.0;460.0;26;2;2026
5956.0;580.0;26;2;2026
5957.0;920.0;26;2;2026
5958.0;700.0;26;2;2026
5959.0;140.0;26;2;2026
5960.0;940.0;26;2;2026
5961.0;1060.0;26;2;2026
5962.0;340.0;26;2;2026
5963.0;560.0;26;2;2026
5964.0;180.0;26;2;2026
5965.0;160.0;26;2;2026
5966.0;300.0;26;2;2026
5967.0;2160.0;26;2;2026
5968.0;1040.0;26;2;2026
5969.0;1100.0;26;2;2026
5970.0;260.0;26;2;2026
5971.0;120.0;26;2;2026
5972.0;220.0;26;2;2026
5973.0;1020.0;26;2;2026
5974.0;240.0;26;2;2026
3646.0;1760.0;26;2;2026
5975.0;340.0;26;2;2026
5976.0;660.0;26;2;2026
5977.0;680.0;26;2;2026
5978.0;460.0;26;2;2026
5979.0;460.0;26;2;2026
5980.0;860.0;26;2;2026
5981.0;740.0;26;2;2026
5982.0;520.0;26;2;2026
5983.0;1080.0;26;2;2026
5984.0;1200.0;26;2;2026
5985.0;720.0;26;2;2026
5986.0;280.0;26;2;2026
5987.0;60.0;26;2;2026
5988.0;60.0;26;2;2026
5989.0;80.0;26;2;2026
3647.0;100.0;26;2;2026
5990.0;0.0;26;2;2026
5991.0;400.0;26;2;2026
5993.0;20.0;26;2;2026
5999.0;20.0;26;2;2026
10345.0;240.0;26;2;2026
10344.0;440.0;26;2;2026
10343.0;500.0;26;2;2026
10342.0;240.0;26;2;2026
10340.0;360.0;26;2;2026
10486.0;120.0;26;2;2026
10341.0;320.0;26;2;2026
10348.0;440.0;26;2;2026
10480.0;280.0;26;2;2026
10481.0;420.0;26;2;2026
10483.0;180.0;26;2;2026
10482.0;280.0;26;2;2026
10485.0;360.0;26;2;2026
10484.0;180.0;26;2;2026
10695.0;80.0;26;2;2026
10697.0;60.0;26;2;2026
10699.0;240.0;26;2;2026
10703.0;60.0;26;2;2026
10708.0;20.0;26;2;2026
10711.0;100.0;26;2;2026
10720.0;20.0;26;2;2026
10719.0;240.0;26;2;2026
10714.0;20.0;26;2;2026
10713.0;20.0;26;2;2026
10712.0;100.0;26;2;2026
10709.0;40.0;26;2;2026
10706.0;40.0;26;2;2026
10704.0;120.0;26;2;2026
10700.0;60.0;26;2;2026
10698.0;260.0;26;2;2026
10696.0;40.0;26;2;2026
10723.0;60.0;26;2;2026
5994.0;0.0;26;2;2026
5995.0;0.0;26;2;2026
5996.0;200.0;26;2;2026
5997.0;20.0;26;2;2026
5998.0;220.0;26;2;2026
6000.0;80.0;26;2;2026
6001.0;0.0;26;2;2026
6003.0;0.0;26;2;2026
6004.0;180.0;26;2;2026
6005.0;180.0;26;2;2026
6006.0;100.0;26;2;2026
6007.0;40.0;26;2;2026
6009.0;760.0;26;2;2026
6010.0;440.0;26;2;2026
6011.0;520.0;26;2;2026
6012.0;700.0;26;2;2026
6013.0;720.0;26;2;2026
6014.0;500.0;26;2;2026
6015.0;580.0;26;2;2026
6016.0;640.0;26;2;2026
6017.0;640.0;26;2;2026
6018.0;500.0;26;2;2026
6019.0;1020.0;26;2;2026
6020.0;800.0;26;2;2026
6021.0;560.0;26;2;2026
6022.0;800.0;26;2;2026
6023.0;600.0;26;2;2026
6024.0;740.0;26;2;2026
6025.0;880.0;26;2;2026
11469.0;760.0;26;2;2026
6026.0;280.0;26;2;2026
6027.0;400.0;26;2;2026
6028.0;440.0;26;2;2026
6029.0;200.0;26;2;2026
6030.0;360.0;26;2;2026
6031.0;340.0;26;2;2026
6032.0;720.0;26;2;2026
6033.0;520.0;26;2;2026
6034.0;200.0;26;2;2026
6035.0;200.0;26;2;2026
6036.0;120.0;26;2;2026
6037.0;200.0;26;2;2026
10112.0;420.0;26;2;2026
6038.0;280.0;26;2;2026
6039.0;460.0;26;2;2026
6040.0;500.0;26;2;2026
6041.0;920.0;26;2;2026
6042.0;360.0;26;2;2026
6043.0;920.0;26;2;2026
10110.0;2060.0;26;2;2026
6044.0;480.0;26;2;2026
6045.0;720.0;26;2;2026
10111.0;280.0;26;2;2026
10113.0;800.0;26;2;2026
10115.0;520.0;26;2;2026
10116.0;940.0;26;2;2026
10114.0;100.0;26;2;2026
10117.0;520.0;26;2;2026
10118.0;300.0;26;2;2026
10120.0;720.0;26;2;2026
10119.0;460.0;26;2;2026
10125.0;140.0;26;2;2026
10124.0;60.0;26;2;2026
10122.0;860.0;26;2;2026
10123.0;120.0;26;2;2026
10121.0;280.0;26;2;2026
10126.0;740.0;26;2;2026
10129.0;480.0;26;2;2026
10438.0;320.0;26;2;2026
10128.0;780.0;26;2;2026
10127.0;760.0;26;2;2026
10168.0;700.0;26;2;2026
10298.0;780.0;26;2;2026
10440.0;220.0;26;2;2026
10439.0;100.0;26;2;2026
10437.0;860.0;26;2;2026
10436.0;300.0;26;2;2026
10435.0;720.0;26;2;2026
10737.0;100.0;26;2;2026
10738.0;200.0;26;2;2026
10824.0;260.0;26;2;2026
10825.0;160.0;26;2;2026
10826.0;140.0;26;2;2026
10827.0;440.0;26;2;2026
10828.0;340.0;26;2;2026
10829.0;140.0;26;2;2026
10830.0;80.0;26;2;2026
10831.0;240.0;26;2;2026
10832.0;200.0;26;2;2026
10839.0;240.0;26;2;2026
10840.0;620.0;26;2;2026
11060.0;20.0;26;2;2026
11061.0;160.0;26;2;2026
11062.0;60.0;26;2;2026
11063.0;80.0;26;2;2026
11463.0;780.0;26;2;2026
11468.0;620.0;26;2;2026
11481.0;480.0;26;2;2026
11482.0;820.0;26;2;2026
6048.0;60.0;26;2;2026
6050.0;140.0;26;2;2026
6052.0;60.0;26;2;2026
6053.0;140.0;26;2;2026
6055.0;60.0;26;2;2026
6056.0;40.0;26;2;2026
6057.0;60.0;26;2;2026
6059.0;60.0;26;2;2026
6061.0;120.0;26;2;2026
6062.0;620.0;26;2;2026
6063.0;560.0;26;2;2026
6064.0;840.0;26;2;2026
6065.0;820.0;26;2;2026
6066.0;700.0;26;2;2026
6067.0;600.0;26;2;2026
6068.0;540.0;26;2;2026
6069.0;620.0;26;2;2026
6070.0;540.0;26;2;2026
6071.0;380.0;26;2;2026
6072.0;880.0;26;2;2026
6073.0;40.0;26;2;2026
6074.0;100.0;26;2;2026
6075.0;140.0;26;2;2026
6076.0;120.0;26;2;2026
6077.0;80.0;26;2;2026
6078.0;60.0;26;2;2026
6079.0;80.0;26;2;2026
6080.0;80.0;26;2;2026
6081.0;100.0;26;2;2026
6082.0;340.0;26;2;2026
6083.0;160.0;26;2;2026
6084.0;200.0;26;2;2026
6085.0;300.0;26;2;2026
6086.0;40.0;26;2;2026
6087.0;80.0;26;2;2026
6088.0;60.0;26;2;2026
6089.0;60.0;26;2;2026
6090.0;120.0;26;2;2026
6091.0;1100.0;26;2;2026
6092.0;1120.0;26;2;2026
6093.0;580.0;26;2;2026
6094.0;220.0;26;2;2026
6095.0;580.0;26;2;2026
6096.0;340.0;26;2;2026
6097.0;440.0;26;2;2026
3831.0;340.0;26;2;2026
6098.0;160.0;26;2;2026
6099.0;40.0;26;2;2026
6100.0;500.0;26;2;2026
10167.0;120.0;26;2;2026
6101.0;160.0;26;2;2026
6102.0;200.0;26;2;2026
6103.0;80.0;26;2;2026
10109.0;960.0;26;2;2026
6111.0;340.0;26;2;2026
3777.0;100.0;26;2;2026
10743.0;20.0;26;2;2026
10746.0;80.0;26;2;2026
10747.0;40.0;26;2;2026
10742.0;20.0;26;2;2026
10739.0;20.0;26;2;2026
10740.0;20.0;26;2;2026
11136.0;140.0;26;2;2026
6104.0;180.0;26;2;2026
6105.0;240.0;26;2;2026
6106.0;0.0;26;2;2026
6107.0;60.0;26;2;2026
3430.0;80.0;26;2;2026
6109.0;0.0;26;2;2026
3778.0;100.0;26;2;2026
6110.0;0.0;26;2;2026
6112.0;0.0;26;2;2026
9984.0;400.0;26;2;2026
10009.0;440.0;26;2;2026
10010.0;140.0;26;2;2026
9857.0;480.0;26;2;2026
6113.0;440.0;26;2;2026
6114.0;420.0;26;2;2026
6115.0;380.0;26;2;2026
6116.0;320.0;26;2;2026
6117.0;280.0;26;2;2026
6118.0;100.0;26;2;2026
6119.0;240.0;26;2;2026
6123.0;220.0;26;2;2026
6121.0;280.0;26;2;2026
6122.0;120.0;26;2;2026
6455.0;340.0;26;2;2026
6433.0;280.0;26;2;2026
6124.0;120.0;26;2;2026
6125.0;120.0;26;2;2026
6456.0;700.0;26;2;2026
6454.0;100.0;26;2;2026
6453.0;120.0;26;2;2026
6457.0;200.0;26;2;2026
6439.0;300.0;26;2;2026
6463.0;40.0;26;2;2026
6120.0;360.0;26;2;2026
10750.0;40.0;26;2;2026
10807.0;40.0;26;2;2026
10808.0;60.0;26;2;2026
10889.0;140.0;26;2;2026
10890.0;140.0;26;2;2026
11008.0;200.0;26;2;2026
11014.0;260.0;26;2;2026
11107.0;200.0;26;2;2026
11106.0;260.0;26;2;2026
11108.0;220.0;26;2;2026
11111.0;200.0;26;2;2026
11110.0;340.0;26;2;2026
11109.0;480.0;26;2;2026
11185.0;380.0;26;2;2026
11183.0;80.0;26;2;2026
11184.0;300.0;26;2;2026
11397.0;100.0;26;2;2026
11400.0;160.0;26;2;2026
11401.0;240.0;26;2;2026
11402.0;220.0;26;2;2026
11398.0;140.0;26;2;2026
11399.0;120.0;26;2;2026
6126.0;200.0;26;2;2026
6127.0;240.0;26;2;2026
6128.0;80.0;26;2;2026
3781.0;40.0;26;2;2026
6129.0;200.0;26;2;2026
6130.0;420.0;26;2;2026
6131.0;240.0;26;2;2026
6132.0;120.0;26;2;2026
6465.0;160.0;26;2;2026
6466.0;60.0;26;2;2026
9927.0;460.0;26;2;2026
9921.0;540.0;26;2;2026
9945.0;300.0;26;2;2026
9946.0;500.0;26;2;2026
9948.0;300.0;26;2;2026
9947.0;260.0;26;2;2026
9951.0;460.0;26;2;2026
9950.0;200.0;26;2;2026
9953.0;120.0;26;2;2026
9954.0;40.0;26;2;2026
9955.0;440.0;26;2;2026
6908.0;160.0;26;2;2026
9949.0;300.0;26;2;2026
10749.0;80.0;26;2;2026
10751.0;160.0;26;2;2026
6133.0;460.0;26;2;2026
6134.0;1060.0;26;2;2026
10306.0;220.0;26;2;2026
6136.0;1000.0;26;2;2026
6137.0;400.0;26;2;2026
3487.0;840.0;26;2;2026
6138.0;260.0;26;2;2026
6139.0;860.0;26;2;2026
6140.0;260.0;26;2;2026
6141.0;680.0;26;2;2026
6142.0;640.0;26;2;2026
6143.0;600.0;26;2;2026
6144.0;260.0;26;2;2026
6185.0;40.0;26;2;2026
6146.0;220.0;26;2;2026
6147.0;160.0;26;2;2026
10302.0;380.0;26;2;2026
6148.0;280.0;26;2;2026
6149.0;280.0;26;2;2026
6150.0;300.0;26;2;2026
10300.0;40.0;26;2;2026
6152.0;0.0;26;2;2026
6153.0;160.0;26;2;2026
6154.0;80.0;26;2;2026
6155.0;240.0;26;2;2026
6156.0;220.0;26;2;2026
6157.0;260.0;26;2;2026
6158.0;220.0;26;2;2026
6159.0;120.0;26;2;2026
3648.0;100.0;26;2;2026
6160.0;20.0;26;2;2026
6161.0;120.0;26;2;2026
3649.0;260.0;26;2;2026
6162.0;40.0;26;2;2026
6163.0;100.0;26;2;2026
6164.0;240.0;26;2;2026
6165.0;200.0;26;2;2026
10301.0;60.0;26;2;2026
6166.0;60.0;26;2;2026
10308.0;1040.0;26;2;2026
6167.0;140.0;26;2;2026
6168.0;420.0;26;2;2026
6169.0;0.0;26;2;2026
6170.0;240.0;26;2;2026
6171.0;1020.0;26;2;2026
6172.0;60.0;26;2;2026
6173.0;220.0;26;2;2026
6174.0;240.0;26;2;2026
6175.0;160.0;26;2;2026
6176.0;260.0;26;2;2026
6177.0;440.0;26;2;2026
6178.0;120.0;26;2;2026
10307.0;80.0;26;2;2026
10303.0;440.0;26;2;2026
10305.0;1100.0;26;2;2026
10304.0;320.0;26;2;2026
6135.0;980.0;26;2;2026
10299.0;80.0;26;2;2026
6151.0;180.0;26;2;2026
10455.0;220.0;26;2;2026
10447.0;940.0;26;2;2026
10453.0;1040.0;26;2;2026
10454.0;360.0;26;2;2026
10448.0;300.0;26;2;2026
10452.0;800.0;26;2;2026
10451.0;320.0;26;2;2026
10450.0;760.0;26;2;2026
10449.0;420.0;26;2;2026
10445.0;600.0;26;2;2026
10446.0;180.0;26;2;2026
6179.0;20.0;26;2;2026
6180.0;60.0;26;2;2026
6182.0;0.0;26;2;2026
6183.0;0.0;26;2;2026
6184.0;80.0;26;2;2026
6186.0;80.0;26;2;2026
6187.0;40.0;26;2;2026
6189.0;40.0;26;2;2026
6190.0;0.0;26;2;2026
6192.0;340.0;26;2;2026
3752.0;340.0;26;2;2026
6194.0;680.0;26;2;2026
6195.0;220.0;26;2;2026
6196.0;620.0;26;2;2026
6197.0;660.0;26;2;2026
6198.0;300.0;26;2;2026
6199.0;100.0;26;2;2026
6200.0;200.0;26;2;2026
6201.0;220.0;26;2;2026
6202.0;140.0;26;2;2026
6203.0;200.0;26;2;2026
3695.0;180.0;26;2;2026
3696.0;120.0;26;2;2026
6204.0;120.0;26;2;2026
6205.0;200.0;26;2;2026
3782.0;360.0;26;2;2026
3783.0;660.0;26;2;2026
6206.0;360.0;26;2;2026
6207.0;320.0;26;2;2026
6208.0;560.0;26;2;2026
6209.0;440.0;26;2;2026
6210.0;580.0;26;2;2026
6211.0;140.0;26;2;2026
6212.0;220.0;26;2;2026
6923.0;60.0;26;2;2026
6213.0;60.0;26;2;2026
6930.0;160.0;26;2;2026
10943.0;140.0;26;2;2026
6218.0;380.0;26;2;2026
6922.0;380.0;26;2;2026
6219.0;20.0;26;2;2026
6220.0;80.0;26;2;2026
6984.0;500.0;26;2;2026
6986.0;320.0;26;2;2026
6985.0;300.0;26;2;2026
6990.0;80.0;26;2;2026
6989.0;260.0;26;2;2026
6988.0;200.0;26;2;2026
6987.0;360.0;26;2;2026
6221.0;160.0;26;2;2026
6222.0;260.0;26;2;2026
6223.0;460.0;26;2;2026
6224.0;140.0;26;2;2026
6225.0;240.0;26;2;2026
6226.0;220.0;26;2;2026
6227.0;240.0;26;2;2026
6228.0;120.0;26;2;2026
6229.0;300.0;26;2;2026
6230.0;240.0;26;2;2026
6231.0;440.0;26;2;2026
6232.0;420.0;26;2;2026
6233.0;380.0;26;2;2026
6234.0;1340.0;26;2;2026
6235.0;940.0;26;2;2026
6236.0;840.0;26;2;2026
6237.0;560.0;26;2;2026
3508.0;1060.0;26;2;2026
10131.0;340.0;26;2;2026
10132.0;840.0;26;2;2026
6238.0;420.0;26;2;2026
6239.0;340.0;26;2;2026
6240.0;360.0;26;2;2026
6241.0;140.0;26;2;2026
6242.0;420.0;26;2;2026
6243.0;100.0;26;2;2026
6244.0;520.0;26;2;2026
6245.0;320.0;26;2;2026
6246.0;440.0;26;2;2026
11009.0;120.0;26;2;2026
3656.0;100.0;26;2;2026
3657.0;540.0;26;2;2026
6248.0;140.0;26;2;2026
6249.0;80.0;26;2;2026
6250.0;80.0;26;2;2026
3658.0;740.0;26;2;2026
11010.0;60.0;26;2;2026
6252.0;860.0;26;2;2026
6253.0;440.0;26;2;2026
6254.0;340.0;26;2;2026
6255.0;280.0;26;2;2026
3784.0;460.0;26;2;2026
3785.0;220.0;26;2;2026
6256.0;100.0;26;2;2026
6257.0;200.0;26;2;2026
6258.0;240.0;26;2;2026
6259.0;300.0;26;2;2026
6260.0;340.0;26;2;2026
6261.0;880.0;26;2;2026
6262.0;240.0;26;2;2026
6263.0;340.0;26;2;2026
6264.0;80.0;26;2;2026
6272.0;100.0;26;2;2026
6265.0;520.0;26;2;2026
6266.0;140.0;26;2;2026
6267.0;840.0;26;2;2026
6268.0;900.0;26;2;2026
6940.0;1220.0;26;2;2026
6269.0;60.0;26;2;2026
6270.0;500.0;26;2;2026
6925.0;240.0;26;2;2026
6924.0;240.0;26;2;2026
6926.0;260.0;26;2;2026
6998.0;820.0;26;2;2026
6999.0;0.0;26;2;2026
10138.0;420.0;26;2;2026
10140.0;460.0;26;2;2026
10144.0;180.0;26;2;2026
10142.0;240.0;26;2;2026
10143.0;60.0;26;2;2026
10141.0;60.0;26;2;2026
10139.0;300.0;26;2;2026
10151.0;500.0;26;2;2026
10152.0;380.0;26;2;2026
10148.0;760.0;26;2;2026
10150.0;180.0;26;2;2026
10147.0;700.0;26;2;2026
10149.0;640.0;26;2;2026
6274.0;200.0;26;2;2026
10169.0;400.0;26;2;2026
10347.0;60.0;26;2;2026
6271.0;140.0;26;2;2026
10752.0;140.0;26;2;2026
10346.0;100.0;26;2;2026
10754.0;60.0;26;2;2026
10756.0;40.0;26;2;2026
10755.0;100.0;26;2;2026
10757.0;80.0;26;2;2026
10679.0;80.0;26;2;2026
10681.0;1100.0;26;2;2026
10997.0;140.0;26;2;2026
10998.0;140.0;26;2;2026
10999.0;100.0;26;2;2026
11000.0;0.0;26;2;2026
11001.0;60.0;26;2;2026
11002.0;540.0;26;2;2026
11003.0;40.0;26;2;2026
11004.0;60.0;26;2;2026
11011.0;420.0;26;2;2026
11012.0;60.0;26;2;2026
11013.0;60.0;26;2;2026
11064.0;40.0;26;2;2026
11065.0;40.0;26;2;2026
11067.0;240.0;26;2;2026
11066.0;120.0;26;2;2026
11068.0;140.0;26;2;2026
11069.0;60.0;26;2;2026
11128.0;460.0;26;2;2026
11129.0;200.0;26;2;2026
11130.0;80.0;26;2;2026
11131.0;100.0;26;2;2026
11132.0;120.0;26;2;2026
11133.0;140.0;26;2;2026
11134.0;340.0;26;2;2026
11135.0;240.0;26;2;2026
11138.0;200.0;26;2;2026
11137.0;200.0;26;2;2026
10869.0;20.0;26;2;2026
6273.0;20.0;26;2;2026
10758.0;200.0;26;2;2026
6275.0;40.0;26;2;2026
6276.0;20.0;26;2;2026
6277.0;140.0;26;2;2026
6278.0;120.0;26;2;2026
6279.0;100.0;26;2;2026
6280.0;0.0;26;2;2026
6281.0;20.0;26;2;2026
6282.0;40.0;26;2;2026
6283.0;160.0;26;2;2026
6284.0;120.0;26;2;2026
10146.0;700.0;26;2;2026
6286.0;160.0;26;2;2026
3659.0;260.0;26;2;2026
6287.0;140.0;26;2;2026
6288.0;240.0;26;2;2026
6289.0;220.0;26;2;2026
3660.0;300.0;26;2;2026
6290.0;220.0;26;2;2026
6291.0;220.0;26;2;2026
9845.0;300.0;26;2;2026
10759.0;80.0;26;2;2026
6293.0;180.0;26;2;2026
6294.0;160.0;26;2;2026
6295.0;200.0;26;2;2026
6296.0;180.0;26;2;2026
6297.0;860.0;26;2;2026
6298.0;1040.0;26;2;2026
6299.0;660.0;26;2;2026
6300.0;140.0;26;2;2026
6301.0;120.0;26;2;2026
9846.0;140.0;26;2;2026
6302.0;620.0;26;2;2026
6303.0;500.0;26;2;2026
6304.0;260.0;26;2;2026
6331.0;340.0;26;2;2026
6305.0;300.0;26;2;2026
6306.0;260.0;26;2;2026
6307.0;220.0;26;2;2026
6308.0;120.0;26;2;2026
6309.0;620.0;26;2;2026
6310.0;340.0;26;2;2026
6311.0;500.0;26;2;2026
6312.0;100.0;26;2;2026
6313.0;160.0;26;2;2026
6314.0;40.0;26;2;2026
6315.0;180.0;26;2;2026
6316.0;80.0;26;2;2026
6317.0;160.0;26;2;2026
6318.0;400.0;26;2;2026
6319.0;80.0;26;2;2026
6320.0;220.0;26;2;2026
6321.0;500.0;26;2;2026
6322.0;80.0;26;2;2026
6323.0;400.0;26;2;2026
6324.0;120.0;26;2;2026
9844.0;60.0;26;2;2026
10741.0;40.0;26;2;2026
10744.0;120.0;26;2;2026
10745.0;20.0;26;2;2026
10843.0;320.0;26;2;2026
10651.0;60.0;26;2;2026
10844.0;280.0;26;2;2026
10845.0;440.0;26;2;2026
10753.0;100.0;26;2;2026
6292.0;80.0;26;2;2026
10846.0;460.0;26;2;2026
10847.0;380.0;26;2;2026
11019.0;840.0;26;2;2026
11020.0;800.0;26;2;2026
11056.0;320.0;26;2;2026
11055.0;200.0;26;2;2026
11057.0;280.0;26;2;2026
11058.0;320.0;26;2;2026
6325.0;40.0;26;2;2026
6327.0;60.0;26;2;2026
6329.0;60.0;26;2;2026
6330.0;80.0;26;2;2026
6332.0;420.0;26;2;2026
6333.0;300.0;26;2;2026
6334.0;220.0;26;2;2026
6335.0;320.0;26;2;2026
6336.0;240.0;26;2;2026
6337.0;480.0;26;2;2026
6338.0;360.0;26;2;2026
6339.0;360.0;26;2;2026
6340.0;300.0;26;2;2026
6341.0;400.0;26;2;2026
6342.0;240.0;26;2;2026
6927.0;300.0;26;2;2026
9993.0;80.0;26;2;2026
3832.0;820.0;26;2;2026
6345.0;0.0;26;2;2026
10540.0;540.0;26;2;2026
9838.0;180.0;26;2;2026
9839.0;120.0;26;2;2026
6928.0;420.0;26;2;2026
6929.0;120.0;26;2;2026
9969.0;180.0;26;2;2026
6347.0;0.0;26;2;2026
6348.0;200.0;26;2;2026
6349.0;60.0;26;2;2026
6350.0;160.0;26;2;2026
6351.0;80.0;26;2;2026
6352.0;0.0;26;2;2026
6353.0;40.0;26;2;2026
11394.0;20.0;26;2;2026
9994.0;0.0;26;2;2026
10145.0;0.0;26;2;2026
6344.0;620.0;26;2;2026
6346.0;80.0;26;2;2026
9854.0;800.0;26;2;2026
9855.0;200.0;26;2;2026
6969.0;820.0;26;2;2026
11392.0;280.0;26;2;2026
11393.0;240.0;26;2;2026
6355.0;300.0;26;2;2026
6356.0;460.0;26;2;2026
6357.0;140.0;26;2;2026
6358.0;100.0;26;2;2026
6359.0;100.0;26;2;2026
6360.0;200.0;26;2;2026
6361.0;100.0;26;2;2026
6362.0;140.0;26;2;2026
6363.0;40.0;26;2;2026
6364.0;160.0;26;2;2026
6365.0;60.0;26;2;2026
6366.0;140.0;26;2;2026
6367.0;160.0;26;2;2026
6368.0;120.0;26;2;2026
6369.0;200.0;26;2;2026
6370.0;60.0;26;2;2026
6378.0;360.0;26;2;2026
6372.0;340.0;26;2;2026
6373.0;80.0;26;2;2026
6374.0;60.0;26;2;2026
6375.0;180.0;26;2;2026
3786.0;420.0;26;2;2026
6376.0;820.0;26;2;2026
6377.0;460.0;26;2;2026
6371.0;620.0;26;2;2026
6379.0;140.0;26;2;2026
6381.0;520.0;26;2;2026
6382.0;360.0;26;2;2026
6383.0;380.0;26;2;2026
3792.0;240.0;26;2;2026
3793.0;100.0;26;2;2026
6384.0;20.0;26;2;2026
6385.0;180.0;26;2;2026
6386.0;380.0;26;2;2026
6967.0;160.0;26;2;2026
10834.0;160.0;26;2;2026
10835.0;120.0;26;2;2026
10833.0;240.0;26;2;2026
10836.0;200.0;26;2;2026
6387.0;0.0;26;2;2026
10748.0;20.0;26;2;2026
6388.0;260.0;26;2;2026
6389.0;280.0;26;2;2026
6390.0;280.0;26;2;2026
6391.0;360.0;26;2;2026
6392.0;320.0;26;2;2026
6393.0;340.0;26;2;2026
6394.0;440.0;26;2;2026
6395.0;600.0;26;2;2026
6396.0;600.0;26;2;2026
6397.0;720.0;26;2;2026
6398.0;220.0;26;2;2026
6399.0;340.0;26;2;2026
6400.0;340.0;26;2;2026
6401.0;440.0;26;2;2026
6402.0;400.0;26;2;2026
6502.0;60.0;26;2;2026
11016.0;460.0;26;2;2026
6403.0;80.0;26;2;2026
6404.0;960.0;26;2;2026
6405.0;720.0;26;2;2026
6406.0;60.0;26;2;2026
6407.0;160.0;26;2;2026
6408.0;340.0;26;2;2026
6409.0;60.0;26;2;2026
6410.0;1280.0;26;2;2026
6411.0;520.0;26;2;2026
10728.0;0.0;26;2;2026
3431.0;60.0;26;2;2026
3529.0;460.0;26;2;2026
6413.0;120.0;26;2;2026
6414.0;120.0;26;2;2026
6415.0;440.0;26;2;2026
9865.0;380.0;26;2;2026
3661.0;240.0;26;2;2026
11015.0;140.0;26;2;2026
10730.0;120.0;26;2;2026
10727.0;60.0;26;2;2026
10620.0;40.0;26;2;2026
10624.0;40.0;26;2;2026
10623.0;140.0;26;2;2026
10622.0;60.0;26;2;2026
10621.0;60.0;26;2;2026
11017.0;120.0;26;2;2026
11018.0;700.0;26;2;2026
11302.0;280.0;26;2;2026
11303.0;360.0;26;2;2026
11304.0;300.0;26;2;2026
11306.0;20.0;26;2;2026
11305.0;660.0;26;2;2026
11307.0;300.0;26;2;2026
11308.0;20.0;26;2;2026
11309.0;420.0;26;2;2026
11310.0;0.0;26;2;2026
11311.0;0.0;26;2;2026
11312.0;300.0;26;2;2026
11316.0;40.0;26;2;2026
11317.0;560.0;26;2;2026
11315.0;240.0;26;2;2026
11318.0;200.0;26;2;2026
11319.0;140.0;26;2;2026
6416.0;180.0;26;2;2026
6417.0;120.0;26;2;2026
6418.0;180.0;26;2;2026
6419.0;0.0;26;2;2026
6495.0;1240.0;26;2;2026
6420.0;1260.0;26;2;2026
6421.0;840.0;26;2;2026
6422.0;480.0;26;2;2026
6423.0;440.0;26;2;2026
6424.0;640.0;26;2;2026
6425.0;440.0;26;2;2026
6426.0;520.0;26;2;2026
6427.0;380.0;26;2;2026
6428.0;540.0;26;2;2026
3804.0;360.0;26;2;2026
3805.0;540.0;26;2;2026
6429.0;340.0;26;2;2026
6430.0;340.0;26;2;2026
6431.0;540.0;26;2;2026
6432.0;960.0;26;2;2026
6497.0;1540.0;26;2;2026
6496.0;1440.0;26;2;2026
6434.0;160.0;26;2;2026
6435.0;180.0;26;2;2026
3812.0;280.0;26;2;2026
6436.0;920.0;26;2;2026
6437.0;340.0;26;2;2026
6438.0;340.0;26;2;2026
6499.0;680.0;26;2;2026
6498.0;180.0;26;2;2026
3810.0;180.0;26;2;2026
3811.0;780.0;26;2;2026
6440.0;160.0;26;2;2026
6441.0;100.0;26;2;2026
6442.0;280.0;26;2;2026
6443.0;240.0;26;2;2026
6444.0;420.0;26;2;2026
6445.0;220.0;26;2;2026
6446.0;140.0;26;2;2026
6447.0;500.0;26;2;2026
6448.0;180.0;26;2;2026
6449.0;500.0;26;2;2026
6450.0;240.0;26;2;2026
6451.0;140.0;26;2;2026
6452.0;120.0;26;2;2026
10352.0;700.0;26;2;2026
10350.0;140.0;26;2;2026
10349.0;200.0;26;2;2026
10353.0;320.0;26;2;2026
10351.0;100.0;26;2;2026
10354.0;180.0;26;2;2026
10355.0;360.0;26;2;2026
6458.0;220.0;26;2;2026
10928.0;420.0;26;2;2026
3833.0;1180.0;26;2;2026
6459.0;140.0;26;2;2026
6460.0;20.0;26;2;2026
10357.0;420.0;26;2;2026
10356.0;480.0;26;2;2026
11322.0;20.0;26;2;2026
6461.0;660.0;26;2;2026
6462.0;420.0;26;2;2026
10671.0;0.0;26;2;2026
10672.0;20.0;26;2;2026
10669.0;280.0;26;2;2026
10670.0;100.0;26;2;2026
10673.0;320.0;26;2;2026
10674.0;320.0;26;2;2026
10675.0;280.0;26;2;2026
10677.0;120.0;26;2;2026
10676.0;40.0;26;2;2026
3808.0;240.0;26;2;2026
3809.0;320.0;26;2;2026
6464.0;100.0;26;2;2026
6467.0;60.0;26;2;2026
3557.0;620.0;26;2;2026
6468.0;760.0;26;2;2026
6469.0;160.0;26;2;2026
6470.0;160.0;26;2;2026
6471.0;60.0;26;2;2026
6472.0;260.0;26;2;2026
6473.0;380.0;26;2;2026
6474.0;80.0;26;2;2026
6475.0;200.0;26;2;2026
6476.0;40.0;26;2;2026
6477.0;40.0;26;2;2026
6478.0;280.0;26;2;2026
6479.0;160.0;26;2;2026
6480.0;20.0;26;2;2026
6481.0;80.0;26;2;2026
6482.0;720.0;26;2;2026
3760.0;1720.0;26;2;2026
6500.0;480.0;26;2;2026
6501.0;220.0;26;2;2026
10238.0;680.0;26;2;2026
10241.0;1020.0;26;2;2026
10240.0;60.0;26;2;2026
10239.0;20.0;26;2;2026
10243.0;80.0;26;2;2026
10244.0;460.0;26;2;2026
10245.0;0.0;26;2;2026
10246.0;20.0;26;2;2026
10260.0;480.0;26;2;2026
10625.0;40.0;26;2;2026
10627.0;140.0;26;2;2026
10632.0;120.0;26;2;2026
10635.0;180.0;26;2;2026
10636.0;420.0;26;2;2026
10631.0;300.0;26;2;2026
10628.0;420.0;26;2;2026
10626.0;220.0;26;2;2026
10629.0;200.0;26;2;2026
10630.0;40.0;26;2;2026
10633.0;0.0;26;2;2026
10634.0;60.0;26;2;2026
10729.0;20.0;26;2;2026
10960.0;40.0;26;2;2026
10959.0;20.0;26;2;2026
10958.0;0.0;26;2;2026
11142.0;140.0;26;2;2026
11143.0;100.0;26;2;2026
11257.0;240.0;26;2;2026
11260.0;320.0;26;2;2026
11259.0;100.0;26;2;2026
11258.0;20.0;26;2;2026
11266.0;0.0;26;2;2026
11267.0;20.0;26;2;2026
11268.0;80.0;26;2;2026
11270.0;280.0;26;2;2026
11269.0;100.0;26;2;2026
11289.0;720.0;26;2;2026
11290.0;160.0;26;2;2026
11291.0;300.0;26;2;2026
11292.0;100.0;26;2;2026
11293.0;0.0;26;2;2026
11286.0;300.0;26;2;2026
11287.0;320.0;26;2;2026
11288.0;380.0;26;2;2026
11285.0;40.0;26;2;2026
11295.0;220.0;26;2;2026
11297.0;20.0;26;2;2026
11296.0;80.0;26;2;2026
11298.0;100.0;26;2;2026
11300.0;60.0;26;2;2026
11299.0;40.0;26;2;2026
10242.0;40.0;26;2;2026
10400.0;580.0;26;2;2026
6214.0;680.0;26;2;2026
6215.0;420.0;26;2;2026
6216.0;220.0;26;2;2026
6217.0;600.0;26;2;2026
11391.0;560.0;26;2;2026
11406.0;160.0;26;2;2026
11408.0;480.0;26;2;2026
11407.0;520.0;26;2;2026
11421.0;340.0;26;2;2026
11422.0;0.0;26;2;2026
11424.0;100.0;26;2;2026
11423.0;20.0;26;2;2026
11425.0;180.0;26;2;2026
11426.0;120.0;26;2;2026
11429.0;60.0;26;2;2026
11430.0;60.0;26;2;2026
11431.0;60.0;26;2;2026
11432.0;80.0;26;2;2026
11433.0;140.0;26;2;2026
11434.0;120.0;26;2;2026
11435.0;80.0;26;2;2026
6483.0;340.0;26;2;2026
6484.0;120.0;26;2;2026
6485.0;320.0;26;2;2026
6486.0;360.0;26;2;2026
6487.0;120.0;26;2;2026
6488.0;260.0;26;2;2026
6489.0;40.0;26;2;2026
6490.0;180.0;26;2;2026
10780.0;40.0;26;2;2026
10779.0;0.0;26;2;2026
10892.0;560.0;26;2;2026
10891.0;620.0;26;2;2026
10893.0;520.0;26;2;2026
10894.0;20.0;26;2;2026
10895.0;320.0;26;2;2026
10896.0;40.0;26;2;2026
10897.0;260.0;26;2;2026
10898.0;40.0;26;2;2026
10899.0;380.0;26;2;2026
10903.0;200.0;26;2;2026
10908.0;280.0;26;2;2026
10904.0;180.0;26;2;2026
10907.0;80.0;26;2;2026
10910.0;320.0;26;2;2026
10909.0;80.0;26;2;2026
10914.0;280.0;26;2;2026
10912.0;400.0;26;2;2026
10913.0;40.0;26;2;2026
10911.0;40.0;26;2;2026
10916.0;260.0;26;2;2026
10915.0;60.0;26;2;2026
10917.0;160.0;26;2;2026
10919.0;320.0;26;2;2026
10918.0;160.0;26;2;2026
10920.0;100.0;26;2;2026
10933.0;260.0;26;2;2026
10936.0;300.0;26;2;2026
10938.0;300.0;26;2;2026
10939.0;80.0;26;2;2026
10934.0;20.0;26;2;2026
10935.0;40.0;26;2;2026
10937.0;60.0;26;2;2026
9982.0;360.0;26;2;2026
9983.0;840.0;26;2;2026
10163.0;420.0;26;2;2026
10164.0;340.0;26;2;2026
10162.0;260.0;26;2;2026
10778.0;0.0;26;2;2026
10776.0;40.0;26;2;2026
10775.0;40.0;26;2;2026
6491.0;260.0;26;2;2026
6492.0;180.0;26;2;2026
6493.0;0.0;26;2;2026
6494.0;220.0;26;2;2026
11166.0;240.0;26;2;2026
11154.0;300.0;26;2;2026
11153.0;240.0;26;2;2026
11155.0;160.0;26;2;2026
11144.0;260.0;26;2;2026
11146.0;300.0;26;2;2026
11149.0;300.0;26;2;2026
11188.0;180.0;26;2;2026
11191.0;180.0;26;2;2026
11192.0;20.0;26;2;2026
11194.0;120.0;26;2;2026
11199.0;100.0;26;2;2026
11200.0;1820.0;26;2;2026
11202.0;40.0;26;2;2026
11201.0;260.0;26;2;2026
11195.0;200.0;26;2;2026
11196.0;120.0;26;2;2026
11193.0;140.0;26;2;2026
11190.0;100.0;26;2;2026
11189.0;80.0;26;2;2026
11150.0;200.0;26;2;2026
11148.0;180.0;26;2;2026
11147.0;320.0;26;2;2026
11145.0;240.0;26;2;2026
11140.0;260.0;26;2;2026
11139.0;320.0;26;2;2026
11281.0;320.0;26;2;2026
11280.0;0.0;26;2;2026
11141.0;600.0;26;2;2026
11158.0;140.0;26;2;2026
11186.0;140.0;26;2;2026
11187.0;100.0;26;2;2026
11197.0;400.0;26;2;2026
11198.0;120.0;26;2;2026
11203.0;0.0;26;2;2026
11169.0;40.0;26;2;2026
11170.0;120.0;26;2;2026
6626.0;0.0;26;2;2026
11105.0;0.0;26;2;2026
11167.0;20.0;26;2;2026
11168.0;60.0;26;2;2026
11156.0;20.0;26;2;2026
11171.0;20.0;26;2;2026
11157.0;20.0;26;2;2026
11275.0;20.0;26;2;2026
11271.0;0.0;26;2;2026
11272.0;0.0;26;2;2026
11273.0;0.0;26;2;2026
11274.0;0.0;26;2;2026
3664.0;680.0;26;2;2026
3665.0;460.0;26;2;2026
6508.0;340.0;26;2;2026
3709.0;800.0;26;2;2026
3710.0;820.0;26;2;2026
3679.0;1020.0;26;2;2026
6509.0;460.0;26;2;2026
6510.0;540.0;26;2;2026
6511.0;500.0;26;2;2026
6512.0;460.0;26;2;2026
3666.0;400.0;26;2;2026
6513.0;100.0;26;2;2026
6514.0;360.0;26;2;2026
6515.0;220.0;26;2;2026
6516.0;160.0;26;2;2026
6517.0;220.0;26;2;2026
6518.0;40.0;26;2;2026
6519.0;520.0;26;2;2026
3711.0;180.0;26;2;2026
6520.0;220.0;26;2;2026
3698.0;440.0;26;2;2026
6521.0;320.0;26;2;2026
6522.0;140.0;26;2;2026
6523.0;220.0;26;2;2026
6524.0;80.0;26;2;2026
6525.0;180.0;26;2;2026
6526.0;100.0;26;2;2026
6527.0;140.0;26;2;2026
6528.0;300.0;26;2;2026
6529.0;240.0;26;2;2026
6530.0;300.0;26;2;2026
6531.0;340.0;26;2;2026
6532.0;120.0;26;2;2026
6533.0;420.0;26;2;2026
6534.0;240.0;26;2;2026
6535.0;440.0;26;2;2026
6536.0;940.0;26;2;2026
6503.0;460.0;26;2;2026
10472.0;340.0;26;2;2026
10561.0;40.0;26;2;2026
10249.0;500.0;26;2;2026
10248.0;480.0;26;2;2026
10247.0;260.0;26;2;2026
10479.0;240.0;26;2;2026
10476.0;320.0;26;2;2026
10475.0;260.0;26;2;2026
10477.0;120.0;26;2;2026
10473.0;360.0;26;2;2026
10474.0;400.0;26;2;2026
10478.0;220.0;26;2;2026
11378.0;60.0;26;2;2026
10538.0;420.0;26;2;2026
10539.0;700.0;26;2;2026
10541.0;260.0;26;2;2026
10543.0;520.0;26;2;2026
10544.0;1000.0;26;2;2026
10542.0;560.0;26;2;2026
10546.0;580.0;26;2;2026
10545.0;600.0;26;2;2026
10547.0;620.0;26;2;2026
10548.0;900.0;26;2;2026
10549.0;60.0;26;2;2026
10551.0;80.0;26;2;2026
11323.0;520.0;26;2;2026
11320.0;40.0;26;2;2026
11403.0;840.0;26;2;2026
11405.0;780.0;26;2;2026
11404.0;80.0;26;2;2026
6537.0;80.0;26;2;2026
6538.0;60.0;26;2;2026
6539.0;0.0;26;2;2026
6540.0;140.0;26;2;2026
11222.0;120.0;26;2;2026
11224.0;100.0;26;2;2026
11226.0;140.0;26;2;2026
11230.0;100.0;26;2;2026
11237.0;40.0;26;2;2026
11241.0;0.0;26;2;2026
11246.0;80.0;26;2;2026
11247.0;20.0;26;2;2026
11253.0;20.0;26;2;2026
11255.0;100.0;26;2;2026
11254.0;20.0;26;2;2026
11252.0;20.0;26;2;2026
11245.0;0.0;26;2;2026
11240.0;40.0;26;2;2026
11236.0;100.0;26;2;2026
11231.0;280.0;26;2;2026
11229.0;300.0;26;2;2026
11225.0;260.0;26;2;2026
11223.0;200.0;26;2;2026
11219.0;220.0;26;2;2026
11218.0;400.0;26;2;2026
11220.0;60.0;26;2;2026
11221.0;100.0;26;2;2026
11227.0;160.0;26;2;2026
11228.0;240.0;26;2;2026
11234.0;80.0;26;2;2026
11232.0;0.0;26;2;2026
11233.0;220.0;26;2;2026
11239.0;60.0;26;2;2026
11238.0;40.0;26;2;2026
11244.0;220.0;26;2;2026
11242.0;80.0;26;2;2026
11250.0;0.0;26;2;2026
11251.0;40.0;26;2;2026
11248.0;0.0;26;2;2026
11249.0;20.0;26;2;2026
11256.0;40.0;26;2;2026
11409.0;120.0;26;2;2026
11410.0;340.0;26;2;2026
11411.0;500.0;26;2;2026
11412.0;420.0;26;2;2026
11416.0;440.0;26;2;2026
11417.0;460.0;26;2;2026
11413.0;440.0;26;2;2026
11420.0;620.0;26;2;2026
11415.0;160.0;26;2;2026
11414.0;20.0;26;2;2026
11213.0;0.0;26;2;2026
11214.0;0.0;26;2;2026
11216.0;0.0;26;2;2026
11215.0;0.0;26;2;2026
11217.0;0.0;26;2;2026
11235.0;0.0;26;2;2026
11276.0;0.0;26;2;2026
11277.0;40.0;26;2;2026
11279.0;20.0;26;2;2026
11278.0;20.0;26;2;2026
6548.0;260.0;26;2;2026
6549.0;240.0;26;2;2026
6550.0;240.0;26;2;2026
6551.0;220.0;26;2;2026
6552.0;120.0;26;2;2026
6553.0;720.0;26;2;2026
3681.0;180.0;26;2;2026
6554.0;240.0;26;2;2026
6555.0;80.0;26;2;2026
3806.0;240.0;26;2;2026
6556.0;20.0;26;2;2026
6557.0;240.0;26;2;2026
6558.0;660.0;26;2;2026
9957.0;220.0;26;2;2026
9958.0;80.0;26;2;2026
9956.0;200.0;26;2;2026
6601.0;560.0;26;2;2026
6602.0;300.0;26;2;2026
6603.0;380.0;26;2;2026
6604.0;140.0;26;2;2026
6605.0;200.0;26;2;2026
6606.0;240.0;26;2;2026
3432.0;460.0;26;2;2026
11165.0;80.0;26;2;2026
3519.0;200.0;26;2;2026
3520.0;120.0;26;2;2026
6608.0;120.0;26;2;2026
6609.0;420.0;26;2;2026
10094.0;1000.0;26;2;2026
6611.0;760.0;26;2;2026
6612.0;840.0;26;2;2026
3457.0;2020.0;26;2;2026
6613.0;320.0;26;2;2026
6614.0;640.0;26;2;2026
6615.0;740.0;26;2;2026
6616.0;1360.0;26;2;2026
6617.0;1200.0;26;2;2026
3458.0;120.0;26;2;2026
3459.0;380.0;26;2;2026
6618.0;580.0;26;2;2026
3796.0;880.0;26;2;2026
6619.0;1320.0;26;2;2026
6620.0;460.0;26;2;2026
6621.0;300.0;26;2;2026
6622.0;260.0;26;2;2026
6623.0;320.0;26;2;2026
6624.0;240.0;26;2;2026
6625.0;280.0;26;2;2026
10460.0;420.0;26;2;2026
10462.0;120.0;26;2;2026
10461.0;60.0;26;2;2026
9875.0;400.0;26;2;2026
10456.0;120.0;26;2;2026
10457.0;420.0;26;2;2026
10459.0;300.0;26;2;2026
10862.0;2600.0;26;2;2026
11125.0;0.0;26;2;2026
11126.0;0.0;26;2;2026
11127.0;0.0;26;2;2026
6592.0;700.0;26;2;2026
6921.0;680.0;26;2;2026
3699.0;260.0;26;2;2026
6920.0;620.0;26;2;2026
6593.0;480.0;26;2;2026
11160.0;200.0;26;2;2026
6610.0;220.0;26;2;2026
6826.0;380.0;26;2;2026
6607.0;220.0;26;2;2026
10769.0;0.0;26;2;2026
10773.0;40.0;26;2;2026
10772.0;0.0;26;2;2026
10771.0;80.0;26;2;2026
10770.0;260.0;26;2;2026
11151.0;340.0;26;2;2026
11152.0;420.0;26;2;2026
6627.0;80.0;26;2;2026
6628.0;0.0;26;2;2026
6629.0;0.0;26;2;2026
6630.0;60.0;26;2;2026
11164.0;0.0;26;2;2026
11163.0;0.0;26;2;2026
11162.0;0.0;26;2;2026
11161.0;0.0;26;2;2026
11159.0;0.0;26;2;2026
9867.0;220.0;26;2;2026
9868.0;140.0;26;2;2026
9869.0;200.0;26;2;2026
9871.0;160.0;26;2;2026
9870.0;120.0;26;2;2026
9872.0;0.0;26;2;2026
10411.0;420.0;26;2;2026
9876.0;0.0;26;2;2026
9877.0;80.0;26;2;2026
9874.0;240.0;26;2;2026
10764.0;20.0;26;2;2026
10765.0;20.0;26;2;2026
10763.0;80.0;26;2;2026
5199.0;360.0;26;2;2026
10782.0;460.0;26;2;2026
5201.0;280.0;26;2;2026
10783.0;80.0;26;2;2026
10785.0;160.0;26;2;2026
5206.0;280.0;26;2;2026
5207.0;100.0;26;2;2026
5208.0;100.0;26;2;2026
10787.0;300.0;26;2;2026
10784.0;60.0;26;2;2026
10786.0;100.0;26;2;2026
5212.0;400.0;26;2;2026
5213.0;280.0;26;2;2026
5214.0;260.0;26;2;2026
5215.0;300.0;26;2;2026
5228.0;200.0;26;2;2026
5230.0;300.0;26;2;2026
5644.0;420.0;26;2;2026
10156.0;80.0;26;2;2026
5200.0;200.0;26;2;2026
5229.0;40.0;26;2;2026
5202.0;60.0;26;2;2026
5205.0;40.0;26;2;2026
5209.0;120.0;26;2;2026
3772.0;80.0;26;2;2026
5210.0;20.0;26;2;2026
5211.0;140.0;26;2;2026
5231.0;400.0;26;2;2026
3482.0;200.0;26;2;2026
5232.0;600.0;26;2;2026
5233.0;740.0;26;2;2026
5234.0;140.0;26;2;2026
9837.0;880.0;26;2;2026
9834.0;800.0;26;2;2026
10157.0;880.0;26;2;2026
5862.0;440.0;26;2;2026
5861.0;120.0;26;2;2026
10159.0;1340.0;26;2;2026
10160.0;1800.0;26;2;2026
5845.0;1540.0;26;2;2026
10161.0;1540.0;26;2;2026
5843.0;1040.0;26;2;2026
5851.0;600.0;26;2;2026
5235.0;480.0;26;2;2026
6506.0;460.0;26;2;2026
10980.0;480.0;26;2;2026
6505.0;340.0;26;2;2026
11457.0;100.0;26;2;2026
11458.0;140.0;26;2;2026
11459.0;480.0;26;2;2026
9836.0;120.0;26;2;2026
9835.0;60.0;26;2;2026
5866.0;80.0;26;2;2026
6507.0;460.0;26;2;2026
5357.0;140.0;26;2;2026
5358.0;20.0;26;2;2026
5359.0;140.0;26;2;2026
5360.0;220.0;26;2;2026
5361.0;120.0;26;2;2026
5362.0;260.0;26;2;2026
5363.0;480.0;26;2;2026
5364.0;140.0;26;2;2026
5365.0;160.0;26;2;2026
5366.0;40.0;26;2;2026
5367.0;80.0;26;2;2026
11090.0;140.0;26;2;2026
11091.0;220.0;26;2;2026
9864.0;80.0;26;2;2026
11124.0;60.0;26;2;2026
11123.0;80.0;26;2;2026
9863.0;0.0;26;2;2026
5373.0;120.0;26;2;2026
5374.0;300.0;26;2;2026
5375.0;140.0;26;2;2026
5376.0;140.0;26;2;2026
5377.0;120.0;26;2;2026
5378.0;0.0;26;2;2026
5379.0;120.0;26;2;2026
5380.0;100.0;26;2;2026
5381.0;140.0;26;2;2026
5382.0;100.0;26;2;2026
5383.0;320.0;26;2;2026
5384.0;480.0;26;2;2026
10788.0;20.0;26;2;2026
10790.0;80.0;26;2;2026
10789.0;20.0;26;2;2026
10791.0;20.0;26;2;2026
5368.0;360.0;26;2;2026
5369.0;160.0;26;2;2026
10762.0;0.0;26;2;2026
10761.0;100.0;26;2;2026
11092.0;600.0;26;2;2026
11093.0;480.0;26;2;2026
11120.0;340.0;26;2;2026
11121.0;180.0;26;2;2026
11119.0;220.0;26;2;2026
11122.0;160.0;26;2;2026
6639.0;3960.0;26;2;2026
3797.0;540.0;26;2;2026
6640.0;1860.0;26;2;2026
6641.0;4920.0;26;2;2026
6642.0;1500.0;26;2;2026
6643.0;1680.0;26;2;2026
6644.0;3480.0;26;2;2026
6645.0;1680.0;26;2;2026
6646.0;3060.0;26;2;2026
6647.0;2880.0;26;2;2026
6648.0;3480.0;26;2;2026
6649.0;3600.0;26;2;2026
6650.0;3480.0;26;2;2026
6651.0;4140.0;26;2;2026
6652.0;360.0;26;2;2026
6653.0;480.0;26;2;2026
6654.0;4260.0;26;2;2026
6655.0;4680.0;26;2;2026
6656.0;0.0;26;2;2026
6657.0;0.0;26;2;2026
10264.0;0.0;26;2;2026
6659.0;0.0;26;2;2026
6660.0;0.0;26;2;2026
10175.0;3660.0;26;2;2026
10265.0;4500.0;26;2;2026
6658.0;0.0;26;2;2026
3818.0;2700.0;26;2;2026
3819.0;6660.0;26;2;2026
3820.0;5460.0;26;2;2026
6663.0;3000.0;26;2;2026
3799.0;5100.0;26;2;2026
3800.0;1800.0;26;2;2026
6664.0;0.0;26;2;2026
6665.0;0.0;26;2;2026
6666.0;5700.0;26;2;2026
3488.0;2940.0;26;2;2026
3489.0;780.0;26;2;2026
6667.0;3060.0;26;2;2026
6668.0;1020.0;26;2;2026
6669.0;840.0;26;2;2026
3611.0;1140.0;26;2;2026
3815.0;1740.0;26;2;2026
3490.0;4260.0;26;2;2026
3491.0;4680.0;26;2;2026
3492.0;2940.0;26;2;2026
3493.0;1980.0;26;2;2026
3816.0;4200.0;26;2;2026
6670.0;2940.0;26;2;2026
6671.0;720.0;26;2;2026
6672.0;3660.0;26;2;2026
6673.0;900.0;26;2;2026
6674.0;1980.0;26;2;2026
7124.0;360.0;26;2;2026
6676.0;4380.0;26;2;2026
6677.0;1320.0;26;2;2026
6678.0;420.0;26;2;2026
6679.0;5940.0;26;2;2026
6820.0;840.0;26;2;2026
6680.0;3240.0;26;2;2026
6681.0;960.0;26;2;2026
6682.0;2820.0;26;2;2026
6683.0;3540.0;26;2;2026
6684.0;2340.0;26;2;2026
6685.0;3960.0;26;2;2026
6686.0;2400.0;26;2;2026
6687.0;1980.0;26;2;2026
6688.0;1080.0;26;2;2026
6689.0;4140.0;26;2;2026
6690.0;3720.0;26;2;2026
6691.0;2580.0;26;2;2026
7125.0;300.0;26;2;2026
6692.0;2580.0;26;2;2026
6693.0;2340.0;26;2;2026
6694.0;900.0;26;2;2026
6813.0;1320.0;26;2;2026
6695.0;2280.0;26;2;2026
6696.0;2160.0;26;2;2026
10180.0;2160.0;26;2;2026
6698.0;1440.0;26;2;2026
6815.0;1320.0;26;2;2026
6817.0;600.0;26;2;2026
6699.0;2280.0;26;2;2026
6700.0;2100.0;26;2;2026
3801.0;1980.0;26;2;2026
6914.0;2040.0;26;2;2026
6702.0;2460.0;26;2;2026
3510.0;1200.0;26;2;2026
6703.0;0.0;26;2;2026
11376.0;1020.0;26;2;2026
6705.0;240.0;26;2;2026
6706.0;1260.0;26;2;2026
7130.0;2880.0;26;2;2026
7013.0;1320.0;26;2;2026
7014.0;420.0;26;2;2026
3521.0;3180.0;26;2;2026
6712.0;300.0;26;2;2026
6713.0;2880.0;26;2;2026
3821.0;720.0;26;2;2026
3822.0;1980.0;26;2;2026
3823.0;3900.0;26;2;2026
6714.0;1080.0;26;2;2026
6715.0;4320.0;26;2;2026
6716.0;540.0;26;2;2026
6717.0;3120.0;26;2;2026
6718.0;2460.0;26;2;2026
6719.0;1980.0;26;2;2026
6720.0;3300.0;26;2;2026
6721.0;3960.0;26;2;2026
6722.0;3420.0;26;2;2026
6723.0;2940.0;26;2;2026
6724.0;1200.0;26;2;2026
6725.0;5820.0;26;2;2026
6726.0;4200.0;26;2;2026
6727.0;6360.0;26;2;2026
6728.0;2880.0;26;2;2026
6729.0;3180.0;26;2;2026
6730.0;780.0;26;2;2026
6731.0;1500.0;26;2;2026
6732.0;4260.0;26;2;2026
6733.0;5280.0;26;2;2026
6734.0;0.0;26;2;2026
6735.0;0.0;26;2;2026
6736.0;0.0;26;2;2026
6737.0;4560.0;26;2;2026
6738.0;3120.0;26;2;2026
6739.0;2700.0;26;2;2026
6740.0;960.0;26;2;2026
6742.0;480.0;26;2;2026
6743.0;3720.0;26;2;2026
6744.0;1680.0;26;2;2026
6745.0;1560.0;26;2;2026
6746.0;4320.0;26;2;2026
6747.0;5460.0;26;2;2026
7126.0;300.0;26;2;2026
10177.0;2040.0;26;2;2026
6749.0;3780.0;26;2;2026
6750.0;2340.0;26;2;2026
6751.0;1440.0;26;2;2026
6753.0;3900.0;26;2;2026
6754.0;1500.0;26;2;2026
6755.0;1980.0;26;2;2026
6756.0;5280.0;26;2;2026
6757.0;420.0;26;2;2026
6758.0;4200.0;26;2;2026
6759.0;1500.0;26;2;2026
6760.0;420.0;26;2;2026
6761.0;1080.0;26;2;2026
6763.0;2400.0;26;2;2026
6764.0;360.0;26;2;2026
6765.0;2400.0;26;2;2026
3531.0;2100.0;26;2;2026
3532.0;4080.0;26;2;2026
3533.0;1800.0;26;2;2026
6948.0;780.0;26;2;2026
6766.0;2220.0;26;2;2026
6767.0;3000.0;26;2;2026
6768.0;900.0;26;2;2026
3836.0;1560.0;26;2;2026
3558.0;2220.0;26;2;2026
3559.0;1020.0;26;2;2026
6769.0;3300.0;26;2;2026
3597.0;2460.0;26;2;2026
6816.0;720.0;26;2;2026
6770.0;3480.0;26;2;2026
3598.0;1560.0;26;2;2026
3599.0;1140.0;26;2;2026
3560.0;1020.0;26;2;2026
6771.0;1680.0;26;2;2026
3494.0;2700.0;26;2;2026
6772.0;900.0;26;2;2026
6934.0;1320.0;26;2;2026
6935.0;900.0;26;2;2026
3837.0;3720.0;26;2;2026
3539.0;1200.0;26;2;2026
3536.0;2280.0;26;2;2026
6819.0;-1.0;26;2;2026
3495.0;1920.0;26;2;2026
3561.0;780.0;26;2;2026
3600.0;360.0;26;2;2026
3838.0;180.0;26;2;2026
3839.0;1080.0;26;2;2026
6777.0;1140.0;26;2;2026
7127.0;2340.0;26;2;2026
6778.0;2520.0;26;2;2026
6779.0;3000.0;26;2;2026
6822.0;2880.0;26;2;2026
6780.0;0.0;26;2;2026
6938.0;0.0;26;2;2026
6939.0;0.0;26;2;2026
6942.0;1620.0;26;2;2026
6941.0;240.0;26;2;2026
6949.0;1080.0;26;2;2026
6950.0;720.0;26;2;2026
6781.0;900.0;26;2;2026
6782.0;3600.0;26;2;2026
3496.0;0.0;26;2;2026
6783.0;1800.0;26;2;2026
6784.0;480.0;26;2;2026
6787.0;2040.0;26;2;2026
6788.0;660.0;26;2;2026
6932.0;2100.0;26;2;2026
7128.0;480.0;26;2;2026
3538.0;1440.0;26;2;2026
6789.0;4800.0;26;2;2026
6790.0;1620.0;26;2;2026
7131.0;840.0;26;2;2026
3827.0;240.0;26;2;2026
3828.0;960.0;26;2;2026
3826.0;900.0;26;2;2026
6791.0;1200.0;26;2;2026
6792.0;-1.0;26;2;2026
3761.0;1140.0;26;2;2026
3762.0;180.0;26;2;2026
3763.0;1380.0;26;2;2026
3703.0;1140.0;26;2;2026
3704.0;2220.0;26;2;2026
3705.0;2580.0;26;2;2026
6793.0;2460.0;26;2;2026
6823.0;1680.0;26;2;2026
6794.0;0.0;26;2;2026
6936.0;0.0;26;2;2026
6937.0;0.0;26;2;2026
6795.0;0.0;26;2;2026
7012.0;0.0;26;2;2026
6943.0;1680.0;26;2;2026
6944.0;360.0;26;2;2026
6952.0;1800.0;26;2;2026
6951.0;480.0;26;2;2026
6796.0;1560.0;26;2;2026
6797.0;1740.0;26;2;2026
6798.0;3060.0;26;2;2026
6799.0;720.0;26;2;2026
6800.0;960.0;26;2;2026
6801.0;1620.0;26;2;2026
6802.0;360.0;26;2;2026
6804.0;1680.0;26;2;2026
3706.0;960.0;26;2;2026
6805.0;1920.0;26;2;2026
6806.0;660.0;26;2;2026
6809.0;1800.0;26;2;2026
6810.0;420.0;26;2;2026
6933.0;1860.0;26;2;2026
7129.0;960.0;26;2;2026
7015.0;780.0;26;2;2026
10266.0;1620.0;26;2;2026
10194.0;0.0;26;2;2026
10297.0;-1.0;26;2;2026
10172.0;1260.0;26;2;2026
10173.0;720.0;26;2;2026
10174.0;480.0;26;2;2026
10171.0;660.0;26;2;2026
6748.0;1320.0;26;2;2026
10179.0;2880.0;26;2;2026
10178.0;780.0;26;2;2026
6697.0;2160.0;26;2;2026
10176.0;720.0;26;2;2026
6661.0;540.0;26;2;2026
10269.0;60.0;26;2;2026
10198.0;3540.0;26;2;2026
10200.0;360.0;26;2;2026
10201.0;480.0;26;2;2026
10199.0;1320.0;26;2;2026
10204.0;2160.0;26;2;2026
10203.0;2040.0;26;2;2026
10202.0;-1.0;26;2;2026
10205.0;1260.0;26;2;2026
10207.0;3600.0;26;2;2026
10208.0;1740.0;26;2;2026
10210.0;1740.0;26;2;2026
10211.0;480.0;26;2;2026
6741.0;600.0;26;2;2026
10267.0;1140.0;26;2;2026
6762.0;60.0;26;2;2026
10268.0;2640.0;26;2;2026
3817.0;1140.0;26;2;2026
10660.0;480.0;26;2;2026
10662.0;660.0;26;2;2026
10661.0;1440.0;26;2;2026
10659.0;180.0;26;2;2026
6803.0;1260.0;26;2;2026
11362.0;360.0;26;2;2026
11363.0;180.0;26;2;2026
6773.0;2100.0;26;2;2026
6774.0;180.0;26;2;2026
11365.0;3240.0;26;2;2026
11385.0;2280.0;26;2;2026
11367.0;4800.0;26;2;2026
11368.0;540.0;26;2;2026
6775.0;2880.0;26;2;2026
6709.0;360.0;26;2;2026
11375.0;120.0;26;2;2026
11374.0;1380.0;26;2;2026
11373.0;3780.0;26;2;2026
11372.0;840.0;26;2;2026
11371.0;2820.0;26;2;2026
11370.0;120.0;26;2;2026
6786.0;420.0;26;2;2026
11387.0;180.0;26;2;2026
6807.0;120.0;26;2;2026
11369.0;0.0;26;2;2026
6808.0;600.0;26;2;2026
11388.0;3240.0;26;2;2026
6818.0;2040.0;26;2;2026
11377.0;1320.0;26;2;2026
11379.0;360.0;26;2;2026
11380.0;-1.0;26;2;2026
11381.0;1080.0;26;2;2026
11382.0;300.0;26;2;2026
11389.0;1380.0;26;2;2026
11384.0;1500.0;26;2;2026
