idelem;lon;lat;district_code;district_name
10000;-3.729546;40.428920;NA;NA
10007;-3.631485;40.439706;NA;NA
10008;-3.632521;40.439334;NA;NA
10009;-3.668218;40.475355;NA;NA
10010;-3.668180;40.475825;NA;NA
10011;-3.725265;40.448533;NA;NA
10012;-3.724342;40.467961;NA;NA
10013;-3.671472;40.431206;NA;NA
10014;-3.715424;40.338227;NA;NA
10015;-3.712841;40.335750;NA;NA
10016;-3.714696;40.337667;NA;NA
10017;-3.715331;40.337011;NA;NA
10018;-3.691294;40.419562;NA;NA
10022;-3.708725;40.433320;NA;NA
10023;-3.708979;40.432877;NA;NA
10024;-3.669818;40.406461;NA;NA
10025;-3.732608;40.388873;NA;NA
10027;-3.699440;40.489697;NA;NA
10028;-3.708664;40.499132;NA;NA
10029;-3.709334;40.498237;NA;NA
10030;-3.708568;40.498758;NA;NA
10031;-3.700187;40.484712;NA;NA
10032;-3.693052;40.479214;NA;NA
10033;-3.693932;40.481738;NA;NA
10034;-3.692033;40.423336;NA;NA
10036;-3.693921;40.423722;NA;NA
10037;-3.707778;40.397956;NA;NA
10038;-3.704480;40.397569;NA;NA
10039;-3.667797;40.447106;NA;NA
10040;-3.666513;40.447126;NA;NA
10041;-3.667768;40.443634;NA;NA
10042;-3.668810;40.443501;NA;NA
10045;-3.670729;40.441033;NA;NA
10047;-3.670351;40.441810;NA;NA
10048;-3.681976;40.450838;NA;NA
10049;-3.681908;40.450797;NA;NA
10050;-3.681590;40.449986;NA;NA
10051;-3.718206;40.495838;NA;NA
10052;-3.720387;40.494673;NA;NA
10053;-3.718497;40.494998;NA;NA
10054;-3.719775;40.497090;NA;NA
10055;-3.718747;40.496863;NA;NA
10056;-3.700109;40.387722;NA;NA
10057;-3.711593;40.433218;NA;NA
10058;-3.667530;40.510503;NA;NA
10059;-3.665638;40.510618;NA;NA
10060;-3.665634;40.512286;NA;NA
10061;-3.667594;40.512932;NA;NA
10062;-3.667803;40.512018;NA;NA
10063;-3.648737;40.397468;NA;NA
10064;-3.650349;40.396286;NA;NA
10065;-3.717611;40.408256;NA;NA
10066;-3.710683;40.434090;NA;NA
10067;-3.722638;40.492745;NA;NA
10068;-3.722689;40.491239;NA;NA
10069;-3.724341;40.490958;NA;NA
10070;-3.719065;40.495851;NA;NA
10072;-3.719840;40.495362;NA;NA
10073;-3.719325;40.496212;NA;NA
10074;-3.719813;40.496164;NA;NA
10075;-3.719190;40.495611;NA;NA
10076;-3.672648;40.451904;NA;NA
10078;-3.674531;40.452774;NA;NA
10079;-3.674398;40.450711;NA;NA
10080;-3.678032;40.416342;NA;NA
10081;-3.677373;40.416930;NA;NA
10082;-3.678525;40.417442;NA;NA
10083;-3.676383;40.416170;NA;NA
10084;-3.676685;40.417046;NA;NA
10085;-3.675214;40.416962;NA;NA
10086;-3.665566;40.507808;NA;NA
10088;-3.663911;40.507327;NA;NA
10090;-3.664197;40.508185;NA;NA
10091;-3.665435;40.506953;NA;NA
10092;-3.704800;40.371500;NA;NA
10093;-3.676304;40.417822;NA;NA
10094;-3.666969;40.496543;NA;NA
10097;-3.707007;40.463502;NA;NA
10098;-3.679274;40.434977;NA;NA
10099;-3.679457;40.433878;NA;NA
10100;-3.679618;40.431245;NA;NA
10101;-3.679958;40.427370;NA;NA
10102;-3.680073;40.426306;NA;NA
10103;-3.680295;40.423752;NA;NA
10104;-3.783004;40.460734;NA;NA
10105;-3.783838;40.460918;NA;NA
10106;-3.784051;40.460288;NA;NA
10107;-3.784969;40.461439;NA;NA
10108;-3.783951;40.462116;NA;NA
10109;-3.663601;40.484153;NA;NA
10110;-3.661352;40.460315;NA;NA
10111;-3.659375;40.460447;NA;NA
10112;-3.660825;40.459658;NA;NA
10113;-3.655564;40.454849;NA;NA
10114;-3.653966;40.454798;NA;NA
10115;-3.654352;40.453330;NA;NA
10116;-3.654425;40.453576;NA;NA
10117;-3.652378;40.450800;NA;NA
10118;-3.651321;40.451484;NA;NA
10119;-3.652917;40.449577;NA;NA
10120;-3.651797;40.450245;NA;NA
10121;-3.650357;40.448163;NA;NA
10122;-3.646918;40.445567;NA;NA
10123;-3.645631;40.446026;NA;NA
10124;-3.639334;40.442206;NA;NA
10125;-3.644644;40.439925;NA;NA
10126;-3.644898;40.444506;NA;NA
10127;-3.644371;40.444373;NA;NA
10128;-3.642863;40.443558;NA;NA
10129;-3.652979;40.451612;NA;NA
10131;-3.616809;40.457597;NA;NA
10132;-3.617968;40.458670;NA;NA
10134;-3.708668;40.485088;NA;NA
10136;-3.670067;40.500315;NA;NA
10138;-3.640473;40.461188;NA;NA
10139;-3.636266;40.462724;NA;NA
10140;-3.639237;40.462013;NA;NA
10141;-3.637513;40.461730;NA;NA
10142;-3.638740;40.462396;NA;NA
10143;-3.638438;40.462437;NA;NA
10144;-3.640463;40.461906;NA;NA
10145;-3.601857;40.453925;NA;NA
10146;-3.624745;40.462614;NA;NA
10147;-3.627029;40.462641;NA;NA
10148;-3.628750;40.462587;NA;NA
10149;-3.628528;40.462655;NA;NA
10150;-3.629703;40.463208;NA;NA
10151;-3.632107;40.462621;NA;NA
10152;-3.631971;40.462688;NA;NA
10153;-3.707770;40.468782;NA;NA
10154;-3.708761;40.468275;NA;NA
10155;-3.708338;40.466044;NA;NA
10156;-3.623632;40.381424;NA;NA
10157;-3.628354;40.383152;NA;NA
10159;-3.631423;40.383456;NA;NA
10160;-3.631452;40.383369;NA;NA
10161;-3.633407;40.384256;NA;NA
10162;-3.668065;40.381054;NA;NA
10163;-3.669442;40.382803;NA;NA
10164;-3.669339;40.381128;NA;NA
10165;-3.707247;40.469608;NA;NA
10166;-3.703699;40.470202;NA;NA
10167;-3.668443;40.471323;NA;NA
10168;-3.662744;40.461122;NA;NA
10169;-3.637316;40.467724;NA;NA
10170;-3.679265;40.436217;NA;NA
10171;-3.662715;40.451549;NA;NA
10172;-3.659548;40.438331;NA;NA
10173;-3.660548;40.433306;NA;NA
10174;-3.659620;40.423706;NA;NA
10175;-3.660555;40.444344;NA;NA
10176;-3.662658;40.443981;NA;NA
10177;-3.662875;40.410035;NA;NA
10178;-3.665929;40.403951;NA;NA
10179;-3.666018;40.404006;NA;NA
10180;-3.750413;40.471443;NA;NA
10181;-3.670533;40.509261;NA;NA
10182;-3.708942;40.478498;NA;NA
10184;-3.707854;40.478597;NA;NA
10186;-3.709093;40.478415;NA;NA
10187;-3.705989;40.479117;NA;NA
10188;-3.669229;40.498856;NA;NA
10189;-3.668002;40.498426;NA;NA
10190;-3.667807;40.497296;NA;NA
10191;-3.669393;40.497610;NA;NA
10192;-3.675013;40.434094;NA;NA
10193;-3.674960;40.434085;NA;NA
10194;-3.659897;40.427257;NA;NA
10195;-3.711236;40.450937;NA;NA
10197;-3.688807;40.497920;NA;NA
10198;-3.659740;40.502394;NA;NA
10199;-3.660069;40.502542;NA;NA
10200;-3.659980;40.502519;NA;NA
10201;-3.659832;40.502435;NA;NA
10202;-3.648708;40.400590;NA;NA
10203;-3.648810;40.400548;NA;NA
10204;-3.648946;40.400398;NA;NA
10205;-3.684117;40.376953;NA;NA
10207;-3.684029;40.377010;NA;NA
10208;-3.770863;40.394352;NA;NA
10210;-3.685133;40.515611;NA;NA
10211;-3.736837;40.371212;NA;NA
10212;-3.710372;40.450071;NA;NA
10213;-3.676625;40.508466;NA;NA
10214;-3.677495;40.509048;NA;NA
10215;-3.678585;40.509582;NA;NA
10216;-3.718495;40.440952;NA;NA
10217;-3.712269;40.430259;NA;NA
10218;-3.705793;40.455667;NA;NA
10219;-3.706729;40.454787;NA;NA
10220;-3.705579;40.454706;NA;NA
10221;-3.706713;40.455563;NA;NA
10222;-3.772386;40.394042;NA;NA
10223;-3.770322;40.392812;NA;NA
10224;-3.770263;40.392848;NA;NA
10225;-3.752851;40.404948;NA;NA
10226;-3.752775;40.404940;NA;NA
10227;-3.753343;40.405192;NA;NA
10228;-3.753905;40.404949;NA;NA
10229;-3.739481;40.476895;NA;NA
10230;-3.737980;40.477217;NA;NA
10231;-3.738634;40.476892;NA;NA
10232;-3.737170;40.477205;NA;NA
10233;-3.736282;40.477002;NA;NA
10234;-3.736140;40.477336;NA;NA
10235;-3.735569;40.477128;NA;NA
10236;-3.753463;40.405738;NA;NA
10237;-3.753215;40.405483;NA;NA
10238;-3.602325;40.433518;NA;NA
10239;-3.600864;40.433998;NA;NA
10240;-3.599300;40.433401;NA;NA
10241;-3.599527;40.432274;NA;NA
10242;-3.600430;40.432699;NA;NA
10243;-3.604175;40.437161;NA;NA
10244;-3.603043;40.438741;NA;NA
10245;-3.603175;40.438505;NA;NA
10246;-3.602160;40.437829;NA;NA
10247;-3.625206;40.447694;NA;NA
10248;-3.624195;40.447770;NA;NA
10249;-3.621571;40.447850;NA;NA
10250;-3.719836;40.385218;NA;NA
10251;-3.724590;40.387123;NA;NA
10253;-3.730171;40.387595;NA;NA
10254;-3.730625;40.388265;NA;NA
10256;-3.721556;40.386477;NA;NA
10257;-3.721466;40.386896;NA;NA
10258;-3.706660;40.426712;NA;NA
10259;-3.706555;40.426988;NA;NA
10260;-3.600007;40.432554;NA;NA
10261;-3.702764;40.391109;NA;NA
10262;-3.703403;40.391565;NA;NA
10264;-3.661908;40.445522;NA;NA
10265;-3.660785;40.444278;NA;NA
10266;-3.660423;40.434783;NA;NA
10267;-3.657913;40.416982;NA;NA
10268;-3.682701;40.383707;NA;NA
10269;-3.697268;40.484683;NA;NA
10271;-3.720776;40.429194;NA;NA
10272;-3.696562;40.385721;NA;NA
10273;-3.748499;40.384960;NA;NA
10274;-3.750257;40.385611;NA;NA
10275;-3.748530;40.385991;NA;NA
10276;-3.725881;40.478898;NA;NA
10277;-3.727480;40.478312;NA;NA
10278;-3.725055;40.479328;NA;NA
10279;-3.724132;40.479719;NA;NA
10280;-3.717279;40.482080;NA;NA
10281;-3.712970;40.483363;NA;NA
10282;-3.736671;40.385377;NA;NA
10283;-3.724833;40.404931;NA;NA
10284;-3.694788;40.370824;NA;NA
10285;-3.694667;40.370722;NA;NA
10286;-3.695027;40.356493;NA;NA
10287;-3.696454;40.356439;NA;NA
10288;-3.696350;40.356405;NA;NA
10289;-3.697091;40.356615;NA;NA
10290;-3.692605;40.375413;NA;NA
10291;-3.691147;40.491165;NA;NA
10292;-3.692056;40.490629;NA;NA
10293;-3.692244;40.490478;NA;NA
10294;-3.693443;40.490562;NA;NA
10295;-3.709291;40.485729;NA;NA
10296;-3.710114;40.485180;NA;NA
10297;-3.665377;40.460192;NA;NA
10298;-3.664836;40.462782;NA;NA
10299;-3.654884;40.421062;NA;NA
10300;-3.655099;40.421517;NA;NA
10301;-3.655873;40.422269;NA;NA
10302;-3.655880;40.422800;NA;NA
10303;-3.654815;40.423543;NA;NA
10304;-3.653560;40.424456;NA;NA
10305;-3.654107;40.424181;NA;NA
10306;-3.652427;40.425289;NA;NA
10307;-3.647676;40.426521;NA;NA
10308;-3.650865;40.426552;NA;NA
10309;-3.724542;40.492488;NA;NA
10310;-3.725465;40.492347;NA;NA
10311;-3.725649;40.492090;NA;NA
10312;-3.724846;40.491409;NA;NA
10313;-3.726042;40.491832;NA;NA
10314;-3.726719;40.491234;NA;NA
10315;-3.727813;40.490753;NA;NA
10316;-3.728296;40.491655;NA;NA
10317;-3.727278;40.493533;NA;NA
10318;-3.726418;40.493702;NA;NA
10319;-3.725759;40.493355;NA;NA
10320;-3.726220;40.494395;NA;NA
10321;-3.726162;40.494237;NA;NA
10322;-3.725065;40.494573;NA;NA
10323;-3.725850;40.494811;NA;NA
10324;-3.724987;40.495583;NA;NA
10325;-3.724372;40.495996;NA;NA
10326;-3.722455;40.495956;NA;NA
10327;-3.722825;40.497293;NA;NA
10328;-3.720913;40.494953;NA;NA
10329;-3.723180;40.494410;NA;NA
10330;-3.724047;40.493625;NA;NA
10331;-3.724498;40.493127;NA;NA
10332;-3.717624;40.384595;NA;NA
10333;-3.690654;40.509744;NA;NA
10334;-3.692021;40.509671;NA;NA
10335;-3.691957;40.509641;NA;NA
10336;-3.692134;40.511213;NA;NA
10337;-3.693236;40.510983;NA;NA
10338;-3.717931;40.427641;NA;NA
10340;-3.624592;40.433551;NA;NA
10341;-3.623825;40.433859;NA;NA
10342;-3.626558;40.432541;NA;NA
10343;-3.626924;40.432434;NA;NA
10344;-3.628522;40.431649;NA;NA
10345;-3.630734;40.430711;NA;NA
10346;-3.649254;40.463722;NA;NA
10347;-3.654406;40.463458;NA;NA
10348;-3.632876;40.433583;NA;NA
10349;-3.642135;40.396121;NA;NA
10350;-3.640759;40.396970;NA;NA
10351;-3.640183;40.396091;NA;NA
10352;-3.638638;40.397325;NA;NA
10353;-3.640640;40.395377;NA;NA
10354;-3.643449;40.394368;NA;NA
10355;-3.641522;40.392457;NA;NA
10356;-3.641584;40.391995;NA;NA
10357;-3.642428;40.390878;NA;NA
10358;-3.745822;40.388034;NA;NA
10359;-3.666936;40.511829;NA;NA
10360;-3.672999;40.510772;NA;NA
10361;-3.672468;40.510995;NA;NA
10363;-3.701407;40.503274;NA;NA
10364;-3.700556;40.503735;NA;NA
10365;-3.700447;40.502739;NA;NA
10366;-3.704794;40.502821;NA;NA
10367;-3.703799;40.502314;NA;NA
10368;-3.703690;40.502278;NA;NA
10369;-3.704845;40.501860;NA;NA
10370;-3.705669;40.502413;NA;NA
10371;-3.705551;40.502376;NA;NA
10372;-3.701929;40.502214;NA;NA
10373;-3.701829;40.502177;NA;NA
10374;-3.702733;40.502758;NA;NA
10375;-3.702681;40.502850;NA;NA
10376;-3.704511;40.505988;NA;NA
10377;-3.703613;40.505461;NA;NA
10378;-3.703507;40.505426;NA;NA
10381;-3.704559;40.504944;NA;NA
10382;-3.704603;40.504924;NA;NA
10383;-3.705514;40.505529;NA;NA
10384;-3.705665;40.505571;NA;NA
10386;-3.706808;40.420762;NA;NA
10387;-3.705074;40.420283;NA;NA
10388;-3.705669;40.420287;NA;NA
10389;-3.770332;40.392687;NA;NA
10390;-3.770280;40.392727;NA;NA
10392;-3.769008;40.391774;NA;NA
10394;-3.770686;40.393618;NA;NA
10395;-3.771921;40.393538;NA;NA
10400;-3.594488;40.403885;NA;NA
10401;-3.704471;40.355670;NA;NA
10402;-3.703619;40.356056;NA;NA
10403;-3.703788;40.356861;NA;NA
10404;-3.729420;40.489535;NA;NA
10405;-3.729899;40.489528;NA;NA
10406;-3.728802;40.488766;NA;NA
10407;-3.721174;40.412944;NA;NA
10408;-3.722859;40.413987;NA;NA
10410;-3.684172;40.453757;NA;NA
10411;-3.655925;40.498469;NA;NA
10412;-3.700507;40.503745;NA;NA
10413;-3.699749;40.504242;NA;NA
10414;-3.700614;40.504687;NA;NA
10415;-3.695835;40.506740;NA;NA
10416;-3.695826;40.506058;NA;NA
10417;-3.696826;40.506509;NA;NA
10418;-3.767590;40.390273;NA;NA
10419;-3.705588;40.503508;NA;NA
10420;-3.704702;40.503849;NA;NA
10421;-3.704658;40.503853;NA;NA
10422;-3.676093;40.348931;NA;NA
10423;-3.704747;40.502894;NA;NA
10424;-3.736158;40.410788;NA;NA
10425;-3.735439;40.411132;NA;NA
10426;-3.733085;40.411930;NA;NA
10427;-3.697943;40.411721;NA;NA
10428;-3.732392;40.412261;NA;NA
10429;-3.725220;40.414068;NA;NA
10430;-3.726965;40.413785;NA;NA
10431;-3.707029;40.502035;NA;NA
10432;-3.706499;40.501342;NA;NA
10433;-3.707916;40.500654;NA;NA
10434;-3.707899;40.501004;NA;NA
10435;-3.657758;40.455197;NA;NA
10436;-3.659995;40.454005;NA;NA
10437;-3.660508;40.452512;NA;NA
10438;-3.660125;40.451562;NA;NA
10439;-3.658217;40.451404;NA;NA
10440;-3.658467;40.450373;NA;NA
10441;-3.697171;40.504135;NA;NA
10442;-3.696689;40.504909;NA;NA
10443;-3.695895;40.504345;NA;NA
10444;-3.692202;40.456635;NA;NA
10445;-3.635935;40.432297;NA;NA
10446;-3.636280;40.431286;NA;NA
10447;-3.647905;40.428921;NA;NA
10448;-3.645653;40.429113;NA;NA
10449;-3.640945;40.430010;NA;NA
10450;-3.641570;40.429937;NA;NA
10451;-3.643382;40.429396;NA;NA
10452;-3.644364;40.429363;NA;NA
10453;-3.647011;40.429033;NA;NA
10454;-3.646494;40.428998;NA;NA
10455;-3.648245;40.428780;NA;NA
10456;-3.650999;40.493291;NA;NA
10457;-3.648449;40.495774;NA;NA
10458;-3.653759;40.490743;NA;NA
10459;-3.658179;40.490008;NA;NA
10460;-3.661664;40.491970;NA;NA
10461;-3.661844;40.490609;NA;NA
10462;-3.659842;40.492218;NA;NA
10463;-3.698619;40.484190;NA;NA
10467;-3.732417;40.431560;NA;NA
10469;-3.690807;40.443632;NA;NA
10470;-3.686920;40.455975;NA;NA
10472;-3.622916;40.438720;NA;NA
10473;-3.625215;40.438060;NA;NA
10474;-3.625628;40.437983;NA;NA
10475;-3.620798;40.436647;NA;NA
10476;-3.621677;40.438340;NA;NA
10477;-3.618909;40.438020;NA;NA
10478;-3.628608;40.437101;NA;NA
10479;-3.624071;40.436055;NA;NA
10480;-3.627684;40.434865;NA;NA
10481;-3.627847;40.434863;NA;NA
10482;-3.630402;40.434217;NA;NA
10483;-3.630248;40.434195;NA;NA
10484;-3.628851;40.433734;NA;NA
10485;-3.627060;40.435844;NA;NA
10486;-3.625993;40.433953;NA;NA
10487;-3.702152;40.381126;NA;NA
10488;-3.700825;40.381897;NA;NA
10489;-3.701110;40.381022;NA;NA
10492;-3.695962;40.357141;NA;NA
10493;-3.695924;40.357174;NA;NA
10494;-3.695441;40.355876;NA;NA
10495;-3.753990;40.375807;NA;NA
10496;-3.753549;40.375125;NA;NA
10497;-3.754924;40.374929;NA;NA
10498;-3.713742;40.434283;NA;NA
10499;-3.714440;40.433843;NA;NA
10500;-3.732886;40.374620;NA;NA
10501;-3.731489;40.375590;NA;NA
10502;-3.730294;40.376763;NA;NA
10503;-3.731037;40.376428;NA;NA
10504;-3.728626;40.377955;NA;NA
10505;-3.728328;40.378731;NA;NA
10506;-3.727465;40.379097;NA;NA
10507;-3.725709;40.380359;NA;NA
10508;-3.725749;40.380386;NA;NA
10509;-3.726292;40.381235;NA;NA
10510;-3.724832;40.381270;NA;NA
10511;-3.723367;40.410202;NA;NA
10512;-3.787560;40.459246;NA;NA
10513;-3.786230;40.459371;NA;NA
10514;-3.780598;40.455909;NA;NA
10515;-3.772975;40.451382;NA;NA
10516;-3.770633;40.451476;NA;NA
10517;-3.782403;40.453142;NA;NA
10518;-3.782279;40.452154;NA;NA
10519;-3.783330;40.452278;NA;NA
10520;-3.779871;40.456314;NA;NA
10521;-3.780832;40.456549;NA;NA
10522;-3.779853;40.456958;NA;NA
10523;-3.791461;40.461354;NA;NA
10524;-3.792382;40.461953;NA;NA
10525;-3.793452;40.461207;NA;NA
10526;-3.794009;40.462583;NA;NA
10527;-3.700254;40.416984;NA;NA
10528;-3.698944;40.418072;NA;NA
10529;-3.666375;40.505413;NA;NA
10530;-3.700348;40.416852;NA;NA
10531;-3.731217;40.488012;NA;NA
10532;-3.732460;40.487244;NA;NA
10533;-3.731288;40.487311;NA;NA
10534;-3.733606;40.488718;NA;NA
10535;-3.732588;40.489619;NA;NA
10536;-3.731717;40.490455;NA;NA
10537;-3.731253;40.490455;NA;NA
10538;-3.610753;40.447658;NA;NA
10539;-3.612190;40.446628;NA;NA
10540;-3.609207;40.448709;NA;NA
10541;-3.621516;40.442327;NA;NA
10542;-3.625943;40.446320;NA;NA
10543;-3.625790;40.446434;NA;NA
10544;-3.626330;40.449232;NA;NA
10545;-3.625601;40.445035;NA;NA
10546;-3.625016;40.444415;NA;NA
10547;-3.623750;40.442402;NA;NA
10548;-3.618923;40.443104;NA;NA
10549;-3.619713;40.442192;NA;NA
10550;-3.628374;40.440547;NA;NA
10551;-3.611946;40.446843;NA;NA
10552;-3.634206;40.438876;NA;NA
10553;-3.632465;40.438797;NA;NA
10554;-3.632464;40.440179;NA;NA
10555;-3.631200;40.439694;NA;NA
10556;-3.630843;40.439881;NA;NA
10557;-3.626459;40.440993;NA;NA
10558;-3.626838;40.440953;NA;NA
10559;-3.629036;40.440281;NA;NA
10560;-3.712375;40.442778;NA;NA
10561;-3.612074;40.447399;NA;NA
10562;-3.665285;40.512432;NA;NA
10563;-3.664440;40.512048;NA;NA
10564;-3.662889;40.512523;NA;NA
10565;-3.663848;40.513194;NA;NA
10566;-3.665657;40.514352;NA;NA
10567;-3.664680;40.513596;NA;NA
10568;-3.693137;40.354004;NA;NA
10569;-3.693044;40.354837;NA;NA
10570;-3.728703;40.413884;NA;NA
10571;-3.730514;40.414032;NA;NA
10572;-3.728995;40.414872;NA;NA
10573;-3.730425;40.415001;NA;NA
10574;-3.730203;40.387574;NA;NA
10575;-3.729052;40.386810;NA;NA
10576;-3.727104;40.385996;NA;NA
10577;-3.724981;40.385593;NA;NA
10578;-3.723161;40.385330;NA;NA
10579;-3.720831;40.385197;NA;NA
10580;-3.719839;40.385188;NA;NA
10581;-3.715347;40.385224;NA;NA
10582;-3.713794;40.385135;NA;NA
10583;-3.695880;40.506765;NA;NA
10584;-3.697590;40.505071;NA;NA
10585;-3.761971;40.363373;NA;NA
10586;-3.755322;40.362148;NA;NA
10587;-3.752461;40.362274;NA;NA
10588;-3.750776;40.362028;NA;NA
10589;-3.749092;40.362693;NA;NA
10590;-3.746670;40.362918;NA;NA
10591;-3.671069;40.507442;NA;NA
10592;-3.744346;40.364893;NA;NA
10593;-3.743820;40.365678;NA;NA
10594;-3.745490;40.365134;NA;NA
10595;-3.744885;40.363309;NA;NA
10596;-3.745020;40.363577;NA;NA
10597;-3.742570;40.363508;NA;NA
10598;-3.741832;40.366456;NA;NA
10599;-3.740061;40.367012;NA;NA
10600;-3.740134;40.368674;NA;NA
10601;-3.735066;40.372642;NA;NA
10602;-3.708662;40.434140;NA;NA
10603;-3.709393;40.435146;NA;NA
10604;-3.711768;40.431216;NA;NA
10605;-3.711267;40.431714;NA;NA
10606;-3.683080;40.438540;NA;NA
10607;-3.682930;40.440199;NA;NA
10608;-3.700742;40.416646;NA;NA
10609;-3.712026;40.390020;NA;NA
10610;-3.711980;40.390037;NA;NA
10611;-3.711729;40.389665;NA;NA
10612;-3.711913;40.388841;NA;NA
10613;-3.719458;40.386412;NA;NA
10614;-3.719089;40.385831;NA;NA
10615;-3.719732;40.385814;NA;NA
10616;-3.729487;40.388427;NA;NA
10617;-3.728808;40.387993;NA;NA
10618;-3.728441;40.388319;NA;NA
10619;-3.758234;40.371448;NA;NA
10620;-3.605866;40.445920;NA;NA
10621;-3.605492;40.446148;NA;NA
10622;-3.605077;40.446066;NA;NA
10623;-3.604858;40.445789;NA;NA
10624;-3.605559;40.446817;NA;NA
10625;-3.602104;40.431374;NA;NA
10626;-3.602674;40.430613;NA;NA
10627;-3.601901;40.430494;NA;NA
10628;-3.601764;40.430219;NA;NA
10629;-3.602468;40.429910;NA;NA
10630;-3.601036;40.430122;NA;NA
10631;-3.601618;40.429550;NA;NA
10632;-3.601596;40.429157;NA;NA
10633;-3.602180;40.428524;NA;NA
10634;-3.600563;40.428759;NA;NA
10635;-3.601292;40.427852;NA;NA
10636;-3.601268;40.428059;NA;NA
10637;-3.727330;40.387694;NA;NA
10638;-3.727294;40.387191;NA;NA
10639;-3.699011;40.417925;NA;NA
10640;-3.717686;40.485679;NA;NA
10641;-3.717720;40.486804;NA;NA
10642;-3.715872;40.486649;NA;NA
10643;-3.716551;40.487524;NA;NA
10644;-3.717391;40.488288;NA;NA
10645;-3.714518;40.424158;NA;NA
10646;-3.714126;40.424842;NA;NA
10647;-3.714071;40.423938;NA;NA
10648;-3.720035;40.404043;NA;NA
10649;-3.718560;40.404201;NA;NA
10650;-3.716686;40.404465;NA;NA
10651;-3.631197;40.469752;NA;NA
10652;-3.759106;40.362347;NA;NA
10653;-3.759104;40.362399;NA;NA
10654;-3.756295;40.362491;NA;NA
10655;-3.756301;40.362432;NA;NA
10656;-3.757855;40.361608;NA;NA
10657;-3.757733;40.363398;NA;NA
10658;-3.719867;40.402569;NA;NA
10659;-3.746282;40.461579;NA;NA
10660;-3.737925;40.434018;NA;NA
10661;-3.659968;40.433430;NA;NA
10662;-3.658963;40.419298;NA;NA
10663;-3.716267;40.489627;NA;NA
10664;-3.714920;40.490960;NA;NA
10665;-3.717653;40.490556;NA;NA
10666;-3.718522;40.494920;NA;NA
10667;-3.717117;40.494607;NA;NA
10668;-3.716938;40.493458;NA;NA
10669;-3.641988;40.409474;NA;NA
10670;-3.640355;40.408727;NA;NA
10671;-3.634830;40.408973;NA;NA
10672;-3.635048;40.407315;NA;NA
10673;-3.637272;40.408884;NA;NA
10674;-3.636218;40.408459;NA;NA
10675;-3.637635;40.408812;NA;NA
10676;-3.638024;40.408065;NA;NA
10677;-3.638570;40.410065;NA;NA
10678;-3.699739;40.419376;NA;NA
10679;-3.622658;40.453841;NA;NA
10680;-3.716850;40.397234;NA;NA
10681;-3.621600;40.454722;NA;NA
10682;-3.717526;40.401422;NA;NA
10683;-3.748766;40.378463;NA;NA
10684;-3.748809;40.378455;NA;NA
10685;-3.679964;40.440710;NA;NA
10686;-3.705591;40.503459;NA;NA
10687;-3.707074;40.502000;NA;NA
10688;-3.701411;40.503234;NA;NA
10689;-3.699624;40.503306;NA;NA
10690;-3.697140;40.504100;NA;NA
10691;-3.699764;40.504278;NA;NA
10692;-3.708196;40.504572;NA;NA
10693;-3.669056;40.509481;NA;NA
10694;-3.667485;40.510471;NA;NA
10695;-3.623856;40.418567;NA;NA
10696;-3.624584;40.419136;NA;NA
10697;-3.624529;40.419502;NA;NA
10698;-3.624893;40.419538;NA;NA
10699;-3.626003;40.421514;NA;NA
10700;-3.627121;40.422617;NA;NA
10701;-3.658664;40.431596;NA;NA
10702;-3.657225;40.431808;NA;NA
10703;-3.627241;40.423218;NA;NA
10704;-3.627713;40.423436;NA;NA
10705;-3.656737;40.431976;NA;NA
10706;-3.629371;40.425727;NA;NA
10707;-3.654735;40.432153;NA;NA
10708;-3.629720;40.426639;NA;NA
10709;-3.630641;40.427474;NA;NA
10710;-3.653678;40.432394;NA;NA
10711;-3.630888;40.428249;NA;NA
10712;-3.631727;40.428975;NA;NA
10713;-3.632813;40.430470;NA;NA
10714;-3.634000;40.432113;NA;NA
10715;-3.652460;40.432564;NA;NA
10716;-3.651351;40.432630;NA;NA
10717;-3.634103;40.432489;NA;NA
10718;-3.650721;40.432804;NA;NA
10719;-3.635053;40.433570;NA;NA
10720;-3.636354;40.435361;NA;NA
10721;-3.637253;40.437030;NA;NA
10722;-3.649680;40.432951;NA;NA
10723;-3.622140;40.417241;NA;NA
10724;-3.649150;40.432936;NA;NA
10725;-3.647914;40.433165;NA;NA
10726;-3.647433;40.433489;NA;NA
10727;-3.613043;40.420524;NA;NA
10728;-3.607905;40.422463;NA;NA
10729;-3.605270;40.423330;NA;NA
10730;-3.622060;40.418879;NA;NA
10731;-3.646497;40.433939;NA;NA
10732;-3.646057;40.434058;NA;NA
10733;-3.644707;40.434706;NA;NA
10734;-3.640465;40.436848;NA;NA
10735;-3.640949;40.436521;NA;NA
10736;-3.639571;40.437286;NA;NA
10737;-3.658640;40.462006;NA;NA
10738;-3.659341;40.460403;NA;NA
10739;-3.667396;40.475419;NA;NA
10740;-3.667393;40.475295;NA;NA
10741;-3.653450;40.467771;NA;NA
10742;-3.664039;40.474382;NA;NA
10743;-3.663982;40.474079;NA;NA
10744;-3.650850;40.470745;NA;NA
10745;-3.652330;40.468900;NA;NA
10746;-3.663365;40.473345;NA;NA
10747;-3.662889;40.473110;NA;NA
10748;-3.656199;40.434805;NA;NA
10749;-3.660404;40.410681;NA;NA
10750;-3.659209;40.410597;NA;NA
10751;-3.658696;40.410788;NA;NA
10752;-3.639815;40.465850;NA;NA
10753;-3.659671;40.471313;NA;NA
10754;-3.636433;40.466407;NA;NA
10755;-3.636577;40.466325;NA;NA
10756;-3.637188;40.467735;NA;NA
10757;-3.637360;40.467710;NA;NA
10758;-3.628076;40.462847;NA;NA
10759;-3.656333;40.471332;NA;NA
10761;-3.600393;40.367651;NA;NA
10762;-3.602862;40.366368;NA;NA
10763;-3.655254;40.496148;NA;NA
10764;-3.655878;40.498506;NA;NA
10765;-3.656390;40.495395;NA;NA
10769;-3.655128;40.498037;NA;NA
10770;-3.665832;40.494877;NA;NA
10771;-3.664193;40.493814;NA;NA
10772;-3.650347;40.486802;NA;NA
10773;-3.652793;40.487476;NA;NA
10775;-3.668038;40.381070;NA;NA
10776;-3.669478;40.382796;NA;NA
10778;-3.668565;40.381468;NA;NA
10779;-3.658271;40.376142;NA;NA
10780;-3.661260;40.376874;NA;NA
10782;-3.605179;40.384059;NA;NA
10783;-3.606063;40.385048;NA;NA
10784;-3.609377;40.382505;NA;NA
10785;-3.610817;40.382550;NA;NA
10786;-3.610570;40.381844;NA;NA
10787;-3.609798;40.381337;NA;NA
10788;-3.600258;40.366107;NA;NA
10789;-3.601068;40.365039;NA;NA
10790;-3.599983;40.365292;NA;NA
10791;-3.601320;40.365881;NA;NA
10793;-3.773366;40.373890;NA;NA
10794;-3.772664;40.373162;NA;NA
10795;-3.773655;40.372636;NA;NA
10796;-3.774328;40.373382;NA;NA
10797;-3.738948;40.370635;NA;NA
10798;-3.739379;40.371404;NA;NA
10799;-3.695844;40.505092;NA;NA
10800;-3.695751;40.505984;NA;NA
10801;-3.694707;40.505515;NA;NA
10803;-3.731905;40.412406;NA;NA
10804;-3.725546;40.405402;NA;NA
10805;-3.724741;40.404745;NA;NA
10806;-3.724448;40.406722;NA;NA
10807;-3.657113;40.410733;NA;NA
10808;-3.656872;40.410587;NA;NA
10809;-3.690661;40.467730;NA;NA
10813;-3.700805;40.472023;NA;NA
10814;-3.687896;40.399327;NA;NA
10815;-3.697642;40.505634;NA;NA
10816;-3.696778;40.505029;NA;NA
10817;-3.696545;40.505908;NA;NA
10818;-3.651874;40.432643;NA;NA
10819;-3.651869;40.432612;NA;NA
10820;-3.656450;40.431953;NA;NA
10821;-3.656438;40.431914;NA;NA
10822;-3.656021;40.432068;NA;NA
10823;-3.656009;40.432037;NA;NA
10824;-3.658910;40.450697;NA;NA
10825;-3.658013;40.449779;NA;NA
10826;-3.657565;40.449050;NA;NA
10827;-3.656483;40.447355;NA;NA
10828;-3.655219;40.447578;NA;NA
10829;-3.657259;40.448642;NA;NA
10830;-3.656966;40.448088;NA;NA
10831;-3.657839;40.447741;NA;NA
10832;-3.655872;40.448663;NA;NA
10833;-3.655523;40.445693;NA;NA
10834;-3.653600;40.444621;NA;NA
10835;-3.655322;40.443980;NA;NA
10836;-3.653852;40.443104;NA;NA
10837;-3.738485;40.372021;NA;NA
10838;-3.739316;40.372134;NA;NA
10839;-3.653915;40.448952;NA;NA
10840;-3.652116;40.448897;NA;NA
10842;-3.738457;40.372536;NA;NA
10843;-3.650030;40.467402;NA;NA
10844;-3.647824;40.467996;NA;NA
10845;-3.647166;40.468344;NA;NA
10846;-3.653369;40.466917;NA;NA
10847;-3.643673;40.469277;NA;NA
10848;-3.718268;40.384781;NA;NA
10849;-3.717361;40.385819;NA;NA
10850;-3.717086;40.385821;NA;NA
10852;-3.725782;40.439782;NA;NA
10853;-3.676646;40.508512;NA;NA
10854;-3.671859;40.508718;NA;NA
10855;-3.668977;40.507395;NA;NA
10856;-3.666408;40.505383;NA;NA
10857;-3.663998;40.503987;NA;NA
10858;-3.693083;40.346949;NA;NA
10859;-3.691512;40.346187;NA;NA
10860;-3.694142;40.345585;NA;NA
10861;-3.692859;40.344505;NA;NA
10862;-3.666773;40.494652;NA;NA
10863;-3.694195;40.366428;NA;NA
10864;-3.694017;40.366029;NA;NA
10866;-3.704544;40.401020;NA;NA
10867;-3.703691;40.399985;NA;NA
10868;-3.684084;40.361514;NA;NA
10869;-3.624604;40.462798;NA;NA
10871;-3.693159;40.350674;NA;NA
10872;-3.692910;40.350844;NA;NA
10873;-3.693542;40.356410;NA;NA
10874;-3.713901;40.422521;NA;NA
10875;-3.713734;40.422402;NA;NA
10876;-3.695101;40.350901;NA;NA
10877;-3.691452;40.351697;NA;NA
10878;-3.715345;40.424097;NA;NA
10879;-3.715968;40.481123;NA;NA
10880;-3.715692;40.479982;NA;NA
10881;-3.717061;40.480151;NA;NA
10882;-3.715831;40.481019;NA;NA
10883;-3.714982;40.423825;NA;NA
10884;-3.715478;40.424090;NA;NA
10885;-3.713076;40.422282;NA;NA
10886;-3.717525;40.481157;NA;NA
10887;-3.716661;40.481216;NA;NA
10889;-3.646965;40.407392;NA;NA
10890;-3.645101;40.408174;NA;NA
10891;-3.671928;40.388979;NA;NA
10892;-3.672616;40.390618;NA;NA
10893;-3.671661;40.387723;NA;NA
10894;-3.671313;40.386585;NA;NA
10895;-3.671263;40.386590;NA;NA
10896;-3.672095;40.386249;NA;NA
10897;-3.671002;40.386007;NA;NA
10898;-3.670903;40.385398;NA;NA
10899;-3.670856;40.385375;NA;NA
10900;-3.677636;40.350979;NA;NA
10901;-3.678732;40.352614;NA;NA
10902;-3.678191;40.351711;NA;NA
10903;-3.668838;40.381886;NA;NA
10904;-3.669724;40.383410;NA;NA
10905;-3.698890;40.386943;NA;NA
10906;-3.693458;40.371247;NA;NA
10907;-3.670821;40.384097;NA;NA
10908;-3.668764;40.382571;NA;NA
10909;-3.664433;40.378480;NA;NA
10910;-3.664470;40.378442;NA;NA
10911;-3.660530;40.376731;NA;NA
10912;-3.660557;40.376683;NA;NA
10913;-3.658975;40.376193;NA;NA
10914;-3.658955;40.376238;NA;NA
10915;-3.655853;40.375395;NA;NA
10916;-3.655874;40.375355;NA;NA
10917;-3.671742;40.379500;NA;NA
10918;-3.670096;40.379595;NA;NA
10919;-3.670044;40.380650;NA;NA
10920;-3.671501;40.380456;NA;NA
10921;-3.675422;40.394643;NA;NA
10922;-3.676663;40.394657;NA;NA
10923;-3.676800;40.393321;NA;NA
10924;-3.682180;40.393086;NA;NA
10925;-3.681840;40.394254;NA;NA
10926;-3.683377;40.394254;NA;NA
10927;-3.683786;40.393064;NA;NA
10928;-3.628508;40.410146;NA;NA
10929;-3.711628;40.390952;NA;NA
10930;-3.709178;40.338959;NA;NA
10931;-3.708719;40.337799;NA;NA
10932;-3.710183;40.337552;NA;NA
10933;-3.666818;40.379971;NA;NA
10934;-3.666849;40.379944;NA;NA
10935;-3.666529;40.379850;NA;NA
10936;-3.666561;40.379823;NA;NA
10937;-3.664725;40.378535;NA;NA
10938;-3.664690;40.378561;NA;NA
10939;-3.666175;40.378581;NA;NA
10940;-3.752357;40.376864;NA;NA
10941;-3.754283;40.377334;NA;NA
10942;-3.753746;40.376289;NA;NA
10943;-3.614911;40.405577;NA;NA
10945;-3.738273;40.370072;NA;NA
10946;-3.736656;40.371495;NA;NA
10947;-3.736062;40.370795;NA;NA
10948;-3.717878;40.397680;NA;NA
10949;-3.719361;40.398188;NA;NA
10950;-3.718815;40.397469;NA;NA
10951;-3.718457;40.398318;NA;NA
10952;-3.716646;40.397282;NA;NA
10953;-3.713623;40.396348;NA;NA
10954;-3.715387;40.395031;NA;NA
10955;-3.714182;40.396234;NA;NA
10956;-3.715967;40.395873;NA;NA
10957;-3.716724;40.398802;NA;NA
10958;-3.604145;40.423841;NA;NA
10959;-3.604061;40.424145;NA;NA
10960;-3.604165;40.425169;NA;NA
10961;-3.835227;40.474476;NA;NA
10962;-3.821696;40.469341;NA;NA
10963;-3.716531;40.397420;NA;NA
10964;-3.715486;40.396963;NA;NA
10965;-3.729801;40.403039;NA;NA
10966;-3.728855;40.402790;NA;NA
10967;-3.730554;40.401650;NA;NA
10968;-3.757227;40.392293;NA;NA
10969;-3.755728;40.392697;NA;NA
10970;-3.755670;40.391122;NA;NA
10971;-3.754713;40.391477;NA;NA
10972;-3.756651;40.392168;NA;NA
10973;-3.757384;40.398486;NA;NA
10974;-3.755777;40.398770;NA;NA
10977;-3.753704;40.399739;NA;NA
10978;-3.745574;40.400526;NA;NA
10979;-3.743645;40.400870;NA;NA
10980;-3.622708;40.388816;NA;NA
10981;-3.721908;40.382993;NA;NA
10982;-3.719731;40.384263;NA;NA
10983;-3.670200;40.411436;NA;NA
10984;-3.664638;40.411091;NA;NA
10985;-3.711226;40.443586;NA;NA
10986;-3.720729;40.421017;NA;NA
10987;-3.738501;40.409916;NA;NA
10988;-3.738225;40.410090;NA;NA
10989;-3.763227;40.386742;NA;NA
10990;-3.714115;40.373766;NA;NA
10991;-3.717488;40.373801;NA;NA
10992;-3.759542;40.385334;NA;NA
10993;-3.759509;40.385362;NA;NA
10994;-3.758055;40.385324;NA;NA
10995;-3.758034;40.384333;NA;NA
10996;-3.690572;40.362485;NA;NA
10997;-3.635290;40.463814;NA;NA
10998;-3.635452;40.463785;NA;NA
10999;-3.634987;40.461616;NA;NA
11000;-3.634002;40.460846;NA;NA
11001;-3.631140;40.460690;NA;NA
11002;-3.630940;40.460795;NA;NA
11003;-3.626777;40.459388;NA;NA
11004;-3.626547;40.459060;NA;NA
11005;-3.716010;40.389895;NA;NA
11006;-3.717247;40.385931;NA;NA
11007;-3.718897;40.385202;NA;NA
11008;-3.658091;40.412314;NA;NA
11009;-3.625270;40.457951;NA;NA
11010;-3.624826;40.457727;NA;NA
11011;-3.623979;40.456365;NA;NA
11012;-3.623915;40.456565;NA;NA
11013;-3.623154;40.455005;NA;NA
11014;-3.658671;40.409984;NA;NA
11015;-3.611806;40.422654;NA;NA
11016;-3.611766;40.422588;NA;NA
11017;-3.615372;40.421314;NA;NA
11018;-3.615327;40.421247;NA;NA
11019;-3.629735;40.468622;NA;NA
11020;-3.635181;40.468722;NA;NA
11021;-3.747507;40.374443;NA;NA
11022;-3.745676;40.374434;NA;NA
11023;-3.746167;40.375236;NA;NA
11024;-3.747417;40.375392;NA;NA
11025;-3.725999;40.392212;NA;NA
11026;-3.725607;40.382803;NA;NA
11027;-3.716314;40.480856;NA;NA
11028;-3.719917;40.395489;NA;NA
11029;-3.717693;40.396779;NA;NA
11030;-3.716299;40.385221;NA;NA
11031;-3.709672;40.485267;NA;NA
11032;-3.719230;40.465892;NA;NA
11033;-3.720752;40.473821;NA;NA
11034;-3.678820;40.473572;NA;NA
11035;-3.676444;40.469354;NA;NA
11036;-3.675902;40.472209;NA;NA
11037;-3.638779;40.437672;NA;NA
11038;-3.638753;40.437643;NA;NA
11039;-3.705158;40.351177;NA;NA
11040;-3.705652;40.352023;NA;NA
11041;-3.705613;40.352635;NA;NA
11042;-3.705299;40.353393;NA;NA
11043;-3.705555;40.353904;NA;NA
11044;-3.705253;40.353290;NA;NA
11045;-3.704955;40.354640;NA;NA
11046;-3.702814;40.357619;NA;NA
11047;-3.702793;40.358426;NA;NA
11048;-3.702188;40.359596;NA;NA
11049;-3.700971;40.361155;NA;NA
11050;-3.699466;40.362354;NA;NA
11051;-3.699798;40.363178;NA;NA
11052;-3.703846;40.356638;NA;NA
11053;-3.702563;40.358693;NA;NA
11054;-3.700447;40.362118;NA;NA
11055;-3.654732;40.476085;NA;NA
11056;-3.653592;40.477654;NA;NA
11057;-3.653543;40.476627;NA;NA
11058;-3.653103;40.478040;NA;NA
11059;-3.645061;40.434837;NA;NA
11060;-3.653419;40.456032;NA;NA
11061;-3.651609;40.454071;NA;NA
11062;-3.653015;40.454205;NA;NA
11063;-3.651409;40.455109;NA;NA
11064;-3.651180;40.453526;NA;NA
11065;-3.650502;40.452618;NA;NA
11066;-3.650110;40.452150;NA;NA
11067;-3.649458;40.451329;NA;NA
11068;-3.649369;40.452602;NA;NA
11069;-3.649251;40.452671;NA;NA
11070;-3.765708;40.391065;NA;NA
11071;-3.768473;40.389698;NA;NA
11072;-3.764288;40.391450;NA;NA
11073;-3.762632;40.391980;NA;NA
11074;-3.763075;40.391266;NA;NA
11075;-3.763809;40.392392;NA;NA
11076;-3.765056;40.397246;NA;NA
11077;-3.764923;40.396220;NA;NA
11079;-3.698902;40.452566;NA;NA
11082;-3.699217;40.453400;NA;NA
11083;-3.698729;40.452835;NA;NA
11085;-3.697934;40.452502;NA;NA
11089;-3.673334;40.403007;NA;NA
11090;-3.606367;40.366720;NA;NA
11091;-3.605805;40.367978;NA;NA
11092;-3.605747;40.367172;NA;NA
11093;-3.606433;40.365835;NA;NA
11094;-3.694904;40.453061;NA;NA
11095;-3.706636;40.483829;NA;NA
11096;-3.707947;40.484669;NA;NA
11097;-3.723767;40.485512;NA;NA
11098;-3.721801;40.485574;NA;NA
11099;-3.722706;40.486116;NA;NA
11100;-3.722719;40.484809;NA;NA
11101;-3.722662;40.484785;NA;NA
11102;-3.723308;40.484477;NA;NA
11103;-3.721853;40.483719;NA;NA
11104;-3.722499;40.483272;NA;NA
11105;-3.647937;40.484082;NA;NA
11106;-3.658904;40.405719;NA;NA
11107;-3.658141;40.405359;NA;NA
11108;-3.659258;40.404592;NA;NA
11109;-3.659248;40.404458;NA;NA
11110;-3.659864;40.403352;NA;NA
11111;-3.659754;40.403696;NA;NA
11112;-3.670833;40.405746;NA;NA
11113;-3.671815;40.404491;NA;NA
11114;-3.672439;40.404009;NA;NA
11115;-3.673688;40.402448;NA;NA
11116;-3.673319;40.401962;NA;NA
11117;-3.675515;40.400381;NA;NA
11118;-3.674418;40.401622;NA;NA
11119;-3.604738;40.366084;NA;NA
11120;-3.603754;40.366012;NA;NA
11121;-3.603838;40.365920;NA;NA
11122;-3.602032;40.365199;NA;NA
11123;-3.608171;40.367911;NA;NA
11124;-3.608245;40.367810;NA;NA
11125;-3.659798;40.492196;NA;NA
11126;-3.659537;40.490790;NA;NA
11127;-3.658230;40.489961;NA;NA
11128;-3.641413;40.460561;NA;NA
11129;-3.642246;40.459870;NA;NA
11130;-3.645627;40.455845;NA;NA
11131;-3.647188;40.454499;NA;NA
11132;-3.647058;40.454565;NA;NA
11133;-3.646355;40.457206;NA;NA
11134;-3.648156;40.457147;NA;NA
11135;-3.649216;40.457098;NA;NA
11136;-3.671235;40.480138;NA;NA
11137;-3.650533;40.457126;NA;NA
11138;-3.651620;40.457131;NA;NA
11139;-3.647611;40.486015;NA;NA
11140;-3.645245;40.485194;NA;NA
11141;-3.646635;40.486975;NA;NA
11142;-3.606159;40.434252;NA;NA
11143;-3.606263;40.434238;NA;NA
11144;-3.637521;40.485506;NA;NA
11145;-3.640674;40.484943;NA;NA
11146;-3.633877;40.486712;NA;NA
11147;-3.634282;40.486798;NA;NA
11148;-3.632156;40.486121;NA;NA
11149;-3.627898;40.483373;NA;NA
11150;-3.627116;40.483106;NA;NA
11151;-3.654757;40.488022;NA;NA
11152;-3.659575;40.490621;NA;NA
11153;-3.641503;40.484640;NA;NA
11154;-3.648709;40.486124;NA;NA
11155;-3.643645;40.484638;NA;NA
11156;-3.642876;40.484391;NA;NA
11157;-3.641767;40.484703;NA;NA
11158;-3.642421;40.485365;NA;NA
11159;-3.654756;40.497800;NA;NA
11160;-3.658192;40.493392;NA;NA
11161;-3.659992;40.491079;NA;NA
11162;-3.660186;40.491845;NA;NA
11163;-3.657416;40.489320;NA;NA
11164;-3.654998;40.488284;NA;NA
11165;-3.652206;40.487448;NA;NA
11166;-3.650667;40.486730;NA;NA
11167;-3.647523;40.485800;NA;NA
11168;-3.645994;40.485471;NA;NA
11169;-3.637827;40.485520;NA;NA
11170;-3.633111;40.486175;NA;NA
11171;-3.626869;40.482848;NA;NA
11172;-3.648254;40.433162;NA;NA
11173;-3.648233;40.433133;NA;NA
11174;-3.639935;40.437002;NA;NA
11175;-3.639143;40.437420;NA;NA
11176;-3.639126;40.437400;NA;NA
11177;-3.642570;40.435742;NA;NA
11178;-3.642580;40.435766;NA;NA
11179;-3.645227;40.434518;NA;NA
11180;-3.645247;40.434542;NA;NA
11181;-3.646963;40.433652;NA;NA
11182;-3.646948;40.433626;NA;NA
11183;-3.652170;40.411123;NA;NA
11184;-3.652794;40.409575;NA;NA
11185;-3.651285;40.410083;NA;NA
11186;-3.627012;40.481457;NA;NA
11187;-3.625615;40.480984;NA;NA
11188;-3.624517;40.482179;NA;NA
11189;-3.623105;40.482549;NA;NA
11190;-3.623090;40.482295;NA;NA
11191;-3.620941;40.482198;NA;NA
11192;-3.620927;40.481944;NA;NA
11193;-3.619509;40.482313;NA;NA
11194;-3.616744;40.482215;NA;NA
11195;-3.616021;40.482333;NA;NA
11196;-3.615916;40.482585;NA;NA
11197;-3.617757;40.480936;NA;NA
11198;-3.617236;40.483500;NA;NA
11199;-3.611259;40.482247;NA;NA
11200;-3.611244;40.481993;NA;NA
11201;-3.609735;40.482360;NA;NA
11202;-3.608303;40.483375;NA;NA
11203;-3.606654;40.481584;NA;NA
11210;-3.745982;40.363492;NA;NA
11211;-3.750059;40.362596;NA;NA
11212;-3.752548;40.372656;NA;NA
11213;-3.608432;40.485362;NA;NA
11214;-3.608190;40.484592;NA;NA
11215;-3.608458;40.487903;NA;NA
11216;-3.608406;40.487268;NA;NA
11217;-3.608450;40.490830;NA;NA
11218;-3.608532;40.484418;NA;NA
11219;-3.608572;40.485752;NA;NA
11220;-3.607242;40.485067;NA;NA
11221;-3.609513;40.484922;NA;NA
11222;-3.608308;40.486592;NA;NA
11223;-3.608598;40.488555;NA;NA
11224;-3.608307;40.490334;NA;NA
11225;-3.608615;40.490710;NA;NA
11226;-3.608354;40.491818;NA;NA
11227;-3.607580;40.491431;NA;NA
11228;-3.609325;40.491087;NA;NA
11229;-3.608629;40.492176;NA;NA
11230;-3.608376;40.494064;NA;NA
11231;-3.608650;40.494409;NA;NA
11232;-3.608696;40.495768;NA;NA
11233;-3.608597;40.495768;NA;NA
11234;-3.607364;40.494962;NA;NA
11235;-3.609058;40.494906;NA;NA
11236;-3.609969;40.494831;NA;NA
11237;-3.611087;40.495100;NA;NA
11238;-3.612444;40.496299;NA;NA
11239;-3.612576;40.494776;NA;NA
11240;-3.613695;40.495450;NA;NA
11241;-3.614331;40.495643;NA;NA
11242;-3.616253;40.496484;NA;NA
11243;-3.728741;40.473591;NA;NA
11244;-3.616128;40.494652;NA;NA
11245;-3.617565;40.495451;NA;NA
11246;-3.618701;40.495621;NA;NA
11247;-3.620476;40.495610;NA;NA
11248;-3.620053;40.496076;NA;NA
11249;-3.620006;40.496078;NA;NA
11250;-3.619913;40.494971;NA;NA
11251;-3.619960;40.494970;NA;NA
11252;-3.621652;40.495429;NA;NA
11253;-3.622078;40.495604;NA;NA
11254;-3.623276;40.495419;NA;NA
11255;-3.623873;40.496364;NA;NA
11256;-3.623690;40.494613;NA;NA
11257;-3.605699;40.432156;NA;NA
11258;-3.605460;40.430829;NA;NA
11259;-3.605169;40.429780;NA;NA
11260;-3.604342;40.426238;NA;NA
11261;-3.711646;40.484351;NA;NA
11262;-3.729134;40.474301;NA;NA
11263;-3.728931;40.474012;NA;NA
11264;-3.728553;40.473318;NA;NA
11265;-3.729632;40.473811;NA;NA
11266;-3.604309;40.426243;NA;NA
11267;-3.605133;40.429782;NA;NA
11268;-3.606887;40.429516;NA;NA
11269;-3.606909;40.422727;NA;NA
11270;-3.606929;40.422758;NA;NA
11271;-3.624666;40.482489;NA;NA
11272;-3.619328;40.481993;NA;NA
11273;-3.616844;40.482457;NA;NA
11274;-3.609765;40.482139;NA;NA
11275;-3.608646;40.483270;NA;NA
11276;-3.608496;40.491714;NA;NA
11277;-3.608482;40.494548;NA;NA
11278;-3.616606;40.495527;NA;NA
11279;-3.615713;40.495566;NA;NA
11280;-3.647410;40.484510;NA;NA
11281;-3.647479;40.484535;NA;NA
11282;-3.669678;40.460601;NA;NA
11283;-3.673503;40.460983;NA;NA
11285;-3.607270;40.430730;NA;NA
11286;-3.607220;40.430735;NA;NA
11287;-3.606631;40.430081;NA;NA
11288;-3.608456;40.429826;NA;NA
11289;-3.608017;40.434213;NA;NA
11290;-3.608807;40.433041;NA;NA
11291;-3.607370;40.433237;NA;NA
11292;-3.606346;40.433418;NA;NA
11293;-3.605152;40.433571;NA;NA
11294;-3.666025;40.503760;NA;NA
11295;-3.606540;40.427705;NA;NA
11296;-3.604389;40.430429;NA;NA
11297;-3.605669;40.430264;NA;NA
11298;-3.604679;40.427540;NA;NA
11299;-3.604713;40.427538;NA;NA
11300;-3.603620;40.426903;NA;NA
11301;-3.700523;40.416632;NA;NA
11302;-3.609783;40.429741;NA;NA
11303;-3.611620;40.425853;NA;NA
11304;-3.611373;40.423116;NA;NA
11305;-3.617004;40.419142;NA;NA
11306;-3.616971;40.419103;NA;NA
11307;-3.607290;40.424226;NA;NA
11308;-3.609959;40.421631;NA;NA
11309;-3.609973;40.421656;NA;NA
11310;-3.609674;40.421828;NA;NA
11311;-3.609661;40.421799;NA;NA
11312;-3.611591;40.425411;NA;NA
11313;-3.715552;40.391831;NA;NA
11314;-3.715144;40.391797;NA;NA
11315;-3.611498;40.424407;NA;NA
11316;-3.618901;40.420019;NA;NA
11317;-3.618870;40.419974;NA;NA
11318;-3.621077;40.419939;NA;NA
11319;-3.611233;40.427827;NA;NA
11320;-3.620179;40.433615;NA;NA
11322;-3.631081;40.399625;NA;NA
11323;-3.616039;40.444220;NA;NA
11338;-3.675877;40.481896;NA;NA
11339;-3.675720;40.480929;NA;NA
11340;-3.690591;40.443618;NA;NA
11341;-3.674097;40.489212;NA;NA
11342;-3.673380;40.488605;NA;NA
11343;-3.673514;40.488516;NA;NA
11344;-3.673611;40.488574;NA;NA
11345;-3.673470;40.488445;NA;NA
11350;-3.668792;40.459624;NA;NA
11351;-3.718768;40.448948;NA;NA
11352;-3.666472;40.452360;NA;NA
11353;-3.695160;40.508887;NA;NA
11354;-3.695419;40.509347;NA;NA
11355;-3.696365;40.508229;NA;NA
11356;-3.693787;40.509241;NA;NA
11357;-3.694584;40.508271;NA;NA
11358;-3.693702;40.507611;NA;NA
11359;-3.692822;40.508668;NA;NA
11360;-3.693014;40.507867;NA;NA
11361;-3.693738;40.508194;NA;NA
11362;-3.696028;40.486407;NA;NA
11363;-3.696155;40.486350;NA;NA
11365;-3.692271;40.485067;NA;NA
11367;-3.688596;40.483452;NA;NA
11368;-3.688662;40.483344;NA;NA
11369;-3.685524;40.481112;NA;NA
11370;-3.684942;40.481364;NA;NA
11371;-3.680942;40.483561;NA;NA
11372;-3.680913;40.483479;NA;NA
11373;-3.680747;40.483318;NA;NA
11374;-3.680548;40.483248;NA;NA
11375;-3.680608;40.483160;NA;NA
11376;-3.697153;40.484786;NA;NA
11377;-3.677528;40.483888;NA;NA
11378;-3.620847;40.436630;NA;NA
11379;-3.678159;40.483912;NA;NA
11380;-3.677728;40.483980;NA;NA
11381;-3.677829;40.484030;NA;NA
11382;-3.678200;40.484039;NA;NA
11384;-3.679253;40.483535;NA;NA
11385;-3.692957;40.485559;NA;NA
11387;-3.685275;40.480863;NA;NA
11388;-3.677511;40.483755;NA;NA
11389;-3.674642;40.484658;NA;NA
11390;-3.645076;40.389922;NA;NA
11391;-3.564710;40.407353;NA;NA
11392;-3.582329;40.475080;NA;NA
11393;-3.582457;40.475275;NA;NA
11394;-3.582661;40.474883;NA;NA
11396;-3.727331;40.473335;NA;NA
11397;-3.660588;40.400176;NA;NA
11398;-3.661456;40.399115;NA;NA
11399;-3.660040;40.398832;NA;NA
11400;-3.660205;40.401854;NA;NA
11401;-3.660650;40.403014;NA;NA
11402;-3.659186;40.402496;NA;NA
11403;-3.616014;40.444168;NA;NA
11404;-3.614946;40.443984;NA;NA
11405;-3.614746;40.445095;NA;NA
11406;-3.557227;40.403800;NA;NA
11407;-3.552523;40.405778;NA;NA
11408;-3.552914;40.409472;NA;NA
11409;-3.616760;40.483550;NA;NA
11410;-3.616853;40.483596;NA;NA
11411;-3.616135;40.484251;NA;NA
11412;-3.613541;40.486975;NA;NA
11413;-3.612156;40.488623;NA;NA
11414;-3.613655;40.488469;NA;NA
11415;-3.611759;40.487616;NA;NA
11416;-3.611498;40.489111;NA;NA
11417;-3.611291;40.489519;NA;NA
11420;-3.615907;40.484675;NA;NA
11421;-3.564067;40.406338;NA;NA
11422;-3.563107;40.407485;NA;NA
11423;-3.561056;40.406787;NA;NA
11424;-3.562378;40.405116;NA;NA
11425;-3.559201;40.403665;NA;NA
11426;-3.557900;40.405138;NA;NA
11427;-3.727745;40.424980;NA;NA
11428;-3.726463;40.424067;NA;NA
11429;-3.556363;40.404377;NA;NA
11430;-3.553884;40.408749;NA;NA
11431;-3.551635;40.408794;NA;NA
11432;-3.553817;40.407256;NA;NA
11433;-3.551623;40.407359;NA;NA
11434;-3.553914;40.405465;NA;NA
11435;-3.551633;40.405491;NA;NA
11437;-3.692598;40.351886;NA;NA
11443;-3.684397;40.361852;NA;NA
11449;-3.722933;40.414066;NA;NA
11450;-3.687087;40.473340;NA;NA
11451;-3.686712;40.474561;NA;NA
11452;-3.700567;40.504556;NA;NA
11453;-3.700021;40.505388;NA;NA
11454;-3.701777;40.505336;NA;NA
11455;-3.752445;40.389788;NA;NA
11456;-3.752036;40.388827;NA;NA
11457;-3.630662;40.383155;NA;NA
11458;-3.630270;40.382770;NA;NA
11459;-3.630178;40.382712;NA;NA
11460;-3.640810;40.387056;NA;NA
11461;-3.642024;40.385279;NA;NA
11462;-3.642680;40.386610;NA;NA
3395;-3.709612;40.442868;NA;NA
3396;-3.716360;40.439236;NA;NA
3397;-3.713882;40.439016;NA;NA
3398;-3.667123;40.444417;NA;NA
3399;-3.667122;40.444884;NA;NA
3400;-3.668265;40.445337;NA;NA
3401;-3.706541;40.413882;NA;NA
3402;-3.678320;40.473611;NA;NA
3403;-3.763789;40.397959;NA;NA
3404;-3.751068;40.374501;NA;NA
3405;-3.741050;40.373467;NA;NA
3406;-3.707161;40.379154;NA;NA
3407;-3.697088;40.431178;NA;NA
3408;-3.711604;40.476155;NA;NA
3409;-3.754152;40.401447;NA;NA
3410;-3.724136;40.413053;NA;NA
3411;-3.707405;40.446119;NA;NA
3412;-3.708347;40.448550;NA;NA
3413;-3.709454;40.450299;NA;NA
3414;-3.659929;40.438528;NA;NA
3415;-3.661152;40.437539;NA;NA
3416;-3.661030;40.437089;NA;NA
3417;-3.716392;40.405420;NA;NA
3418;-3.715196;40.405045;NA;NA
3419;-3.777565;40.449609;NA;NA
3420;-3.696316;40.368258;NA;NA
3421;-3.690586;40.465693;NA;NA
3423;-3.690014;40.462964;NA;NA
3424;-3.702764;40.455006;NA;NA
3425;-3.703028;40.453512;NA;NA
3426;-3.703147;40.452739;NA;NA
3427;-3.703311;40.451665;NA;NA
3428;-3.641021;40.386597;NA;NA
3430;-3.664877;40.464340;NA;NA
3431;-3.612474;40.421152;NA;NA
3432;-3.660094;40.500781;NA;NA
3433;-3.672702;40.403464;NA;NA
3434;-3.683018;40.438044;NA;NA
3435;-3.682797;40.437592;NA;NA
3436;-3.677249;40.390875;NA;NA
3437;-3.723852;40.423521;NA;NA
3438;-3.725499;40.425832;NA;NA
3439;-3.708917;40.447834;NA;NA
3440;-3.718257;40.452025;NA;NA
3442;-3.667080;40.434744;NA;NA
3443;-3.661156;40.439669;NA;NA
3444;-3.718618;40.410022;NA;NA
3445;-3.713883;40.364720;NA;NA
3446;-3.715571;40.368799;NA;NA
3447;-3.723075;40.394010;NA;NA
3448;-3.686546;40.453032;NA;NA
3449;-3.690936;40.466731;NA;NA
3452;-3.676992;40.457521;NA;NA
3453;-3.692053;40.465417;NA;NA
3454;-3.701640;40.453403;NA;NA
3455;-3.703608;40.449146;NA;NA
3456;-3.703965;40.451885;NA;NA
3457;-3.668125;40.493938;NA;NA
3458;-3.667503;40.496928;NA;NA
3459;-3.668321;40.495543;NA;NA
3460;-3.667362;40.453037;NA;NA
3461;-3.668427;40.452392;NA;NA
3462;-3.676763;40.410375;NA;NA
3463;-3.690031;40.407968;NA;NA
3464;-3.690149;40.407865;NA;NA
3465;-3.688838;40.419009;NA;NA
3466;-3.697824;40.402556;NA;NA
3467;-3.698540;40.402039;NA;NA
3468;-3.715888;40.440443;NA;NA
3469;-3.713900;40.441684;NA;NA
3470;-3.732831;40.431354;NA;NA
3471;-3.731761;40.433984;NA;NA
3472;-3.718850;40.461334;NA;NA
3473;-3.718644;40.462563;NA;NA
3474;-3.672785;40.445072;NA;NA
3475;-3.712914;40.408472;NA;NA
3476;-3.711070;40.407985;NA;NA
3477;-3.710426;40.406505;NA;NA
3478;-3.712531;40.407849;NA;NA
3479;-3.714203;40.384965;NA;NA
3480;-3.714075;40.373693;NA;NA
3481;-3.740334;40.386093;NA;NA
3482;-3.623596;40.384017;NA;NA
3483;-3.712542;40.333717;NA;NA
3484;-3.712332;40.334683;NA;NA
3485;-3.701690;40.479941;NA;NA
3486;-3.671617;40.465880;NA;NA
3487;-3.649122;40.428284;NA;NA
3488;-3.659420;40.421757;NA;NA
3489;-3.659507;40.421608;NA;NA
3490;-3.661244;40.414223;NA;NA
3491;-3.662834;40.411228;NA;NA
3492;-3.663198;40.411182;NA;NA
3493;-3.663083;40.411142;NA;NA
3494;-3.702472;40.482875;NA;NA
3495;-3.654574;40.417544;NA;NA
3496;-3.744858;40.455500;NA;NA
3497;-3.683532;40.438770;NA;NA
3498;-3.719381;40.446718;NA;NA
3499;-3.718846;40.446058;NA;NA
3500;-3.717451;40.447485;NA;NA
3501;-3.670496;40.432808;NA;NA
3502;-3.670488;40.432214;NA;NA
3503;-3.670522;40.431007;NA;NA
3504;-3.668952;40.432084;NA;NA
3505;-3.713935;40.402023;NA;NA
3506;-3.712717;40.401549;NA;NA
3507;-3.712612;40.400385;NA;NA
3508;-3.618554;40.456485;NA;NA
3509;-3.671843;40.508766;NA;NA
3510;-3.703498;40.482395;NA;NA
3511;-3.710965;40.439747;NA;NA
3512;-3.732840;40.436017;NA;NA
3513;-3.706987;40.447098;NA;NA
3514;-3.717108;40.451162;NA;NA
3515;-3.711327;40.398735;NA;NA
3516;-3.711451;40.398730;NA;NA
3517;-3.700493;40.387313;NA;NA
3518;-3.679083;40.464331;NA;NA
3519;-3.650310;40.486864;NA;NA
3520;-3.652065;40.486157;NA;NA
3521;-3.670773;40.492293;NA;NA
3522;-3.677948;40.393451;NA;NA
3523;-3.688878;40.415744;NA;NA
3524;-3.707111;40.456636;NA;NA
3525;-3.670947;40.437147;NA;NA
3526;-3.670440;40.436795;NA;NA
3527;-3.698176;40.365381;NA;NA
3528;-3.635408;40.445069;NA;NA
3529;-3.613073;40.420570;NA;NA
3530;-3.668961;40.501357;NA;NA
3531;-3.692516;40.383778;NA;NA
3532;-3.730790;40.424584;NA;NA
3533;-3.738307;40.434178;NA;NA
3536;-3.658754;40.441692;NA;NA
3538;-3.660333;40.446329;NA;NA
3539;-3.659062;40.444152;NA;NA
3551;-3.715422;40.392933;NA;NA
3553;-3.729748;40.408395;NA;NA
3556;-3.694981;40.381111;NA;NA
3557;-3.607608;40.434570;NA;NA
3558;-3.746523;40.461425;NA;NA
3559;-3.746688;40.461357;NA;NA
3560;-3.715946;40.479178;NA;NA
3561;-3.654592;40.417472;NA;NA
3562;-3.688595;40.432521;NA;NA
3563;-3.665806;40.418453;NA;NA
3564;-3.662309;40.421356;NA;NA
3565;-3.719416;40.428320;NA;NA
3566;-3.739772;40.393826;NA;NA
3567;-3.740377;40.392668;NA;NA
3568;-3.741487;40.392514;NA;NA
3569;-3.691918;40.364576;NA;NA
3570;-3.775425;40.452172;NA;NA
3571;-3.726269;40.373798;NA;NA
3572;-3.740130;40.385194;NA;NA
3573;-3.725976;40.385895;NA;NA
3574;-3.726046;40.385552;NA;NA
3576;-3.736005;40.389627;NA;NA
3577;-3.775800;40.399330;NA;NA
3578;-3.687931;40.425028;NA;NA
3579;-3.675048;40.433338;NA;NA
3580;-3.673319;40.458448;NA;NA
3581;-3.674303;40.459024;NA;NA
3582;-3.688133;40.385594;NA;NA
3583;-3.703697;40.449003;NA;NA
3584;-3.703815;40.448244;NA;NA
3585;-3.695408;40.401985;NA;NA
3586;-3.696031;40.401969;NA;NA
3587;-3.666268;40.396791;NA;NA
3588;-3.712397;40.469584;NA;NA
3589;-3.712773;40.469308;NA;NA
3590;-3.711309;40.336385;NA;NA
3591;-3.685796;40.469833;NA;NA
3592;-3.685890;40.469808;NA;NA
3593;-3.639956;40.437030;NA;NA
3594;-3.636721;40.438198;NA;NA
3595;-3.714199;40.456025;NA;NA
3596;-3.702998;40.476214;NA;NA
3597;-3.745766;40.474511;NA;NA
3598;-3.728989;40.472879;NA;NA
3599;-3.722513;40.475230;NA;NA
3600;-3.664178;40.406225;NA;NA
3601;-3.668878;40.411363;NA;NA
3602;-3.664582;40.411033;NA;NA
3603;-3.669485;40.416109;NA;NA
3604;-3.677548;40.448793;NA;NA
3605;-3.666591;40.454892;NA;NA
3606;-3.680919;40.452506;NA;NA
3607;-3.673314;40.433351;NA;NA
3608;-3.671628;40.433183;NA;NA
3609;-3.676751;40.412404;NA;NA
3610;-3.676700;40.412415;NA;NA
3611;-3.660251;40.417567;NA;NA
3612;-3.675246;40.430855;NA;NA
3613;-3.675354;40.428796;NA;NA
3615;-3.698062;40.397790;NA;NA
3616;-3.669936;40.429628;NA;NA
3619;-3.713152;40.435131;NA;NA
3620;-3.707291;40.425602;NA;NA
3621;-3.714387;40.429706;NA;NA
3622;-3.694134;40.438165;NA;NA
3623;-3.706160;40.348557;NA;NA
3624;-3.707004;40.345946;NA;NA
3625;-3.778083;40.459955;NA;NA
3626;-3.779047;40.458808;NA;NA
3627;-3.779081;40.458730;NA;NA
3628;-3.744102;40.386292;NA;NA
3629;-3.744177;40.387469;NA;NA
3630;-3.699617;40.382714;NA;NA
3631;-3.699087;40.383167;NA;NA
3632;-3.699903;40.384128;NA;NA
3633;-3.716337;40.385476;NA;NA
3634;-3.716687;40.387726;NA;NA
3635;-3.716743;40.385245;NA;NA
3636;-3.763671;40.384421;NA;NA
3637;-3.765281;40.398899;NA;NA
3638;-3.713081;40.453269;NA;NA
3639;-3.709275;40.460697;NA;NA
3640;-3.776735;40.399324;NA;NA
3641;-3.774730;40.397433;NA;NA
3642;-3.675984;40.457112;NA;NA
3643;-3.724823;40.479346;NA;NA
3644;-3.651344;40.432658;NA;NA
3645;-3.649673;40.432923;NA;NA
3646;-3.624888;40.416884;NA;NA
3647;-3.632360;40.425828;NA;NA
3648;-3.645436;40.426011;NA;NA
3649;-3.643417;40.428775;NA;NA
3650;-3.717851;40.420324;NA;NA
3651;-3.720651;40.418508;NA;NA
3653;-3.688917;40.413320;NA;NA
3654;-3.688720;40.411896;NA;NA
3655;-3.723457;40.387673;NA;NA
3656;-3.618850;40.458712;NA;NA
3657;-3.615920;40.457550;NA;NA
3658;-3.626163;40.462560;NA;NA
3659;-3.653422;40.467754;NA;NA
3660;-3.647793;40.473573;NA;NA
3661;-3.611366;40.422376;NA;NA
3663;-3.697173;40.462776;NA;NA
3664;-3.621659;40.442355;NA;NA
3665;-3.618462;40.443170;NA;NA
3666;-3.621466;40.438128;NA;NA
3667;-3.698748;40.456856;NA;NA
3668;-3.696698;40.456473;NA;NA
3669;-3.707264;40.406901;NA;NA
3670;-3.708350;40.405585;NA;NA
3671;-3.690436;40.419820;NA;NA
3672;-3.707136;40.421070;NA;NA
3674;-3.692097;40.432949;NA;NA
3675;-3.730691;40.429764;NA;NA
3676;-3.731445;40.430727;NA;NA
3677;-3.703605;40.479440;NA;NA
3678;-3.720595;40.474425;NA;NA
3679;-3.613358;40.445886;NA;NA
3680;-3.754418;40.488382;NA;NA
3681;-3.583940;40.445338;NA;NA
3683;-3.690118;40.413951;NA;NA
3684;-3.741400;40.383318;NA;NA
3685;-3.730975;40.388269;NA;NA
3686;-3.732623;40.388853;NA;NA
3687;-3.729747;40.386980;NA;NA
3688;-3.741444;40.368604;NA;NA
3689;-3.667557;40.444245;NA;NA
3690;-3.672748;40.448880;NA;NA
3691;-3.693192;40.412010;NA;NA
3692;-3.697028;40.404984;NA;NA
3693;-3.704173;40.439705;NA;NA
3694;-3.711767;40.434153;NA;NA
3695;-3.604825;40.404026;NA;NA
3696;-3.609230;40.405628;NA;NA
3697;-3.686183;40.420564;NA;NA
3698;-3.621997;40.433716;NA;NA
3699;-3.660839;40.502339;NA;NA
3700;-3.668863;40.506754;NA;NA
3702;-3.729467;40.413351;NA;NA
3703;-3.694642;40.372988;NA;NA
3704;-3.694233;40.369200;NA;NA
3705;-3.709938;40.390707;NA;NA
3706;-3.700040;40.493856;NA;NA
3707;-3.712824;40.415161;NA;NA
3708;-3.715959;40.458489;NA;NA
3709;-3.615208;40.444674;NA;NA
3710;-3.613500;40.445892;NA;NA
3711;-3.623700;40.437003;NA;NA
3712;-3.720747;40.481234;NA;NA
3713;-3.714295;40.483899;NA;NA
3714;-3.709747;40.485336;NA;NA
3715;-3.719401;40.437905;NA;NA
3716;-3.719689;40.437888;NA;NA
3717;-3.717934;40.437315;NA;NA
3718;-3.690713;40.407880;NA;NA
3719;-3.694498;40.406367;NA;NA
3720;-3.684157;40.424092;NA;NA
3722;-3.699066;40.405387;NA;NA
3723;-3.685278;40.508050;NA;NA
3724;-3.665523;40.418252;NA;NA
3725;-3.666207;40.417953;NA;NA
3726;-3.668873;40.411417;NA;NA
3727;-3.698382;40.395264;NA;NA
3728;-3.696671;40.393945;NA;NA
3729;-3.694126;40.403051;NA;NA
3730;-3.702019;40.420020;NA;NA
3731;-3.703170;40.419482;NA;NA
3733;-3.709435;40.451198;NA;NA
3734;-3.708074;40.460988;NA;NA
3735;-3.708529;40.462670;NA;NA
3737;-3.697488;40.474845;NA;NA
3738;-3.695526;40.469453;NA;NA
3739;-3.676890;40.442198;NA;NA
3740;-3.676289;40.442588;NA;NA
3741;-3.675179;40.443367;NA;NA
3742;-3.716550;40.386348;NA;NA
3743;-3.697475;40.452522;NA;NA
3744;-3.672349;40.458508;NA;NA
3745;-3.717534;40.432463;NA;NA
3746;-3.718509;40.431906;NA;NA
3747;-3.715926;40.431890;NA;NA
3748;-3.698658;40.431707;NA;NA
3749;-3.758684;40.372098;NA;NA
3750;-3.772883;40.378024;NA;NA
3751;-3.697328;40.460187;NA;NA
3752;-3.616486;40.408767;NA;NA
3753;-3.672730;40.426205;NA;NA
3754;-3.647720;40.385336;NA;NA
3755;-3.662596;40.383554;NA;NA
3756;-3.624521;40.441585;NA;NA
3757;-3.683380;40.434194;NA;NA
3758;-3.689747;40.417352;NA;NA
3759;-3.688950;40.415916;NA;NA
3760;-3.607400;40.435759;NA;NA
3761;-3.690353;40.381249;NA;NA
3762;-3.690285;40.381131;NA;NA
3763;-3.694722;40.372984;NA;NA
3764;-3.676313;40.417219;NA;NA
3767;-3.704411;40.456689;NA;NA
3768;-3.752173;40.373025;NA;NA
3769;-3.732262;40.377607;NA;NA
3770;-3.765191;40.395336;NA;NA
3771;-3.766316;40.389522;NA;NA
3772;-3.617287;40.379603;NA;NA
3773;-3.673109;40.456956;NA;NA
3774;-3.664484;40.388576;NA;NA
3775;-3.639561;40.437253;NA;NA
3776;-3.640968;40.436542;NA;NA
3777;-3.662800;40.467764;NA;NA
3778;-3.665635;40.474787;NA;NA
3781;-3.654118;40.404109;NA;NA
3782;-3.609625;40.408523;NA;NA
3783;-3.609962;40.410808;NA;NA
3784;-3.623955;40.456542;NA;NA
3785;-3.624868;40.457701;NA;NA
3786;-3.653885;40.442376;NA;NA
3787;-3.685885;40.491130;NA;NA
3788;-3.685699;40.501651;NA;NA
3789;-3.697221;40.502292;NA;NA
3790;-3.694541;40.457507;NA;NA
3791;-3.639948;40.440523;NA;NA
3792;-3.652920;40.442130;NA;NA
3793;-3.654888;40.435611;NA;NA
3794;-3.665213;40.505672;NA;NA
3795;-3.664722;40.504803;NA;NA
3796;-3.667826;40.494696;NA;NA
3797;-3.671644;40.491700;NA;NA
3798;-3.688592;40.421031;NA;NA
3799;-3.660816;40.431088;NA;NA
3800;-3.660938;40.431105;NA;NA
3801;-3.722373;40.475156;NA;NA
3802;-3.694479;40.369805;NA;NA
3803;-3.694810;40.372401;NA;NA
3804;-3.640771;40.393066;NA;NA
3805;-3.640029;40.394422;NA;NA
3806;-3.586917;40.444858;NA;NA
3807;-3.703767;40.429293;NA;NA
3808;-3.633279;40.400084;NA;NA
3809;-3.631089;40.399597;NA;NA
3810;-3.627719;40.416478;NA;NA
3811;-3.629303;40.414522;NA;NA
3812;-3.633051;40.407836;NA;NA
3813;-3.742067;40.475751;NA;NA
3814;-3.754235;40.488349;NA;NA
3815;-3.661068;40.414112;NA;NA
3816;-3.665373;40.406556;NA;NA
3817;-3.661295;40.443365;NA;NA
3818;-3.659283;40.440884;NA;NA
3819;-3.659560;40.440890;NA;NA
3820;-3.659971;40.435670;NA;NA
3821;-3.673396;40.481995;NA;NA
3822;-3.673532;40.481897;NA;NA
3823;-3.674138;40.475691;NA;NA
3824;-3.702095;40.477239;NA;NA
3825;-3.705415;40.472758;NA;NA
3826;-3.655134;40.417860;NA;NA
3827;-3.665741;40.420407;NA;NA
3828;-3.665708;40.420478;NA;NA
3829;-3.700180;40.474979;NA;NA
3830;-3.697975;40.387014;NA;NA
3831;-3.667134;40.479876;NA;NA
3832;-3.609715;40.448244;NA;NA
3833;-3.625890;40.406562;NA;NA
3834;-3.698036;40.461325;NA;NA
3835;-3.836241;40.474681;NA;NA
3836;-3.744134;40.456342;NA;NA
3837;-3.656636;40.445896;NA;NA
3838;-3.664191;40.406153;NA;NA
3839;-3.691661;40.380628;NA;NA
3840;-3.688302;40.430482;NA;NA
3841;-3.687254;40.430519;NA;NA
3842;-3.691746;40.422066;NA;NA
3843;-3.691947;40.421416;NA;NA
3844;-3.688464;40.433758;NA;NA
3845;-3.690991;40.423512;NA;NA
3846;-3.698402;40.428181;NA;NA
3847;-3.694556;40.428791;NA;NA
3848;-3.694187;40.426925;NA;NA
3849;-3.696561;40.426881;NA;NA
3850;-3.692525;40.426004;NA;NA
3851;-3.689948;40.427305;NA;NA
3852;-3.690173;40.426005;NA;NA
3854;-3.696464;40.425453;NA;NA
3855;-3.697753;40.425126;NA;NA
3856;-3.669202;40.419444;NA;NA
3857;-3.669310;40.417333;NA;NA
3858;-3.669357;40.417508;NA;NA
3859;-3.670534;40.417914;NA;NA
3860;-3.669247;40.417070;NA;NA
3861;-3.670176;40.416492;NA;NA
3862;-3.669521;40.413711;NA;NA
3864;-3.669845;40.412529;NA;NA
3865;-3.669771;40.412527;NA;NA
3866;-3.670698;40.411380;NA;NA
3867;-3.670084;40.409023;NA;NA
3868;-3.669687;40.408446;NA;NA
3869;-3.670033;40.407943;NA;NA
3870;-3.667967;40.406581;NA;NA
3871;-3.669128;40.405548;NA;NA
3872;-3.670976;40.405410;NA;NA
3873;-3.672232;40.406817;NA;NA
3874;-3.672250;40.406893;NA;NA
3875;-3.667164;40.417536;NA;NA
3876;-3.667075;40.417514;NA;NA
3878;-3.662523;40.421139;NA;NA
3880;-3.662616;40.410975;NA;NA
3881;-3.664095;40.410331;NA;NA
3882;-3.669445;40.414675;NA;NA
3883;-3.669674;40.414129;NA;NA
3884;-3.669697;40.411747;NA;NA
3885;-3.669911;40.411055;NA;NA
3886;-3.669858;40.410013;NA;NA
3887;-3.661290;40.421455;NA;NA
3889;-3.669751;40.406596;NA;NA
3891;-3.681926;40.404716;NA;NA
3892;-3.681977;40.404641;NA;NA
3893;-3.680412;40.405114;NA;NA
3894;-3.680039;40.403966;NA;NA
3895;-3.672356;40.399884;NA;NA
3896;-3.671964;40.399032;NA;NA
3897;-3.681486;40.403428;NA;NA
3898;-3.681316;40.403612;NA;NA
3899;-3.675802;40.407290;NA;NA
3900;-3.677657;40.406806;NA;NA
3901;-3.679459;40.406455;NA;NA
3902;-3.674480;40.407152;NA;NA
3903;-3.672914;40.403400;NA;NA
3905;-3.671428;40.405089;NA;NA
3906;-3.671545;40.403914;NA;NA
3907;-3.673104;40.404635;NA;NA
3908;-3.675771;40.405983;NA;NA
3909;-3.680129;40.451619;NA;NA
3910;-3.675704;40.451666;NA;NA
3911;-3.677682;40.450170;NA;NA
3912;-3.666494;40.452402;NA;NA
3913;-3.677451;40.453105;NA;NA
3914;-3.676761;40.451619;NA;NA
3915;-3.677701;40.450887;NA;NA
3916;-3.678601;40.451634;NA;NA
3917;-3.678225;40.451697;NA;NA
3918;-3.667277;40.453081;NA;NA
3919;-3.666472;40.452274;NA;NA
3920;-3.667536;40.451397;NA;NA
3921;-3.663890;40.453008;NA;NA
3922;-3.665490;40.452001;NA;NA
3923;-3.678034;40.446915;NA;NA
3924;-3.680189;40.447728;NA;NA
3925;-3.683805;40.445693;NA;NA
3926;-3.680094;40.451712;NA;NA
3927;-3.678736;40.448647;NA;NA
3928;-3.682580;40.446004;NA;NA
3930;-3.684452;40.446778;NA;NA
3931;-3.686019;40.441064;NA;NA
3932;-3.687465;40.427555;NA;NA
3933;-3.684124;40.438553;NA;NA
3934;-3.683307;40.451707;NA;NA
3935;-3.687380;40.432984;NA;NA
3936;-3.691536;40.419537;NA;NA
3937;-3.686452;40.436193;NA;NA
3938;-3.686647;40.433914;NA;NA
3939;-3.688440;40.422058;NA;NA
3940;-3.688404;40.425519;NA;NA
3941;-3.686177;40.439092;NA;NA
3942;-3.687347;40.436009;NA;NA
3943;-3.687175;40.436019;NA;NA
3944;-3.686865;40.431353;NA;NA
3945;-3.687717;40.427893;NA;NA
3946;-3.686712;40.425358;NA;NA
3947;-3.688800;40.417908;NA;NA
3948;-3.685034;40.437682;NA;NA
3949;-3.683493;40.443168;NA;NA
3950;-3.676013;40.436222;NA;NA
3951;-3.681725;40.441627;NA;NA
3952;-3.678621;40.442874;NA;NA
3953;-3.677425;40.441972;NA;NA
3954;-3.678797;40.440200;NA;NA
3956;-3.682828;40.440646;NA;NA
3957;-3.681727;40.441454;NA;NA
3958;-3.679099;40.438390;NA;NA
3959;-3.683250;40.436266;NA;NA
3960;-3.683724;40.437749;NA;NA
3961;-3.682287;40.439398;NA;NA
3962;-3.682380;40.432860;NA;NA
3963;-3.685129;40.432838;NA;NA
3964;-3.683599;40.431654;NA;NA
3965;-3.683802;40.429214;NA;NA
3966;-3.681301;40.440143;NA;NA
3967;-3.681934;40.437641;NA;NA
3968;-3.678794;40.437381;NA;NA
3969;-3.678300;40.437439;NA;NA
3970;-3.678316;40.438091;NA;NA
3971;-3.685593;40.435071;NA;NA
3972;-3.684249;40.434963;NA;NA
3973;-3.678871;40.440584;NA;NA
3974;-3.677738;40.437872;NA;NA
3975;-3.679062;40.437733;NA;NA
3976;-3.680092;40.439893;NA;NA
3977;-3.679540;40.439545;NA;NA
3978;-3.679159;40.441177;NA;NA
3979;-3.685992;40.430424;NA;NA
3980;-3.684592;40.430331;NA;NA
3981;-3.683131;40.436243;NA;NA
3982;-3.683191;40.436241;NA;NA
3992;-3.676131;40.436097;NA;NA
3993;-3.671389;40.431274;NA;NA
3994;-3.675580;40.426270;NA;NA
3995;-3.673566;40.433821;NA;NA
3996;-3.673368;40.432298;NA;NA
3997;-3.675155;40.431242;NA;NA
3998;-3.676340;40.429930;NA;NA
3999;-3.673899;40.429839;NA;NA
4000;-3.672057;40.429720;NA;NA
4001;-3.673604;40.432423;NA;NA
4002;-3.678267;40.424881;NA;NA
4003;-3.680133;40.425972;NA;NA
4004;-3.680529;40.434779;NA;NA
4005;-3.677807;40.430043;NA;NA
4006;-3.677767;40.429988;NA;NA
4008;-3.679427;40.434593;NA;NA
4009;-3.679572;40.431565;NA;NA
4010;-3.679695;40.431317;NA;NA
4011;-3.679784;40.429056;NA;NA
4012;-3.682215;40.434909;NA;NA
4013;-3.677990;40.434691;NA;NA
4014;-3.684840;40.426374;NA;NA
4015;-3.681285;40.425032;NA;NA
4016;-3.682314;40.430230;NA;NA
4017;-3.682563;40.430263;NA;NA
4018;-3.660966;40.432335;NA;NA
4019;-3.660281;40.430320;NA;NA
4021;-3.678166;40.423645;NA;NA
4022;-3.681271;40.421377;NA;NA
4023;-3.669993;40.429297;NA;NA
4024;-3.675563;40.427116;NA;NA
4025;-3.662912;40.430855;NA;NA
4026;-3.681339;40.421420;NA;NA
4027;-3.683388;40.421145;NA;NA
4028;-3.681826;40.422114;NA;NA
4029;-3.679039;40.423331;NA;NA
4030;-3.668069;40.429450;NA;NA
4031;-3.666494;40.429217;NA;NA
4032;-3.667370;40.428725;NA;NA
4033;-3.668364;40.427058;NA;NA
4034;-3.670372;40.427271;NA;NA
4035;-3.670042;40.427503;NA;NA
4036;-3.665864;40.429455;NA;NA
4037;-3.664161;40.431201;NA;NA
4039;-3.672734;40.424664;NA;NA
4040;-3.670819;40.424520;NA;NA
4041;-3.675879;40.423172;NA;NA
4042;-3.675871;40.422561;NA;NA
4043;-3.680219;40.423752;NA;NA
4044;-3.680024;40.423569;NA;NA
4045;-3.680334;40.423526;NA;NA
4046;-3.672702;40.423017;NA;NA
4047;-3.672790;40.423248;NA;NA
4048;-3.683457;40.421011;NA;NA
4049;-3.668998;40.422817;NA;NA
4050;-3.669007;40.419623;NA;NA
4051;-3.667429;40.420890;NA;NA
4052;-3.674549;40.421499;NA;NA
4053;-3.677735;40.421647;NA;NA
4054;-3.679597;40.420730;NA;NA
4055;-3.677355;40.421572;NA;NA
4056;-3.670575;40.421251;NA;NA
4057;-3.675315;40.418302;NA;NA
4058;-3.676774;40.418210;NA;NA
4059;-3.668667;40.423772;NA;NA
4060;-3.677088;40.413475;NA;NA
4061;-3.677951;40.408885;NA;NA
4062;-3.674201;40.411024;NA;NA
4064;-3.676192;40.419277;NA;NA
4066;-3.676405;40.411786;NA;NA
4067;-3.676053;40.420553;NA;NA
4068;-3.679845;40.421109;NA;NA
4070;-3.674369;40.421667;NA;NA
4071;-3.680310;40.422459;NA;NA
4073;-3.678910;40.421901;NA;NA
4074;-3.678946;40.421420;NA;NA
4075;-3.671980;40.421378;NA;NA
4076;-3.674068;40.421405;NA;NA
4077;-3.672858;40.421131;NA;NA
4078;-3.693513;40.391646;NA;NA
4079;-3.693459;40.390302;NA;NA
4080;-3.695175;40.389619;NA;NA
4081;-3.696522;40.390146;NA;NA
4082;-3.696291;40.391991;NA;NA
4083;-3.698286;40.395305;NA;NA
4084;-3.697969;40.397723;NA;NA
4085;-3.698873;40.396522;NA;NA
4086;-3.698075;40.399151;NA;NA
4087;-3.696939;40.397470;NA;NA
4088;-3.695766;40.396313;NA;NA
4089;-3.697093;40.396399;NA;NA
4090;-3.696637;40.396881;NA;NA
4091;-3.696355;40.396630;NA;NA
4092;-3.696453;40.398231;NA;NA
4093;-3.692611;40.391955;NA;NA
4094;-3.692689;40.390973;NA;NA
4095;-3.692721;40.390896;NA;NA
4097;-3.691619;40.389106;NA;NA
4098;-3.691803;40.389365;NA;NA
4099;-3.691693;40.389087;NA;NA
4100;-3.693283;40.390097;NA;NA
4101;-3.692764;40.390830;NA;NA
4102;-3.690283;40.387784;NA;NA
4103;-3.690637;40.387279;NA;NA
4104;-3.691089;40.387922;NA;NA
4105;-3.689658;40.386308;NA;NA
4106;-3.688026;40.384694;NA;NA
4107;-3.689293;40.384856;NA;NA
4108;-3.689246;40.385684;NA;NA
4109;-3.691829;40.392675;NA;NA
4110;-3.693430;40.405382;NA;NA
4111;-3.694841;40.404203;NA;NA
4112;-3.693666;40.403351;NA;NA
4113;-3.693935;40.401109;NA;NA
4114;-3.695614;40.400849;NA;NA
4115;-3.694191;40.398648;NA;NA
4116;-3.694316;40.397615;NA;NA
4117;-3.695370;40.398572;NA;NA
4118;-3.693454;40.396165;NA;NA
4119;-3.694591;40.395249;NA;NA
4120;-3.693220;40.394168;NA;NA
4122;-3.694931;40.392446;NA;NA
4123;-3.695847;40.394016;NA;NA
4124;-3.695607;40.395406;NA;NA
4125;-3.695353;40.395198;NA;NA
4126;-3.684044;40.400538;NA;NA
4127;-3.685574;40.400373;NA;NA
4129;-3.685758;40.399208;NA;NA
4130;-3.678071;40.396368;NA;NA
4132;-3.679024;40.394637;NA;NA
4133;-3.681007;40.394584;NA;NA
4134;-3.676640;40.393825;NA;NA
4135;-3.676041;40.393096;NA;NA
4136;-3.676657;40.392424;NA;NA
4137;-3.676918;40.392528;NA;NA
4139;-3.675821;40.391959;NA;NA
4140;-3.674176;40.392280;NA;NA
4141;-3.673876;40.391254;NA;NA
4142;-3.682898;40.393864;NA;NA
4143;-3.682478;40.393544;NA;NA
4144;-3.690723;40.403676;NA;NA
4145;-3.689476;40.402781;NA;NA
4146;-3.690846;40.402005;NA;NA
4147;-3.691086;40.402880;NA;NA
4148;-3.692171;40.403755;NA;NA
4150;-3.691033;40.400495;NA;NA
4151;-3.691978;40.400191;NA;NA
4153;-3.682427;40.397442;NA;NA
4154;-3.681652;40.396747;NA;NA
4155;-3.689029;40.416406;NA;NA
4156;-3.689911;40.415072;NA;NA
4157;-3.690116;40.415386;NA;NA
4158;-3.688881;40.414324;NA;NA
4159;-3.688817;40.414196;NA;NA
4160;-3.690117;40.412725;NA;NA
4161;-3.688844;40.410859;NA;NA
4162;-3.688591;40.408801;NA;NA
4163;-3.688701;40.408376;NA;NA
4164;-3.687323;40.406621;NA;NA
4165;-3.686207;40.405934;NA;NA
4166;-3.688279;40.406491;NA;NA
4167;-3.703852;40.396563;NA;NA
4168;-3.703866;40.396524;NA;NA
4169;-3.704071;40.395968;NA;NA
4170;-3.695577;40.415611;NA;NA
4171;-3.693577;40.416371;NA;NA
4172;-3.692371;40.416081;NA;NA
4173;-3.692952;40.412886;NA;NA
4174;-3.694432;40.406333;NA;NA
4175;-3.694378;40.406301;NA;NA
4176;-3.694947;40.405367;NA;NA
4177;-3.695569;40.405519;NA;NA
4178;-3.695775;40.404125;NA;NA
4179;-3.696496;40.404012;NA;NA
4180;-3.698294;40.401014;NA;NA
4181;-3.698811;40.400027;NA;NA
4182;-3.699761;40.400561;NA;NA
4183;-3.705547;40.393859;NA;NA
4184;-3.702919;40.396846;NA;NA
4185;-3.702700;40.398406;NA;NA
4186;-3.695944;40.402682;NA;NA
4187;-3.696216;40.403175;NA;NA
4188;-3.697069;40.402076;NA;NA
4189;-3.696268;40.399956;NA;NA
4190;-3.692107;40.406426;NA;NA
4191;-3.669944;40.409028;NA;NA
4192;-3.670149;40.408259;NA;NA
4193;-3.667966;40.406666;NA;NA
4194;-3.700217;40.399927;NA;NA
4195;-3.700800;40.399022;NA;NA
4196;-3.701227;40.399270;NA;NA
4197;-3.693314;40.406353;NA;NA
4198;-3.703228;40.396445;NA;NA
4199;-3.703644;40.413838;NA;NA
4200;-3.701481;40.414017;NA;NA
4201;-3.702046;40.413649;NA;NA
4202;-3.700957;40.412352;NA;NA
4203;-3.700664;40.413113;NA;NA
4204;-3.697806;40.410803;NA;NA
4205;-3.697498;40.411549;NA;NA
4206;-3.693271;40.409656;NA;NA
4207;-3.696060;40.406578;NA;NA
4208;-3.697890;40.407167;NA;NA
4209;-3.697065;40.406580;NA;NA
4211;-3.700601;40.405533;NA;NA
4212;-3.701099;40.405478;NA;NA
4213;-3.701712;40.404072;NA;NA
4214;-3.702264;40.404545;NA;NA
4215;-3.704692;40.404406;NA;NA
4216;-3.705032;40.405402;NA;NA
4217;-3.701843;40.406003;NA;NA
4218;-3.705334;40.404277;NA;NA
4219;-3.705912;40.403080;NA;NA
4220;-3.706885;40.403847;NA;NA
4221;-3.708058;40.404176;NA;NA
4222;-3.707661;40.403590;NA;NA
4223;-3.689457;40.424318;NA;NA
4224;-3.679198;40.436093;NA;NA
4225;-3.684438;40.437707;NA;NA
4226;-3.708990;40.403213;NA;NA
4227;-3.709096;40.403241;NA;NA
4228;-3.710748;40.403766;NA;NA
4229;-3.711775;40.402048;NA;NA
4230;-3.699964;40.401806;NA;NA
4232;-3.689930;40.389451;NA;NA
4233;-3.701221;40.402207;NA;NA
4234;-3.700996;40.403156;NA;NA
4235;-3.699546;40.402862;NA;NA
4236;-3.701234;40.403263;NA;NA
4237;-3.702270;40.403587;NA;NA
4238;-3.705887;40.405601;NA;NA
4239;-3.709519;40.406201;NA;NA
4243;-3.693388;40.417357;NA;NA
4244;-3.692065;40.421420;NA;NA
4245;-3.695624;40.419754;NA;NA
4246;-3.694148;40.419270;NA;NA
4247;-3.695738;40.419004;NA;NA
4248;-3.697361;40.418527;NA;NA
4249;-3.695201;40.418969;NA;NA
4250;-3.698097;40.418243;NA;NA
4251;-3.698514;40.417619;NA;NA
4252;-3.698926;40.418041;NA;NA
4254;-3.700694;40.416323;NA;NA
4256;-3.700146;40.417097;NA;NA
4257;-3.695624;40.422452;NA;NA
4258;-3.694811;40.421916;NA;NA
4259;-3.713619;40.414541;NA;NA
4260;-3.714707;40.415125;NA;NA
4261;-3.713512;40.415583;NA;NA
4262;-3.713543;40.414508;NA;NA
4263;-3.712608;40.411000;NA;NA
4264;-3.713847;40.409985;NA;NA
4265;-3.713404;40.409298;NA;NA
4266;-3.713694;40.409224;NA;NA
4268;-3.710297;40.415549;NA;NA
4269;-3.708113;40.416088;NA;NA
4270;-3.708626;40.416374;NA;NA
4279;-3.713494;40.415267;NA;NA
4281;-3.707991;40.424335;NA;NA
4282;-3.709024;40.423651;NA;NA
4283;-3.711179;40.424672;NA;NA
4284;-3.711602;40.424096;NA;NA
4285;-3.711576;40.423108;NA;NA
4286;-3.711180;40.423728;NA;NA
4287;-3.709877;40.423228;NA;NA
4289;-3.709007;40.422176;NA;NA
4290;-3.709252;40.421695;NA;NA
4291;-3.710262;40.422398;NA;NA
4292;-3.710255;40.423054;NA;NA
4293;-3.707650;40.422638;NA;NA
4294;-3.707544;40.421244;NA;NA
4295;-3.708260;40.420761;NA;NA
4296;-3.708329;40.420698;NA;NA
4297;-3.708303;40.421809;NA;NA
4298;-3.707939;40.420629;NA;NA
4301;-3.704167;40.420220;NA;NA
4303;-3.702808;40.419476;NA;NA
4304;-3.721445;40.421396;NA;NA
4305;-3.701064;40.420248;NA;NA
4306;-3.700670;40.419929;NA;NA
4307;-3.698506;40.419443;NA;NA
4308;-3.697969;40.419235;NA;NA
4309;-3.700095;40.419885;NA;NA
4310;-3.700504;40.421113;NA;NA
4311;-3.699948;40.420795;NA;NA
4312;-3.698578;40.422437;NA;NA
4313;-3.712938;40.422237;NA;NA
4314;-3.712833;40.421294;NA;NA
4315;-3.713598;40.421717;NA;NA
4316;-3.713854;40.422550;NA;NA
4317;-3.714934;40.420699;NA;NA
4318;-3.715655;40.420042;NA;NA
4319;-3.715982;40.421188;NA;NA
4320;-3.717738;40.420271;NA;NA
4321;-3.718473;40.420374;NA;NA
4322;-3.718119;40.421087;NA;NA
4323;-3.720214;40.418403;NA;NA
4324;-3.720530;40.418921;NA;NA
4325;-3.718998;40.413992;NA;NA
4326;-3.721088;40.412937;NA;NA
4327;-3.722851;40.413933;NA;NA
4328;-3.717282;40.412966;NA;NA
4329;-3.718268;40.413886;NA;NA
4330;-3.716810;40.414575;NA;NA
4331;-3.720782;40.415153;NA;NA
4337;-3.719273;40.435584;NA;NA
4338;-3.718790;40.434225;NA;NA
4339;-3.718769;40.434068;NA;NA
4340;-3.720844;40.434385;NA;NA
4341;-3.717999;40.433138;NA;NA
4342;-3.717416;40.433189;NA;NA
4343;-3.716648;40.431097;NA;NA
4345;-3.717192;40.430282;NA;NA
4346;-3.716460;40.430972;NA;NA
4347;-3.716873;40.430483;NA;NA
4348;-3.715641;40.429626;NA;NA
4349;-3.714436;40.428147;NA;NA
4350;-3.715221;40.429249;NA;NA
4351;-3.714817;40.428550;NA;NA
4352;-3.714837;40.427186;NA;NA
4353;-3.712459;40.425439;NA;NA
4354;-3.712910;40.425897;NA;NA
4355;-3.713400;40.426078;NA;NA
4356;-3.718354;40.434812;NA;NA
4357;-3.718443;40.434887;NA;NA
4358;-3.721343;40.431616;NA;NA
4359;-3.721913;40.430895;NA;NA
4360;-3.722695;40.429933;NA;NA
4361;-3.721232;40.428996;NA;NA
4362;-3.722983;40.429092;NA;NA
4363;-3.720760;40.429241;NA;NA
4364;-3.719957;40.427103;NA;NA
4365;-3.717043;40.428026;NA;NA
4366;-3.718705;40.427303;NA;NA
4367;-3.715465;40.425245;NA;NA
4369;-3.716958;40.434442;NA;NA
4370;-3.717843;40.429353;NA;NA
4371;-3.718620;40.429920;NA;NA
4372;-3.717708;40.426387;NA;NA
4373;-3.721108;40.436063;NA;NA
4375;-3.716681;40.436563;NA;NA
4376;-3.718248;40.433306;NA;NA
4377;-3.717651;40.426495;NA;NA
4379;-3.713087;40.436186;NA;NA
4381;-3.714057;40.435345;NA;NA
4382;-3.712962;40.430245;NA;NA
4383;-3.707148;40.429815;NA;NA
4384;-3.712404;40.430307;NA;NA
4385;-3.715478;40.430531;NA;NA
4386;-3.707831;40.429742;NA;NA
4387;-3.709368;40.429008;NA;NA
4388;-3.709884;40.430038;NA;NA
4389;-3.710392;40.429998;NA;NA
4390;-3.706103;40.428760;NA;NA
4391;-3.712369;40.429572;NA;NA
4392;-3.706187;40.428149;NA;NA
4393;-3.707442;40.425164;NA;NA
4394;-3.707572;40.425581;NA;NA
4395;-3.707463;40.423270;NA;NA
4397;-3.706065;40.429660;NA;NA
4398;-3.705495;40.429528;NA;NA
4400;-3.704571;40.429368;NA;NA
4402;-3.714131;40.430194;NA;NA
4403;-3.705509;40.434939;NA;NA
4404;-3.704329;40.434803;NA;NA
4405;-3.700402;40.434560;NA;NA
4406;-3.703850;40.432571;NA;NA
4407;-3.702157;40.431117;NA;NA
4408;-3.704733;40.432438;NA;NA
4409;-3.704292;40.435873;NA;NA
4410;-3.702713;40.429891;NA;NA
4411;-3.700760;40.430016;NA;NA
4412;-3.699636;40.429220;NA;NA
4413;-3.700072;40.428599;NA;NA
4414;-3.702920;40.433945;NA;NA
4415;-3.701338;40.434280;NA;NA
4416;-3.703058;40.432253;NA;NA
4417;-3.701575;40.428848;NA;NA
4418;-3.705311;40.431049;NA;NA
4419;-3.709509;40.438852;NA;NA
4421;-3.706469;40.438742;NA;NA
4422;-3.708877;40.431768;NA;NA
4423;-3.709763;40.432900;NA;NA
4425;-3.707606;40.433881;NA;NA
4426;-3.691282;40.436324;NA;NA
4427;-3.695012;40.435077;NA;NA
4428;-3.694655;40.435045;NA;NA
4429;-3.689624;40.433041;NA;NA
4430;-3.695925;40.432753;NA;NA
4431;-3.692994;40.432876;NA;NA
4432;-3.691701;40.432195;NA;NA
4433;-3.702030;40.438566;NA;NA
4434;-3.700092;40.434584;NA;NA
4436;-3.690353;40.437393;NA;NA
4437;-3.691022;40.439209;NA;NA
4438;-3.691052;40.435141;NA;NA
4439;-3.699678;40.437151;NA;NA
4440;-3.698186;40.433645;NA;NA
4441;-3.697335;40.438338;NA;NA
4442;-3.692784;40.438115;NA;NA
4443;-3.688729;40.437980;NA;NA
4444;-3.689538;40.436425;NA;NA
4445;-3.696489;40.435312;NA;NA
4446;-3.696695;40.435032;NA;NA
4447;-3.693025;40.435086;NA;NA
4448;-3.691245;40.434172;NA;NA
4449;-3.691312;40.433972;NA;NA
4450;-3.694730;40.432809;NA;NA
4451;-3.691014;40.436521;NA;NA
4452;-3.689830;40.435218;NA;NA
4453;-3.698003;40.434948;NA;NA
4454;-3.704071;40.443143;NA;NA
4455;-3.699292;40.441938;NA;NA
4456;-3.702250;40.442047;NA;NA
4457;-3.695922;40.442652;NA;NA
4458;-3.695267;40.441693;NA;NA
4459;-3.694832;40.442537;NA;NA
4460;-3.693161;40.441367;NA;NA
4461;-3.691402;40.439857;NA;NA
4462;-3.691748;40.442451;NA;NA
4464;-3.701221;40.440689;NA;NA
4465;-3.691941;40.440975;NA;NA
4466;-3.691945;40.441338;NA;NA
4467;-3.692067;40.441123;NA;NA
4468;-3.692436;40.441279;NA;NA
4469;-3.691610;40.440408;NA;NA
4470;-3.718104;40.440807;NA;NA
4471;-3.716698;40.439792;NA;NA
4472;-3.708541;40.445160;NA;NA
4473;-3.712500;40.443387;NA;NA
4475;-3.712770;40.439933;NA;NA
4476;-3.716043;40.448523;NA;NA
4477;-3.717020;40.448070;NA;NA
4479;-3.724607;40.424076;NA;NA
4480;-3.727765;40.426821;NA;NA
4481;-3.728454;40.427676;NA;NA
4483;-3.733610;40.433325;NA;NA
4484;-3.732935;40.432426;NA;NA
4485;-3.731526;40.434883;NA;NA
4486;-3.735778;40.435917;NA;NA
4487;-3.737539;40.434358;NA;NA
4488;-3.736714;40.434123;NA;NA
4489;-3.731865;40.436852;NA;NA
4490;-3.731338;40.435713;NA;NA
4491;-3.732545;40.438533;NA;NA
4495;-3.705555;40.456605;NA;NA
4496;-3.706130;40.456592;NA;NA
4497;-3.706939;40.456661;NA;NA
4498;-3.709428;40.456994;NA;NA
4500;-3.710836;40.458559;NA;NA
4501;-3.711771;40.457183;NA;NA
4502;-3.712389;40.457753;NA;NA
4503;-3.712735;40.458843;NA;NA
4504;-3.713539;40.457962;NA;NA
4505;-3.712608;40.457644;NA;NA
4506;-3.714907;40.458391;NA;NA
4507;-3.714402;40.458163;NA;NA
4508;-3.715475;40.458500;NA;NA
4509;-3.716635;40.458927;NA;NA
4510;-3.717933;40.459261;NA;NA
4511;-3.719689;40.460576;NA;NA
4512;-3.720177;40.463552;NA;NA
4513;-3.712932;40.455528;NA;NA
4514;-3.712470;40.456022;NA;NA
4515;-3.713092;40.454642;NA;NA
4516;-3.714672;40.454190;NA;NA
4517;-3.712926;40.453584;NA;NA
4518;-3.712484;40.453508;NA;NA
4519;-3.711958;40.452871;NA;NA
4520;-3.712373;40.452606;NA;NA
4521;-3.711157;40.451447;NA;NA
4522;-3.710345;40.452464;NA;NA
4523;-3.710404;40.452418;NA;NA
4524;-3.714230;40.454096;NA;NA
4525;-3.714225;40.454010;NA;NA
4526;-3.714447;40.452828;NA;NA
4527;-3.713071;40.452933;NA;NA
4528;-3.708706;40.452763;NA;NA
4529;-3.707906;40.462618;NA;NA
4530;-3.709103;40.463404;NA;NA
4531;-3.709691;40.464759;NA;NA
4532;-3.710139;40.465154;NA;NA
4533;-3.710961;40.466983;NA;NA
4534;-3.711122;40.466096;NA;NA
4535;-3.707601;40.463104;NA;NA
4536;-3.706855;40.462689;NA;NA
4537;-3.713628;40.456582;NA;NA
4538;-3.712096;40.454863;NA;NA
4539;-3.710327;40.456162;NA;NA
4540;-3.709023;40.456966;NA;NA
4543;-3.708181;40.467589;NA;NA
4545;-3.710684;40.469953;NA;NA
4546;-3.710154;40.471388;NA;NA
4547;-3.727016;40.412986;NA;NA
4548;-3.712606;40.471372;NA;NA
4549;-3.712186;40.472516;NA;NA
4550;-3.711260;40.473008;NA;NA
4551;-3.711503;40.474045;NA;NA
4552;-3.711577;40.473967;NA;NA
4553;-3.709783;40.475621;NA;NA
4554;-3.711032;40.472239;NA;NA
4555;-3.712055;40.477443;NA;NA
4556;-3.712586;40.476458;NA;NA
4557;-3.711381;40.475770;NA;NA
4558;-3.699456;40.475128;NA;NA
4559;-3.699578;40.476027;NA;NA
4560;-3.700721;40.475291;NA;NA
4561;-3.701181;40.476459;NA;NA
4562;-3.701142;40.476354;NA;NA
4563;-3.703087;40.472787;NA;NA
4564;-3.703008;40.475691;NA;NA
4565;-3.702752;40.477055;NA;NA
4566;-3.703754;40.477752;NA;NA
4567;-3.705159;40.476558;NA;NA
4568;-3.705221;40.476579;NA;NA
4569;-3.708316;40.475892;NA;NA
4572;-3.697352;40.474843;NA;NA
4573;-3.697489;40.474699;NA;NA
4574;-3.700769;40.473063;NA;NA
4575;-3.699026;40.471877;NA;NA
4576;-3.700519;40.472818;NA;NA
4577;-3.697238;40.470702;NA;NA
4578;-3.692685;40.467571;NA;NA
4579;-3.694687;40.468720;NA;NA
4580;-3.693096;40.467443;NA;NA
4581;-3.690358;40.466635;NA;NA
4582;-3.691754;40.467309;NA;NA
4585;-3.686830;40.476348;NA;NA
4586;-3.685335;40.474879;NA;NA
4587;-3.685599;40.474858;NA;NA
4588;-3.685837;40.474169;NA;NA
4589;-3.686946;40.473332;NA;NA
4590;-3.687160;40.474954;NA;NA
4591;-3.687306;40.474430;NA;NA
4592;-3.690106;40.475950;NA;NA
4593;-3.687842;40.475258;NA;NA
4594;-3.688486;40.474363;NA;NA
4595;-3.690432;40.474471;NA;NA
4596;-3.690555;40.474574;NA;NA
4597;-3.690608;40.474518;NA;NA
4598;-3.687175;40.479840;NA;NA
4599;-3.687107;40.479723;NA;NA
4600;-3.688138;40.479889;NA;NA
4601;-3.688284;40.479854;NA;NA
4602;-3.688768;40.480005;NA;NA
4603;-3.689886;40.479283;NA;NA
4604;-3.690313;40.479265;NA;NA
4605;-3.690377;40.476933;NA;NA
4606;-3.690282;40.476958;NA;NA
4607;-3.690046;40.476486;NA;NA
4608;-3.683281;40.480846;NA;NA
4609;-3.683123;40.480235;NA;NA
4610;-3.684657;40.480423;NA;NA
4611;-3.684071;40.477445;NA;NA
4612;-3.683776;40.476412;NA;NA
4614;-3.684551;40.475138;NA;NA
4615;-3.684174;40.473689;NA;NA
4616;-3.685712;40.472819;NA;NA
4617;-3.686201;40.473986;NA;NA
4618;-3.686797;40.469435;NA;NA
4619;-3.686442;40.467738;NA;NA
4620;-3.687628;40.467799;NA;NA
4621;-3.684582;40.471217;NA;NA
4622;-3.684405;40.470195;NA;NA
4623;-3.677844;40.441732;NA;NA
4624;-3.675050;40.441582;NA;NA
4625;-3.675429;40.443214;NA;NA
4626;-3.673440;40.444627;NA;NA
4627;-3.670277;40.446634;NA;NA
4628;-3.670923;40.446248;NA;NA
4629;-3.669301;40.447361;NA;NA
4630;-3.668758;40.447847;NA;NA
4631;-3.667777;40.448385;NA;NA
4632;-3.667240;40.448723;NA;NA
4633;-3.666057;40.448630;NA;NA
4634;-3.668546;40.442338;NA;NA
4635;-3.666853;40.442317;NA;NA
4636;-3.665973;40.443045;NA;NA
4637;-3.667380;40.443950;NA;NA
4638;-3.666790;40.445708;NA;NA
4639;-3.666516;40.446703;NA;NA
4640;-3.667222;40.446406;NA;NA
4641;-3.668852;40.449840;NA;NA
4642;-3.667595;40.451670;NA;NA
4643;-3.667117;40.450098;NA;NA
4644;-3.674836;40.448652;NA;NA
4645;-3.674006;40.449089;NA;NA
4647;-3.668662;40.444412;NA;NA
4648;-3.672085;40.441169;NA;NA
4649;-3.673089;40.440456;NA;NA
4650;-3.674489;40.440701;NA;NA
4651;-3.670040;40.435573;NA;NA
4652;-3.670196;40.434920;NA;NA
4653;-3.670468;40.433577;NA;NA
4654;-3.671442;40.432575;NA;NA
4655;-3.668747;40.432068;NA;NA
4656;-3.666324;40.432383;NA;NA
4657;-3.666063;40.432374;NA;NA
4658;-3.665198;40.432579;NA;NA
4659;-3.663268;40.433533;NA;NA
4661;-3.664970;40.436102;NA;NA
4662;-3.664042;40.435440;NA;NA
4663;-3.663422;40.442012;NA;NA
4664;-3.664467;40.441012;NA;NA
4665;-3.662985;40.440424;NA;NA
4666;-3.662936;40.439937;NA;NA
4667;-3.663527;40.438073;NA;NA
4668;-3.663379;40.438205;NA;NA
4669;-3.666410;40.435745;NA;NA
4670;-3.661038;40.439222;NA;NA
4671;-3.662095;40.438605;NA;NA
4672;-3.662927;40.436450;NA;NA
4673;-3.661160;40.436173;NA;NA
4674;-3.662260;40.435221;NA;NA
4675;-3.659506;40.435097;NA;NA
4676;-3.661157;40.434377;NA;NA
4677;-3.661157;40.434736;NA;NA
4678;-3.661638;40.432094;NA;NA
4679;-3.661674;40.440874;NA;NA
4680;-3.659977;40.440894;NA;NA
4681;-3.662347;40.440839;NA;NA
4682;-3.670798;40.431878;NA;NA
4683;-3.670564;40.435640;NA;NA
4684;-3.670435;40.433288;NA;NA
4686;-3.672211;40.438035;NA;NA
4687;-3.671490;40.440822;NA;NA
4688;-3.715716;40.403712;NA;NA
4689;-3.717150;40.404348;NA;NA
4690;-3.719552;40.404156;NA;NA
4691;-3.720209;40.403272;NA;NA
4692;-3.721935;40.403811;NA;NA
4693;-3.717925;40.411821;NA;NA
4695;-3.717504;40.410017;NA;NA
4696;-3.717896;40.409894;NA;NA
4697;-3.712286;40.405068;NA;NA
4698;-3.713476;40.407233;NA;NA
4699;-3.713734;40.405058;NA;NA
4700;-3.712196;40.405720;NA;NA
4701;-3.712718;40.404164;NA;NA
4702;-3.715134;40.401937;NA;NA
4703;-3.711811;40.399943;NA;NA
4704;-3.711519;40.398734;NA;NA
4706;-3.712850;40.400544;NA;NA
4707;-3.706347;40.412975;NA;NA
4709;-3.707840;40.412247;NA;NA
4710;-3.709668;40.411355;NA;NA
4711;-3.708651;40.411025;NA;NA
4712;-3.709768;40.409548;NA;NA
4713;-3.712624;40.413875;NA;NA
4714;-3.710517;40.413541;NA;NA
4715;-3.709094;40.413711;NA;NA
4716;-3.708049;40.414360;NA;NA
4717;-3.708088;40.413618;NA;NA
4718;-3.704871;40.413165;NA;NA
4719;-3.720684;40.473894;NA;NA
4720;-3.721157;40.474278;NA;NA
4722;-3.720236;40.472073;NA;NA
4723;-3.721228;40.472330;NA;NA
4725;-3.719608;40.470220;NA;NA
4726;-3.719064;40.469859;NA;NA
4727;-3.719536;40.466226;NA;NA
4728;-3.718335;40.466038;NA;NA
4729;-3.719509;40.464706;NA;NA
4730;-3.718699;40.470835;NA;NA
4731;-3.714580;40.470391;NA;NA
4732;-3.714986;40.469597;NA;NA
4733;-3.715682;40.469971;NA;NA
4734;-3.712310;40.467695;NA;NA
4737;-3.717435;40.473161;NA;NA
4738;-3.718120;40.473217;NA;NA
4739;-3.753719;40.399708;NA;NA
4740;-3.745582;40.400560;NA;NA
4741;-3.743635;40.400829;NA;NA
4742;-3.744638;40.399902;NA;NA
4743;-3.744554;40.399966;NA;NA
4744;-3.744172;40.398244;NA;NA
4745;-3.744678;40.399020;NA;NA
4746;-3.743904;40.396686;NA;NA
4747;-3.742639;40.395694;NA;NA
4748;-3.744878;40.395047;NA;NA
4749;-3.742946;40.394642;NA;NA
4750;-3.741479;40.393417;NA;NA
4751;-3.739882;40.393790;NA;NA
4752;-3.741611;40.392467;NA;NA
4753;-3.738551;40.394516;NA;NA
4754;-3.738273;40.395409;NA;NA
4755;-3.747522;40.395582;NA;NA
4756;-3.737348;40.396200;NA;NA
4758;-3.742962;40.391180;NA;NA
4759;-3.744756;40.401414;NA;NA
4760;-3.745299;40.404086;NA;NA
4761;-3.745229;40.405562;NA;NA
4762;-3.746468;40.404333;NA;NA
4763;-3.748937;40.403723;NA;NA
4764;-3.746821;40.404772;NA;NA
4765;-3.747728;40.404567;NA;NA
4766;-3.751297;40.404405;NA;NA
4767;-3.749966;40.404150;NA;NA
4768;-3.749896;40.404138;NA;NA
4769;-3.751299;40.403567;NA;NA
4770;-3.753002;40.405100;NA;NA
4771;-3.753552;40.405908;NA;NA
4772;-3.753154;40.405670;NA;NA
4773;-3.713794;40.385160;NA;NA
4774;-3.708934;40.385506;NA;NA
4775;-3.701018;40.387103;NA;NA
4776;-3.711264;40.383564;NA;NA
4777;-3.712383;40.385878;NA;NA
4779;-3.701120;40.389556;NA;NA
4780;-3.698729;40.388743;NA;NA
4781;-3.711296;40.383438;NA;NA
4782;-3.710302;40.382822;NA;NA
4783;-3.695364;40.378958;NA;NA
4784;-3.695854;40.384304;NA;NA
4785;-3.696180;40.385395;NA;NA
4786;-3.696611;40.385686;NA;NA
4787;-3.701461;40.389990;NA;NA
4788;-3.700460;40.389124;NA;NA
4789;-3.700558;40.390148;NA;NA
4790;-3.702994;40.391168;NA;NA
4791;-3.702995;40.391638;NA;NA
4792;-3.703830;40.392424;NA;NA
4793;-3.705000;40.392546;NA;NA
4794;-3.697849;40.382280;NA;NA
4795;-3.696193;40.379989;NA;NA
4796;-3.696164;40.380068;NA;NA
4797;-3.696158;40.380798;NA;NA
4798;-3.695687;40.381730;NA;NA
4799;-3.700342;40.388859;NA;NA
4802;-3.697041;40.381033;NA;NA
4803;-3.697937;40.383163;NA;NA
4804;-3.694720;40.374755;NA;NA
4805;-3.694293;40.376956;NA;NA
4806;-3.696101;40.377297;NA;NA
4807;-3.711238;40.382105;NA;NA
4808;-3.693310;40.359747;NA;NA
4809;-3.693282;40.357802;NA;NA
4810;-3.693019;40.350234;NA;NA
4811;-3.695691;40.350921;NA;NA
4812;-3.697366;40.350163;NA;NA
4813;-3.698755;40.350352;NA;NA
4817;-3.698746;40.349558;NA;NA
4818;-3.700146;40.348949;NA;NA
4819;-3.700692;40.349642;NA;NA
4820;-3.693319;40.361491;NA;NA
4821;-3.693816;40.360972;NA;NA
4822;-3.693831;40.362694;NA;NA
4823;-3.693691;40.362974;NA;NA
4824;-3.695323;40.364313;NA;NA
4825;-3.694092;40.367573;NA;NA
4826;-3.694276;40.367802;NA;NA
4827;-3.695249;40.369160;NA;NA
4828;-3.694655;40.360873;NA;NA
4829;-3.694314;40.369720;NA;NA
4830;-3.695270;40.367021;NA;NA
4831;-3.693356;40.364361;NA;NA
4832;-3.692221;40.352028;NA;NA
4833;-3.688489;40.353805;NA;NA
4834;-3.688357;40.354758;NA;NA
4835;-3.689455;40.354831;NA;NA
4836;-3.690138;40.353303;NA;NA
4837;-3.693150;40.368399;NA;NA
4838;-3.692258;40.349994;NA;NA
4839;-3.703315;40.350145;NA;NA
4840;-3.704422;40.349198;NA;NA
4841;-3.706535;40.350529;NA;NA
4842;-3.706717;40.344897;NA;NA
4843;-3.717632;40.342937;NA;NA
4845;-3.716975;40.343260;NA;NA
4846;-3.717808;40.342308;NA;NA
4847;-3.716507;40.345603;NA;NA
4848;-3.715824;40.347230;NA;NA
4849;-3.705014;40.350831;NA;NA
4850;-3.705681;40.349819;NA;NA
4851;-3.705476;40.350084;NA;NA
4852;-3.707253;40.349489;NA;NA
4853;-3.702458;40.347588;NA;NA
4854;-3.702975;40.347178;NA;NA
4855;-3.703007;40.347163;NA;NA
4856;-3.703729;40.347425;NA;NA
4857;-3.775538;40.452515;NA;NA
4858;-3.771691;40.451317;NA;NA
4859;-3.780158;40.460438;NA;NA
4860;-3.779883;40.460507;NA;NA
4861;-3.780266;40.460707;NA;NA
4862;-3.784031;40.461240;NA;NA
4863;-3.784084;40.460710;NA;NA
4865;-3.784358;40.461089;NA;NA
4866;-3.783965;40.461353;NA;NA
4867;-3.790421;40.457734;NA;NA
4868;-3.793131;40.455164;NA;NA
4869;-3.779959;40.454236;NA;NA
4870;-3.780306;40.453586;NA;NA
4871;-3.778760;40.453642;NA;NA
4872;-3.779267;40.452846;NA;NA
4873;-3.778177;40.452501;NA;NA
4874;-3.780809;40.452493;NA;NA
4875;-3.780738;40.452439;NA;NA
4876;-3.779381;40.453394;NA;NA
4877;-3.779030;40.451264;NA;NA
4878;-3.791521;40.461273;NA;NA
4879;-3.789763;40.461517;NA;NA
4880;-3.789908;40.460492;NA;NA
4881;-3.788638;40.459478;NA;NA
4882;-3.783165;40.455856;NA;NA
4883;-3.785388;40.454831;NA;NA
4884;-3.776604;40.452442;NA;NA
4885;-3.784842;40.459172;NA;NA
4886;-3.784768;40.458683;NA;NA
4887;-3.785271;40.459042;NA;NA
4888;-3.784140;40.459679;NA;NA
4889;-3.779558;40.459425;NA;NA
4890;-3.777970;40.459970;NA;NA
4891;-3.777270;40.449686;NA;NA
4894;-3.751865;40.396174;NA;NA
4895;-3.760955;40.386223;NA;NA
4896;-3.761146;40.387031;NA;NA
4897;-3.759354;40.387299;NA;NA
4898;-3.758415;40.391086;NA;NA
4899;-3.759490;40.392578;NA;NA
4900;-3.758180;40.393578;NA;NA
4901;-3.757668;40.396051;NA;NA
4902;-3.757346;40.396593;NA;NA
4903;-3.756735;40.397741;NA;NA
4904;-3.757769;40.397560;NA;NA
4906;-3.755369;40.397548;NA;NA
4907;-3.763477;40.398061;NA;NA
4908;-3.763682;40.398084;NA;NA
4909;-3.758980;40.385034;NA;NA
4910;-3.758995;40.384969;NA;NA
4912;-3.751617;40.390433;NA;NA
4913;-3.760154;40.386546;NA;NA
4914;-3.758372;40.389740;NA;NA
4915;-3.760801;40.392636;NA;NA
4916;-3.758253;40.392608;NA;NA
4917;-3.758281;40.392257;NA;NA
4918;-3.759675;40.401245;NA;NA
4919;-3.759809;40.401382;NA;NA
4920;-3.759523;40.401275;NA;NA
4921;-3.759650;40.401600;NA;NA
4922;-3.752935;40.376881;NA;NA
4923;-3.747398;40.375479;NA;NA
4925;-3.742214;40.373666;NA;NA
4926;-3.738383;40.373753;NA;NA
4927;-3.738835;40.374379;NA;NA
4928;-3.757889;40.382164;NA;NA
4929;-3.735834;40.374660;NA;NA
4930;-3.735821;40.373787;NA;NA
4931;-3.735106;40.372670;NA;NA
4932;-3.731933;40.373532;NA;NA
4933;-3.734898;40.373812;NA;NA
4934;-3.750803;40.375594;NA;NA
4935;-3.748838;40.377597;NA;NA
4938;-3.747213;40.372480;NA;NA
4940;-3.721765;40.373397;NA;NA
4941;-3.721535;40.373600;NA;NA
4942;-3.719795;40.374895;NA;NA
4943;-3.717515;40.373880;NA;NA
4944;-3.719661;40.372621;NA;NA
4945;-3.728440;40.373187;NA;NA
4946;-3.726232;40.372928;NA;NA
4947;-3.725001;40.373476;NA;NA
4948;-3.749279;40.377087;NA;NA
4949;-3.749306;40.377108;NA;NA
4950;-3.743805;40.373378;NA;NA
4951;-3.743027;40.372981;NA;NA
4952;-3.739422;40.373790;NA;NA
4953;-3.747724;40.378606;NA;NA
4954;-3.722636;40.373603;NA;NA
4955;-3.719790;40.374040;NA;NA
4956;-3.753168;40.372410;NA;NA
4957;-3.747838;40.373252;NA;NA
4958;-3.739065;40.377227;NA;NA
4959;-3.739628;40.377178;NA;NA
4960;-3.757621;40.382233;NA;NA
4961;-3.715599;40.373499;NA;NA
4962;-3.712283;40.372263;NA;NA
4963;-3.710719;40.372966;NA;NA
4964;-3.710611;40.372634;NA;NA
4965;-3.705853;40.371561;NA;NA
4966;-3.704511;40.370985;NA;NA
4967;-3.703017;40.372247;NA;NA
4968;-3.700983;40.371087;NA;NA
4969;-3.700672;40.370752;NA;NA
4970;-3.699594;40.370730;NA;NA
4971;-3.697924;40.370885;NA;NA
4972;-3.695077;40.370860;NA;NA
4973;-3.695813;40.370805;NA;NA
4974;-3.696082;40.371864;NA;NA
4975;-3.695265;40.369073;NA;NA
4976;-3.696222;40.370311;NA;NA
4977;-3.712340;40.374687;NA;NA
4978;-3.712542;40.375487;NA;NA
4979;-3.696569;40.370916;NA;NA
4980;-3.696305;40.370312;NA;NA
4981;-3.696183;40.369801;NA;NA
4982;-3.696440;40.368103;NA;NA
4983;-3.698122;40.365335;NA;NA
4984;-3.697850;40.365898;NA;NA
4985;-3.711719;40.373157;NA;NA
4986;-3.709007;40.372500;NA;NA
4987;-3.702728;40.371073;NA;NA
4988;-3.711660;40.378736;NA;NA
4989;-3.708760;40.378970;NA;NA
4992;-3.712511;40.369014;NA;NA
4993;-3.702739;40.358705;NA;NA
4994;-3.701838;40.383108;NA;NA
4995;-3.701359;40.382542;NA;NA
4996;-3.700762;40.383166;NA;NA
4997;-3.700650;40.383149;NA;NA
4998;-3.714179;40.364460;NA;NA
4999;-3.714100;40.364516;NA;NA
5000;-3.715612;40.368986;NA;NA
5001;-3.722662;40.414044;NA;NA
5002;-3.726391;40.413931;NA;NA
5003;-3.726113;40.413888;NA;NA
5004;-3.727585;40.413773;NA;NA
5005;-3.728173;40.413652;NA;NA
5006;-3.730393;40.412921;NA;NA
5007;-3.731629;40.412467;NA;NA
5008;-3.736880;40.410595;NA;NA
5009;-3.739816;40.409423;NA;NA
5010;-3.724139;40.414880;NA;NA
5011;-3.724920;40.414724;NA;NA
5012;-3.726991;40.412634;NA;NA
5013;-3.726735;40.410919;NA;NA
5014;-3.729812;40.407820;NA;NA
5015;-3.729866;40.405525;NA;NA
5016;-3.726001;40.411792;NA;NA
5017;-3.730890;40.406730;NA;NA
5018;-3.729350;40.414282;NA;NA
5019;-3.730516;40.412252;NA;NA
5020;-3.738890;40.409322;NA;NA
5021;-3.730843;40.412833;NA;NA
5022;-3.733802;40.411740;NA;NA
5023;-3.734728;40.411312;NA;NA
5024;-3.737786;40.410176;NA;NA
5029;-3.741530;40.407335;NA;NA
5030;-3.730377;40.406145;NA;NA
5031;-3.738074;40.410336;NA;NA
5032;-3.736740;40.410774;NA;NA
5033;-3.736327;40.410528;NA;NA
5034;-3.734971;40.411083;NA;NA
5035;-3.730705;40.413040;NA;NA
5036;-3.739720;40.384510;NA;NA
5037;-3.722063;40.394306;NA;NA
5038;-3.723084;40.393813;NA;NA
5039;-3.725618;40.392351;NA;NA
5040;-3.722142;40.394326;NA;NA
5041;-3.727962;40.390996;NA;NA
5042;-3.727709;40.391221;NA;NA
5043;-3.729923;40.389691;NA;NA
5044;-3.730886;40.389032;NA;NA
5045;-3.733895;40.387126;NA;NA
5046;-3.733338;40.387438;NA;NA
5047;-3.735890;40.385819;NA;NA
5048;-3.738172;40.384942;NA;NA
5049;-3.738291;40.384937;NA;NA
5050;-3.739834;40.384464;NA;NA
5051;-3.740560;40.383890;NA;NA
5052;-3.741663;40.383067;NA;NA
5053;-3.743076;40.382397;NA;NA
5054;-3.735979;40.385722;NA;NA
5055;-3.734521;40.386135;NA;NA
5056;-3.729866;40.389469;NA;NA
5057;-3.723844;40.392737;NA;NA
5058;-3.727149;40.392223;NA;NA
5059;-3.729385;40.390786;NA;NA
5060;-3.737614;40.385646;NA;NA
5061;-3.731008;40.388222;NA;NA
5063;-3.727090;40.386028;NA;NA
5064;-3.724978;40.385622;NA;NA
5065;-3.723155;40.385356;NA;NA
5067;-3.720835;40.385224;NA;NA
5068;-3.720930;40.384222;NA;NA
5069;-3.715350;40.385187;NA;NA
5070;-3.728186;40.385249;NA;NA
5071;-3.723756;40.384705;NA;NA
5072;-3.674146;40.402078;NA;NA
5073;-3.673468;40.400564;NA;NA
5074;-3.675905;40.401769;NA;NA
5075;-3.723421;40.386271;NA;NA
5076;-3.723368;40.386298;NA;NA
5077;-3.725729;40.387286;NA;NA
5078;-3.722337;40.386851;NA;NA
5079;-3.722585;40.384542;NA;NA
5080;-3.681569;40.407024;NA;NA
5081;-3.679327;40.435804;NA;NA
5082;-3.678790;40.424951;NA;NA
5083;-3.721347;40.384647;NA;NA
5084;-3.717954;40.383668;NA;NA
5085;-3.717120;40.386566;NA;NA
5087;-3.716746;40.387693;NA;NA
5088;-3.716301;40.386854;NA;NA
5089;-3.721805;40.385374;NA;NA
5090;-3.719215;40.384355;NA;NA
5091;-3.719701;40.384225;NA;NA
5092;-3.721932;40.383021;NA;NA
5093;-3.729333;40.387140;NA;NA
5094;-3.716056;40.389144;NA;NA
5095;-3.697609;40.398746;NA;NA
5096;-3.697286;40.397844;NA;NA
5097;-3.689506;40.387287;NA;NA
5098;-3.716464;40.389132;NA;NA
5099;-3.740967;40.388681;NA;NA
5100;-3.741169;40.388610;NA;NA
5101;-3.743244;40.388234;NA;NA
5102;-3.743119;40.388224;NA;NA
5103;-3.703845;40.395757;NA;NA
5104;-3.699721;40.405869;NA;NA
5105;-3.733596;40.389331;NA;NA
5106;-3.740129;40.388267;NA;NA
5107;-3.740109;40.389278;NA;NA
5108;-3.742664;40.387613;NA;NA
5109;-3.742381;40.386752;NA;NA
5110;-3.744400;40.388853;NA;NA
5111;-3.745650;40.385172;NA;NA
5112;-3.748085;40.384727;NA;NA
5113;-3.747504;40.383075;NA;NA
5114;-3.738706;40.389127;NA;NA
5115;-3.735729;40.390239;NA;NA
5116;-3.720807;40.415313;NA;NA
5117;-3.715902;40.413922;NA;NA
5118;-3.734927;40.390394;NA;NA
5119;-3.742110;40.387564;NA;NA
5120;-3.741233;40.386149;NA;NA
5121;-3.740178;40.385279;NA;NA
5122;-3.741247;40.386206;NA;NA
5123;-3.743354;40.390649;NA;NA
5124;-3.743276;40.390840;NA;NA
5125;-3.737441;40.389482;NA;NA
5126;-3.737430;40.389221;NA;NA
5127;-3.746208;40.385149;NA;NA
5128;-3.747810;40.382879;NA;NA
5130;-3.714538;40.430511;NA;NA
5131;-3.744404;40.386182;NA;NA
5132;-3.735022;40.375293;NA;NA
5133;-3.733813;40.376378;NA;NA
5134;-3.735115;40.376339;NA;NA
5135;-3.727601;40.381176;NA;NA
5136;-3.726369;40.382217;NA;NA
5137;-3.724813;40.383433;NA;NA
5138;-3.722829;40.384457;NA;NA
5139;-3.723825;40.384629;NA;NA
5140;-3.725967;40.381038;NA;NA
5141;-3.733248;40.378412;NA;NA
5142;-3.716219;40.453450;NA;NA
5143;-3.712808;40.454284;NA;NA
5144;-3.733753;40.378923;NA;NA
5145;-3.732835;40.379994;NA;NA
5146;-3.732084;40.380086;NA;NA
5147;-3.733358;40.376642;NA;NA
5148;-3.733390;40.376664;NA;NA
5149;-3.766142;40.397246;NA;NA
5150;-3.764487;40.395539;NA;NA
5151;-3.768464;40.391183;NA;NA
5152;-3.767177;40.391516;NA;NA
5153;-3.763174;40.386778;NA;NA
5154;-3.763069;40.385211;NA;NA
5155;-3.759866;40.384148;NA;NA
5156;-3.761366;40.385878;NA;NA
5157;-3.764880;40.385066;NA;NA
5158;-3.766373;40.384011;NA;NA
5159;-3.765688;40.383168;NA;NA
5160;-3.771977;40.382518;NA;NA
5161;-3.773566;40.396493;NA;NA
5162;-3.772929;40.396490;NA;NA
5163;-3.774885;40.396139;NA;NA
5164;-3.774217;40.396418;NA;NA
5165;-3.768336;40.399081;NA;NA
5166;-3.765603;40.399043;NA;NA
5167;-3.775626;40.399044;NA;NA
5168;-3.772772;40.399064;NA;NA
5169;-3.764847;40.394097;NA;NA
5170;-3.764593;40.393746;NA;NA
5171;-3.764552;40.393943;NA;NA
5172;-3.771974;40.394129;NA;NA
5173;-3.764594;40.387769;NA;NA
5174;-3.773069;40.399212;NA;NA
5175;-3.773078;40.395205;NA;NA
5176;-3.773020;40.394999;NA;NA
5177;-3.772306;40.394035;NA;NA
5178;-3.767777;40.390730;NA;NA
5179;-3.765280;40.398863;NA;NA
5180;-3.761585;40.385785;NA;NA
5181;-3.766708;40.398979;NA;NA
5182;-3.723099;40.410756;NA;NA
5183;-3.735650;40.405890;NA;NA
5184;-3.732947;40.406203;NA;NA
5185;-3.732400;40.400343;NA;NA
5186;-3.731799;40.399262;NA;NA
5187;-3.733653;40.399523;NA;NA
5188;-3.734134;40.398972;NA;NA
5189;-3.723168;40.411325;NA;NA
5190;-3.728894;40.406550;NA;NA
5191;-3.722839;40.410705;NA;NA
5192;-3.724490;40.404554;NA;NA
5193;-3.724057;40.402708;NA;NA
5194;-3.724066;40.402754;NA;NA
5195;-3.723665;40.403704;NA;NA
5196;-3.724669;40.403928;NA;NA
5197;-3.724778;40.404997;NA;NA
5198;-3.724594;40.402891;NA;NA
5199;-3.626933;40.379861;NA;NA
5200;-3.627317;40.379152;NA;NA
5201;-3.628224;40.378770;NA;NA
5202;-3.621893;40.379943;NA;NA
5203;-3.771951;40.451568;NA;NA
5204;-3.790895;40.460666;NA;NA
5205;-3.620949;40.379677;NA;NA
5206;-3.620403;40.379602;NA;NA
5207;-3.619098;40.378700;NA;NA
5208;-3.618743;40.379150;NA;NA
5209;-3.617139;40.379494;NA;NA
5210;-3.617458;40.379466;NA;NA
5211;-3.605778;40.384401;NA;NA
5212;-3.639212;40.376598;NA;NA
5213;-3.637556;40.376092;NA;NA
5214;-3.639603;40.375510;NA;NA
5215;-3.638286;40.374900;NA;NA
5217;-3.788960;40.458397;NA;NA
5218;-3.787332;40.458406;NA;NA
5219;-3.788850;40.458426;NA;NA
5220;-3.786109;40.456196;NA;NA
5228;-3.639155;40.376608;NA;NA
5229;-3.627964;40.379300;NA;NA
5230;-3.623493;40.382037;NA;NA
5231;-3.624523;40.384648;NA;NA
5232;-3.624747;40.382483;NA;NA
5233;-3.627023;40.383199;NA;NA
5234;-3.625832;40.384326;NA;NA
5235;-3.625142;40.382739;NA;NA
5236;-3.753807;40.363199;NA;NA
5237;-3.752461;40.362226;NA;NA
5238;-3.753951;40.360898;NA;NA
5239;-3.755321;40.362184;NA;NA
5240;-3.743162;40.364630;NA;NA
5241;-3.742594;40.363466;NA;NA
5242;-3.744089;40.362609;NA;NA
5243;-3.744905;40.363350;NA;NA
5244;-3.740096;40.368651;NA;NA
5245;-3.740453;40.383012;NA;NA
5246;-3.742849;40.382958;NA;NA
5247;-3.730306;40.389510;NA;NA
5248;-3.740092;40.366973;NA;NA
5249;-3.741885;40.366474;NA;NA
5250;-3.741483;40.367954;NA;NA
5251;-3.742401;40.367705;NA;NA
5252;-3.742764;40.368778;NA;NA
5253;-3.741672;40.368015;NA;NA
5254;-3.761872;40.364297;NA;NA
5255;-3.729038;40.386840;NA;NA
5256;-3.762020;40.363347;NA;NA
5257;-3.763558;40.363658;NA;NA
5258;-3.763228;40.364735;NA;NA
5259;-3.766030;40.371249;NA;NA
5260;-3.765544;40.369049;NA;NA
5261;-3.766310;40.369030;NA;NA
5262;-3.767406;40.370202;NA;NA
5263;-3.760909;40.365326;NA;NA
5264;-3.759902;40.364338;NA;NA
5265;-3.761082;40.364508;NA;NA
5268;-3.771300;40.365688;NA;NA
5269;-3.776636;40.364986;NA;NA
5270;-3.776985;40.363730;NA;NA
5271;-3.778206;40.363615;NA;NA
5272;-3.747902;40.371819;NA;NA
5273;-3.777672;40.364147;NA;NA
5274;-3.777287;40.364058;NA;NA
5275;-3.717433;40.399089;NA;NA
5277;-3.716861;40.398777;NA;NA
5279;-3.716674;40.398847;NA;NA
5280;-3.717844;40.396630;NA;NA
5281;-3.719679;40.395681;NA;NA
5282;-3.715156;40.396279;NA;NA
5283;-3.720586;40.394711;NA;NA
5284;-3.718913;40.396296;NA;NA
5285;-3.717872;40.397625;NA;NA
5286;-3.714969;40.397368;NA;NA
5287;-3.714218;40.397078;NA;NA
5288;-3.713128;40.396498;NA;NA
5289;-3.712148;40.396095;NA;NA
5290;-3.709340;40.394692;NA;NA
5291;-3.709835;40.395000;NA;NA
5292;-3.713596;40.396551;NA;NA
5293;-3.706871;40.393597;NA;NA
5294;-3.708110;40.394369;NA;NA
5295;-3.708527;40.393186;NA;NA
5296;-3.708208;40.393595;NA;NA
5297;-3.753881;40.364381;NA;NA
5298;-3.753622;40.367476;NA;NA
5299;-3.753374;40.370171;NA;NA
5300;-3.709260;40.392578;NA;NA
5301;-3.708063;40.392761;NA;NA
5302;-3.712921;40.389956;NA;NA
5303;-3.711899;40.389998;NA;NA
5304;-3.764768;40.373029;NA;NA
5305;-3.765783;40.371948;NA;NA
5306;-3.766813;40.373345;NA;NA
5307;-3.765473;40.373854;NA;NA
5308;-3.767708;40.373415;NA;NA
5309;-3.768215;40.372958;NA;NA
5310;-3.769008;40.373617;NA;NA
5311;-3.768139;40.374167;NA;NA
5312;-3.771545;40.374078;NA;NA
5313;-3.773392;40.373638;NA;NA
5314;-3.773949;40.374459;NA;NA
5315;-3.773096;40.374884;NA;NA
5316;-3.776814;40.375129;NA;NA
5317;-3.784132;40.378556;NA;NA
5318;-3.778173;40.375084;NA;NA
5319;-3.780237;40.375469;NA;NA
5320;-3.781357;40.376127;NA;NA
5321;-3.783254;40.377055;NA;NA
5322;-3.783607;40.377387;NA;NA
5323;-3.783412;40.377635;NA;NA
5324;-3.774987;40.374550;NA;NA
5325;-3.782772;40.376572;NA;NA
5326;-3.757585;40.372459;NA;NA
5327;-3.757096;40.371945;NA;NA
5328;-3.771413;40.378158;NA;NA
5329;-3.772481;40.376863;NA;NA
5330;-3.765861;40.378102;NA;NA
5331;-3.766170;40.377032;NA;NA
5332;-3.767701;40.377590;NA;NA
5333;-3.767813;40.381348;NA;NA
5334;-3.767741;40.380137;NA;NA
5335;-3.769106;40.379957;NA;NA
5336;-3.692963;40.371227;NA;NA
5337;-3.692266;40.372734;NA;NA
5338;-3.691566;40.373620;NA;NA
5339;-3.692467;40.374281;NA;NA
5340;-3.692665;40.366743;NA;NA
5341;-3.692110;40.365525;NA;NA
5342;-3.690690;40.363378;NA;NA
5343;-3.690602;40.362150;NA;NA
5344;-3.689726;40.361713;NA;NA
5345;-3.693087;40.368298;NA;NA
5346;-3.692578;40.366823;NA;NA
5347;-3.690906;40.367295;NA;NA
5348;-3.674702;40.348220;NA;NA
5349;-3.676266;40.349731;NA;NA
5350;-3.676559;40.349044;NA;NA
5351;-3.683953;40.361355;NA;NA
5352;-3.684789;40.363612;NA;NA
5354;-3.684250;40.362544;NA;NA
5355;-3.682933;40.360697;NA;NA
5356;-3.677611;40.350658;NA;NA
5357;-3.609025;40.369420;NA;NA
5358;-3.608241;40.368088;NA;NA
5359;-3.610150;40.367982;NA;NA
5360;-3.608205;40.368188;NA;NA
5361;-3.611327;40.369483;NA;NA
5362;-3.607124;40.371674;NA;NA
5363;-3.606713;40.370756;NA;NA
5364;-3.607969;40.370564;NA;NA
5365;-3.608205;40.371427;NA;NA
5366;-3.607443;40.367416;NA;NA
5367;-3.607360;40.367514;NA;NA
5368;-3.604739;40.366487;NA;NA
5369;-3.604807;40.366399;NA;NA
5373;-3.604665;40.366185;NA;NA
5374;-3.603979;40.364908;NA;NA
5375;-3.602161;40.365086;NA;NA
5376;-3.602814;40.366375;NA;NA
5377;-3.600793;40.364277;NA;NA
5378;-3.600006;40.362964;NA;NA
5379;-3.598876;40.364426;NA;NA
5380;-3.598380;40.363218;NA;NA
5381;-3.600391;40.367621;NA;NA
5382;-3.601789;40.367521;NA;NA
5383;-3.602460;40.368583;NA;NA
5384;-3.601221;40.368852;NA;NA
5385;-3.713383;40.332454;NA;NA
5386;-3.711580;40.333714;NA;NA
5387;-3.713539;40.333569;NA;NA
5388;-3.712202;40.334671;NA;NA
5389;-3.710313;40.335831;NA;NA
5390;-3.716137;40.337657;NA;NA
5391;-3.705433;40.339660;NA;NA
5392;-3.706573;40.338893;NA;NA
5393;-3.707192;40.339757;NA;NA
5394;-3.707221;40.343115;NA;NA
5396;-3.707869;40.342054;NA;NA
5397;-3.707064;40.343231;NA;NA
5398;-3.715879;40.342144;NA;NA
5399;-3.713115;40.342068;NA;NA
5400;-3.714067;40.342507;NA;NA
5401;-3.715487;40.334577;NA;NA
5402;-3.715412;40.332809;NA;NA
5403;-3.714518;40.333623;NA;NA
5404;-3.728936;40.459809;NA;NA
5405;-3.730330;40.456668;NA;NA
5406;-3.726235;40.448468;NA;NA
5407;-3.727749;40.447091;NA;NA
5408;-3.729371;40.448079;NA;NA
5409;-3.727343;40.445910;NA;NA
5410;-3.729671;40.456806;NA;NA
5412;-3.727974;40.448075;NA;NA
5414;-3.713064;40.477442;NA;NA
5415;-3.711004;40.477951;NA;NA
5416;-3.711078;40.478031;NA;NA
5417;-3.709456;40.478268;NA;NA
5418;-3.707348;40.478823;NA;NA
5419;-3.705889;40.479010;NA;NA
5420;-3.703041;40.479643;NA;NA
5421;-3.712478;40.478652;NA;NA
5422;-3.712426;40.478721;NA;NA
5423;-3.714285;40.479708;NA;NA
5424;-3.711075;40.480739;NA;NA
5425;-3.711065;40.480634;NA;NA
5426;-3.706876;40.481507;NA;NA
5427;-3.703005;40.482678;NA;NA
5428;-3.700897;40.483337;NA;NA
5429;-3.697983;40.484560;NA;NA
5430;-3.704577;40.480154;NA;NA
5431;-3.704455;40.480216;NA;NA
5432;-3.705752;40.482934;NA;NA
5433;-3.698824;40.483001;NA;NA
5434;-3.703729;40.478264;NA;NA
5435;-3.702865;40.480116;NA;NA
5436;-3.702471;40.479154;NA;NA
5437;-3.711778;40.476805;NA;NA
5438;-3.708877;40.480457;NA;NA
5439;-3.712448;40.480774;NA;NA
5440;-3.713311;40.479756;NA;NA
5441;-3.700378;40.483201;NA;NA
5442;-3.709021;40.481466;NA;NA
5443;-3.705795;40.481438;NA;NA
5444;-3.704444;40.482484;NA;NA
5451;-3.689930;40.460798;NA;NA
5452;-3.690227;40.457683;NA;NA
5453;-3.690423;40.455638;NA;NA
5454;-3.690559;40.454266;NA;NA
5455;-3.690903;40.450742;NA;NA
5456;-3.691171;40.447964;NA;NA
5457;-3.691412;40.445783;NA;NA
5458;-3.691334;40.444214;NA;NA
5459;-3.691086;40.447296;NA;NA
5460;-3.690814;40.450109;NA;NA
5461;-3.690488;40.453478;NA;NA
5462;-3.690374;40.454654;NA;NA
5463;-3.690113;40.457260;NA;NA
5464;-3.689761;40.460955;NA;NA
5465;-3.689110;40.464276;NA;NA
5466;-3.685828;40.458815;NA;NA
5467;-3.685200;40.458783;NA;NA
5468;-3.691201;40.465473;NA;NA
5469;-3.688347;40.458996;NA;NA
5470;-3.692643;40.452181;NA;NA
5471;-3.686615;40.451890;NA;NA
5472;-3.692918;40.446198;NA;NA
5473;-3.689806;40.446245;NA;NA
5474;-3.689091;40.458946;NA;NA
5475;-3.687750;40.458881;NA;NA
5476;-3.686384;40.458791;NA;NA
5477;-3.683995;40.458731;NA;NA
5478;-3.685945;40.458883;NA;NA
5479;-3.687016;40.458947;NA;NA
5480;-3.687985;40.459827;NA;NA
5481;-3.686867;40.457847;NA;NA
5482;-3.685526;40.459506;NA;NA
5483;-3.685630;40.457619;NA;NA
5484;-3.691615;40.452241;NA;NA
5485;-3.693760;40.452207;NA;NA
5486;-3.695396;40.452417;NA;NA
5487;-3.697484;40.452585;NA;NA
5488;-3.700945;40.452717;NA;NA
5489;-3.699074;40.452547;NA;NA
5490;-3.696281;40.452397;NA;NA
5491;-3.693725;40.452275;NA;NA
5492;-3.694969;40.453070;NA;NA
5493;-3.695095;40.451964;NA;NA
5494;-3.697265;40.453094;NA;NA
5495;-3.699311;40.452963;NA;NA
5496;-3.699493;40.451898;NA;NA
5497;-3.684622;40.451140;NA;NA
5498;-3.684001;40.451812;NA;NA
5499;-3.684945;40.453039;NA;NA
5500;-3.687094;40.450623;NA;NA
5501;-3.688096;40.451919;NA;NA
5502;-3.687556;40.450278;NA;NA
5503;-3.688978;40.449015;NA;NA
5504;-3.686599;40.452980;NA;NA
5505;-3.687014;40.455163;NA;NA
5506;-3.687101;40.455010;NA;NA
5507;-3.688125;40.454179;NA;NA
5508;-3.690515;40.458374;NA;NA
5509;-3.690606;40.457428;NA;NA
5510;-3.698121;40.452150;NA;NA
5511;-3.690292;40.460478;NA;NA
5512;-3.690175;40.456665;NA;NA
5513;-3.689688;40.462925;NA;NA
5515;-3.687172;40.466429;NA;NA
5516;-3.685735;40.466762;NA;NA
5517;-3.680660;40.467501;NA;NA
5518;-3.675902;40.467569;NA;NA
5519;-3.673386;40.466802;NA;NA
5520;-3.670449;40.466416;NA;NA
5521;-3.672668;40.466648;NA;NA
5522;-3.676492;40.467774;NA;NA
5523;-3.683211;40.467331;NA;NA
5524;-3.684736;40.467019;NA;NA
5525;-3.687072;40.466522;NA;NA
5526;-3.686466;40.467545;NA;NA
5527;-3.685603;40.465626;NA;NA
5528;-3.684499;40.467657;NA;NA
5529;-3.678952;40.467792;NA;NA
5530;-3.679160;40.466681;NA;NA
5531;-3.677149;40.468856;NA;NA
5532;-3.673781;40.468352;NA;NA
5533;-3.675242;40.465993;NA;NA
5534;-3.672371;40.467145;NA;NA
5535;-3.679077;40.467292;NA;NA
5536;-3.679433;40.465589;NA;NA
5537;-3.680221;40.462591;NA;NA
5538;-3.679402;40.465551;NA;NA
5539;-3.680557;40.463738;NA;NA
5540;-3.674983;40.466510;NA;NA
5541;-3.675688;40.464961;NA;NA
5542;-3.676033;40.463340;NA;NA
5543;-3.676420;40.461450;NA;NA
5544;-3.676690;40.459899;NA;NA
5545;-3.681084;40.458596;NA;NA
5546;-3.677099;40.456547;NA;NA
5547;-3.677439;40.452430;NA;NA
5548;-3.677056;40.455942;NA;NA
5549;-3.676868;40.457480;NA;NA
5551;-3.676444;40.460780;NA;NA
5552;-3.676104;40.462577;NA;NA
5553;-3.675743;40.464303;NA;NA
5554;-3.673980;40.467874;NA;NA
5555;-3.676524;40.465562;NA;NA
5556;-3.675439;40.461967;NA;NA
5557;-3.677681;40.460311;NA;NA
5558;-3.675106;40.460381;NA;NA
5559;-3.679972;40.458504;NA;NA
5560;-3.674956;40.458616;NA;NA
5561;-3.677816;40.457118;NA;NA
5562;-3.678233;40.454369;NA;NA
5563;-3.676270;40.455232;NA;NA
5564;-3.679501;40.460331;NA;NA
5565;-3.684371;40.462356;NA;NA
5566;-3.685441;40.464360;NA;NA
5567;-3.682025;40.460910;NA;NA
5568;-3.680579;40.461413;NA;NA
5569;-3.681522;40.459190;NA;NA
5570;-3.685245;40.461607;NA;NA
5571;-3.681397;40.459472;NA;NA
5572;-3.681294;40.457298;NA;NA
5573;-3.681644;40.455805;NA;NA
5574;-3.681630;40.457764;NA;NA
5575;-3.680831;40.458676;NA;NA
5576;-3.683297;40.458600;NA;NA
5577;-3.680178;40.456702;NA;NA
5578;-3.680793;40.456474;NA;NA
5579;-3.679103;40.456939;NA;NA
5580;-3.679728;40.456115;NA;NA
5581;-3.681504;40.458524;NA;NA
5582;-3.678413;40.458684;NA;NA
5583;-3.680277;40.457786;NA;NA
5584;-3.675984;40.458456;NA;NA
5585;-3.671103;40.458351;NA;NA
5586;-3.667341;40.460174;NA;NA
5587;-3.669711;40.458753;NA;NA
5588;-3.671997;40.457759;NA;NA
5589;-3.669327;40.459854;NA;NA
5590;-3.667026;40.458120;NA;NA
5591;-3.666349;40.459710;NA;NA
5592;-3.668813;40.459603;NA;NA
5593;-3.670679;40.460196;NA;NA
5594;-3.672767;40.460282;NA;NA
5595;-3.675238;40.460335;NA;NA
5596;-3.672791;40.460235;NA;NA
5597;-3.670726;40.460144;NA;NA
5598;-3.671769;40.456273;NA;NA
5599;-3.671163;40.456954;NA;NA
5600;-3.674438;40.457499;NA;NA
5601;-3.674215;40.455707;NA;NA
5602;-3.673140;40.455123;NA;NA
5603;-3.675028;40.455136;NA;NA
5604;-3.673270;40.457000;NA;NA
5605;-3.675299;40.457037;NA;NA
5606;-3.680401;40.458561;NA;NA
5607;-3.674589;40.458545;NA;NA
5608;-3.676700;40.459165;NA;NA
5609;-3.676943;40.457970;NA;NA
5610;-3.678113;40.454508;NA;NA
5611;-3.678882;40.453033;NA;NA
5612;-3.679708;40.453384;NA;NA
5613;-3.682505;40.467349;NA;NA
5614;-3.679810;40.467616;NA;NA
5615;-3.681400;40.468080;NA;NA
5616;-3.669656;40.458840;NA;NA
5617;-3.666328;40.459659;NA;NA
5618;-3.666227;40.459617;NA;NA
5619;-3.667098;40.460072;NA;NA
5621;-3.671692;40.460053;NA;NA
5622;-3.694631;40.464688;NA;NA
5623;-3.701774;40.457098;NA;NA
5624;-3.699247;40.459669;NA;NA
5625;-3.696769;40.463126;NA;NA
5626;-3.695219;40.464418;NA;NA
5627;-3.692754;40.465262;NA;NA
5628;-3.692965;40.464836;NA;NA
5629;-3.696334;40.464862;NA;NA
5630;-3.699189;40.460925;NA;NA
5631;-3.698376;40.459552;NA;NA
5632;-3.702465;40.457207;NA;NA
5633;-3.700176;40.457195;NA;NA
5634;-3.692425;40.454256;NA;NA
5635;-3.692362;40.455323;NA;NA
5636;-3.692096;40.458088;NA;NA
5637;-3.691902;40.459719;NA;NA
5638;-3.691805;40.461139;NA;NA
5639;-3.691478;40.464485;NA;NA
5640;-3.691443;40.454960;NA;NA
5641;-3.693895;40.455064;NA;NA
5642;-3.691399;40.456216;NA;NA
5643;-3.693290;40.456288;NA;NA
5644;-3.624987;40.381039;NA;NA
5645;-3.691106;40.459151;NA;NA
5646;-3.693249;40.459186;NA;NA
5647;-3.690972;40.460652;NA;NA
5648;-3.693039;40.460782;NA;NA
5649;-3.690845;40.462078;NA;NA
5650;-3.693970;40.461743;NA;NA
5651;-3.694148;40.460463;NA;NA
5652;-3.694705;40.455876;NA;NA
5653;-3.693828;40.463274;NA;NA
5654;-3.695244;40.461836;NA;NA
5655;-3.692498;40.462168;NA;NA
5656;-3.693134;40.460817;NA;NA
5657;-3.694976;40.459244;NA;NA
5658;-3.695404;40.459595;NA;NA
5659;-3.693075;40.459256;NA;NA
5660;-3.693333;40.456317;NA;NA
5661;-3.693928;40.455095;NA;NA
5662;-3.696777;40.456517;NA;NA
5663;-3.695299;40.455725;NA;NA
5664;-3.698280;40.456020;NA;NA
5665;-3.697868;40.457077;NA;NA
5666;-3.697211;40.458695;NA;NA
5667;-3.697750;40.457470;NA;NA
5668;-3.696973;40.457954;NA;NA
5669;-3.691232;40.462046;NA;NA
5670;-3.691716;40.459092;NA;NA
5671;-3.696376;40.460626;NA;NA
5672;-3.696782;40.459528;NA;NA
5673;-3.695124;40.459635;NA;NA
5674;-3.696839;40.460270;NA;NA
5675;-3.691981;40.456203;NA;NA
5676;-3.696539;40.463478;NA;NA
5677;-3.695341;40.461786;NA;NA
5678;-3.696299;40.460649;NA;NA
5679;-3.694391;40.460955;NA;NA
5680;-3.691298;40.457622;NA;NA
5681;-3.701728;40.457073;NA;NA
5682;-3.701697;40.457467;NA;NA
5683;-3.703157;40.457018;NA;NA
5684;-3.697979;40.461604;NA;NA
5685;-3.698694;40.460326;NA;NA
5686;-3.699365;40.459663;NA;NA
5687;-3.700854;40.458349;NA;NA
5688;-3.701082;40.457925;NA;NA
5689;-3.699931;40.459091;NA;NA
5690;-3.694834;40.464577;NA;NA
5691;-3.701080;40.458018;NA;NA
5692;-3.696281;40.463661;NA;NA
5693;-3.697593;40.460346;NA;NA
5694;-3.697676;40.460507;NA;NA
5695;-3.703578;40.449831;NA;NA
5696;-3.703284;40.445534;NA;NA
5697;-3.703841;40.447602;NA;NA
5698;-3.703693;40.448560;NA;NA
5699;-3.703397;40.450541;NA;NA
5700;-3.703212;40.451816;NA;NA
5701;-3.703034;40.452925;NA;NA
5702;-3.702542;40.455386;NA;NA
5703;-3.702065;40.456478;NA;NA
5705;-3.703693;40.454956;NA;NA
5706;-3.703915;40.452901;NA;NA
5707;-3.704379;40.450054;NA;NA
5708;-3.702643;40.450446;NA;NA
5709;-3.702798;40.448348;NA;NA
5710;-3.705725;40.446841;NA;NA
5711;-3.700172;40.446605;NA;NA
5712;-3.697817;40.446475;NA;NA
5713;-3.696864;40.446432;NA;NA
5714;-3.695302;40.446381;NA;NA
5715;-3.694146;40.446468;NA;NA
5716;-3.696185;40.446527;NA;NA
5717;-3.697405;40.446589;NA;NA
5718;-3.700717;40.446797;NA;NA
5719;-3.695490;40.447643;NA;NA
5720;-3.696675;40.451117;NA;NA
5721;-3.695501;40.446724;NA;NA
5722;-3.695212;40.449659;NA;NA
5723;-3.695064;40.451257;NA;NA
5724;-3.695207;40.450468;NA;NA
5725;-3.695322;40.449097;NA;NA
5726;-3.696579;40.450868;NA;NA
5727;-3.696702;40.449310;NA;NA
5728;-3.697190;40.445623;NA;NA
5729;-3.697100;40.446987;NA;NA
5730;-3.696952;40.448327;NA;NA
5731;-3.696765;40.450024;NA;NA
5732;-3.695734;40.447957;NA;NA
5733;-3.698006;40.449307;NA;NA
5734;-3.695388;40.450852;NA;NA
5735;-3.698407;40.448853;NA;NA
5736;-3.697514;40.448051;NA;NA
5737;-3.697014;40.450923;NA;NA
5738;-3.698108;40.446561;NA;NA
5739;-3.695317;40.446332;NA;NA
5740;-3.694174;40.446405;NA;NA
5741;-3.697812;40.446539;NA;NA
5742;-3.698552;40.447393;NA;NA
5744;-3.677296;40.474255;NA;NA
5745;-3.676727;40.473138;NA;NA
5746;-3.677274;40.473135;NA;NA
5747;-3.674666;40.473043;NA;NA
5748;-3.674644;40.472048;NA;NA
5749;-3.675876;40.471779;NA;NA
5750;-3.676645;40.472760;NA;NA
5751;-3.675863;40.470558;NA;NA
5752;-3.676519;40.470381;NA;NA
5753;-3.676217;40.476495;NA;NA
5754;-3.675476;40.479526;NA;NA
5755;-3.700986;40.461972;NA;NA
5756;-3.702859;40.462912;NA;NA
5757;-3.705591;40.464117;NA;NA
5759;-3.706027;40.464947;NA;NA
5760;-3.706347;40.464548;NA;NA
5761;-3.671905;40.439424;NA;NA
5762;-3.674402;40.438963;NA;NA
5763;-3.674677;40.438722;NA;NA
5764;-3.673899;40.439854;NA;NA
5765;-3.673075;40.438614;NA;NA
5766;-3.672493;40.438101;NA;NA
5767;-3.725302;40.439135;NA;NA
5768;-3.727705;40.440236;NA;NA
5769;-3.728003;40.439414;NA;NA
5770;-3.726802;40.441277;NA;NA
5771;-3.725444;40.439770;NA;NA
5772;-3.708874;40.447180;NA;NA
5773;-3.710765;40.446848;NA;NA
5774;-3.716446;40.446360;NA;NA
5775;-3.714322;40.445802;NA;NA
5776;-3.712052;40.446367;NA;NA
5777;-3.710072;40.446869;NA;NA
5778;-3.710426;40.446063;NA;NA
5779;-3.712504;40.446933;NA;NA
5780;-3.714817;40.444924;NA;NA
5782;-3.714882;40.446105;NA;NA
5783;-3.653083;40.387959;NA;NA
5784;-3.651895;40.386671;NA;NA
5785;-3.652998;40.385901;NA;NA
5786;-3.652886;40.382808;NA;NA
5787;-3.651302;40.381874;NA;NA
5788;-3.652763;40.380009;NA;NA
5789;-3.654269;40.381330;NA;NA
5790;-3.653113;40.382727;NA;NA
5791;-3.646456;40.385952;NA;NA
5792;-3.647612;40.384075;NA;NA
5793;-3.662547;40.381691;NA;NA
5794;-3.664307;40.381637;NA;NA
5795;-3.664297;40.382806;NA;NA
5796;-3.658896;40.390883;NA;NA
5797;-3.659726;40.391942;NA;NA
5798;-3.660532;40.391439;NA;NA
5799;-3.661274;40.391770;NA;NA
5800;-3.660741;40.392707;NA;NA
5801;-3.662391;40.392541;NA;NA
5802;-3.662171;40.391008;NA;NA
5803;-3.666066;40.393116;NA;NA
5804;-3.645501;40.386810;NA;NA
5805;-3.644388;40.388666;NA;NA
5806;-3.664587;40.388831;NA;NA
5807;-3.664263;40.388419;NA;NA
5808;-3.664375;40.389068;NA;NA
5809;-3.664324;40.389141;NA;NA
5810;-3.664080;40.388791;NA;NA
5812;-3.670805;40.399106;NA;NA
5813;-3.668445;40.397938;NA;NA
5814;-3.666043;40.396611;NA;NA
5815;-3.663261;40.395215;NA;NA
5816;-3.662691;40.394852;NA;NA
5817;-3.661345;40.394144;NA;NA
5818;-3.660525;40.393782;NA;NA
5819;-3.659774;40.393317;NA;NA
5820;-3.659139;40.393047;NA;NA
5821;-3.656515;40.391765;NA;NA
5822;-3.656546;40.391827;NA;NA
5823;-3.651608;40.391365;NA;NA
5824;-3.668731;40.399521;NA;NA
5825;-3.669895;40.397217;NA;NA
5826;-3.668910;40.397569;NA;NA
5827;-3.668257;40.397776;NA;NA
5828;-3.668464;40.398795;NA;NA
5829;-3.668134;40.396631;NA;NA
5831;-3.665724;40.395824;NA;NA
5832;-3.661867;40.393932;NA;NA
5833;-3.660603;40.392797;NA;NA
5834;-3.658450;40.393218;NA;NA
5835;-3.659278;40.392351;NA;NA
5836;-3.654230;40.392234;NA;NA
5837;-3.653305;40.390521;NA;NA
5838;-3.645018;40.389475;NA;NA
5839;-3.642081;40.388276;NA;NA
5840;-3.641684;40.387970;NA;NA
5841;-3.636397;40.385748;NA;NA
5842;-3.637135;40.385966;NA;NA
5843;-3.634398;40.385008;NA;NA
5844;-3.635261;40.385318;NA;NA
5845;-3.632845;40.384097;NA;NA
5846;-3.643387;40.389972;NA;NA
5847;-3.644366;40.388296;NA;NA
5848;-3.639760;40.388457;NA;NA
5849;-3.634976;40.386303;NA;NA
5850;-3.663900;40.395487;NA;NA
5851;-3.633387;40.385414;NA;NA
5852;-3.667818;40.397019;NA;NA
5853;-3.667391;40.397931;NA;NA
5854;-3.661732;40.394412;NA;NA
5855;-3.665655;40.396464;NA;NA
5856;-3.652600;40.391406;NA;NA
5857;-3.650765;40.391236;NA;NA
5858;-3.648853;40.391111;NA;NA
5859;-3.650415;40.391248;NA;NA
5860;-3.657518;40.392193;NA;NA
5861;-3.629867;40.383014;NA;NA
5862;-3.630811;40.382387;NA;NA
5864;-3.645247;40.389358;NA;NA
5865;-3.638859;40.386557;NA;NA
5866;-3.632807;40.383685;NA;NA
5867;-3.651868;40.401913;NA;NA
5868;-3.664670;40.395699;NA;NA
5869;-3.664224;40.395450;NA;NA
5870;-3.721919;40.480569;NA;NA
5871;-3.721999;40.480607;NA;NA
5872;-3.719230;40.481719;NA;NA
5873;-3.719374;40.481739;NA;NA
5874;-3.716029;40.482684;NA;NA
5875;-3.716089;40.482744;NA;NA
5876;-3.713059;40.483429;NA;NA
5877;-3.710826;40.484609;NA;NA
5878;-3.709233;40.485676;NA;NA
5879;-3.707504;40.486760;NA;NA
5880;-3.707574;40.498463;NA;NA
5881;-3.701580;40.488949;NA;NA
5882;-3.724075;40.480571;NA;NA
5883;-3.716938;40.481709;NA;NA
5884;-3.715229;40.481282;NA;NA
5885;-3.712475;40.482160;NA;NA
5886;-3.713114;40.481420;NA;NA
5887;-3.708769;40.485690;NA;NA
5888;-3.707826;40.484693;NA;NA
5889;-3.705972;40.483418;NA;NA
5890;-3.707915;40.483388;NA;NA
5891;-3.706123;40.484512;NA;NA
5892;-3.699185;40.491035;NA;NA
5893;-3.697432;40.489516;NA;NA
5894;-3.715400;40.483721;NA;NA
5895;-3.716120;40.484888;NA;NA
5896;-3.716226;40.484856;NA;NA
5897;-3.715556;40.484099;NA;NA
5898;-3.716294;40.484800;NA;NA
5899;-3.696477;40.490299;NA;NA
5900;-3.696554;40.490372;NA;NA
5901;-3.700817;40.489477;NA;NA
5902;-3.717014;40.481374;NA;NA
5903;-3.722454;40.482485;NA;NA
5904;-3.698936;40.488051;NA;NA
5905;-3.698683;40.487960;NA;NA
5906;-3.709310;40.485869;NA;NA
5907;-3.658676;40.431657;NA;NA
5908;-3.658303;40.431747;NA;NA
5909;-3.657213;40.431843;NA;NA
5910;-3.656767;40.431929;NA;NA
5911;-3.654767;40.432192;NA;NA
5912;-3.653632;40.432373;NA;NA
5913;-3.652470;40.432534;NA;NA
5914;-3.649160;40.432964;NA;NA
5915;-3.647416;40.433465;NA;NA
5916;-3.647933;40.433190;NA;NA
5917;-3.646472;40.433920;NA;NA
5918;-3.644725;40.434731;NA;NA
5919;-3.642907;40.435634;NA;NA
5920;-3.642930;40.435663;NA;NA
5921;-3.640433;40.436830;NA;NA
5922;-3.636840;40.438233;NA;NA
5923;-3.634496;40.438884;NA;NA
5924;-3.624983;40.441394;NA;NA
5925;-3.650714;40.432772;NA;NA
5926;-3.646081;40.434078;NA;NA
5927;-3.658714;40.432355;NA;NA
5928;-3.658488;40.431025;NA;NA
5929;-3.657433;40.431017;NA;NA
5930;-3.657744;40.430203;NA;NA
5931;-3.655755;40.431513;NA;NA
5932;-3.655594;40.432849;NA;NA
5933;-3.653126;40.431770;NA;NA
5934;-3.647842;40.432592;NA;NA
5935;-3.647541;40.433939;NA;NA
5936;-3.643812;40.434543;NA;NA
5937;-3.641177;40.435950;NA;NA
5938;-3.638988;40.438196;NA;NA
5939;-3.638972;40.438937;NA;NA
5940;-3.637334;40.437046;NA;NA
5941;-3.635845;40.439127;NA;NA
5942;-3.637715;40.437284;NA;NA
5943;-3.625516;40.441010;NA;NA
5944;-3.640346;40.437043;NA;NA
5945;-3.641773;40.436359;NA;NA
5946;-3.650399;40.433006;NA;NA
5947;-3.636269;40.435345;NA;NA
5948;-3.635343;40.434253;NA;NA
5949;-3.634974;40.433557;NA;NA
5950;-3.634920;40.433609;NA;NA
5951;-3.633676;40.432047;NA;NA
5952;-3.632719;40.430443;NA;NA
5953;-3.632676;40.430497;NA;NA
5955;-3.631900;40.429569;NA;NA
5956;-3.629290;40.425711;NA;NA
5957;-3.627326;40.423234;NA;NA
5958;-3.627032;40.422593;NA;NA
5959;-3.626999;40.422654;NA;NA
5960;-3.626084;40.421522;NA;NA
5961;-3.624801;40.419527;NA;NA
5962;-3.633055;40.433563;NA;NA
5963;-3.634888;40.432758;NA;NA
5964;-3.631306;40.430530;NA;NA
5965;-3.633927;40.429447;NA;NA
5966;-3.627113;40.425484;NA;NA
5967;-3.623512;40.416996;NA;NA
5968;-3.622592;40.417417;NA;NA
5969;-3.622107;40.417303;NA;NA
5970;-3.624583;40.417950;NA;NA
5971;-3.629721;40.423872;NA;NA
5972;-3.625907;40.422434;NA;NA
5973;-3.623942;40.418567;NA;NA
5974;-3.625573;40.417697;NA;NA
5975;-3.633913;40.432095;NA;NA
5976;-3.632506;40.430404;NA;NA
5977;-3.630556;40.427459;NA;NA
5978;-3.630970;40.428270;NA;NA
5979;-3.629802;40.426658;NA;NA
5980;-3.628733;40.425228;NA;NA
5981;-3.627628;40.423415;NA;NA
5982;-3.626155;40.421364;NA;NA
5983;-3.624619;40.419511;NA;NA
5984;-3.624524;40.419163;NA;NA
5985;-3.635879;40.435047;NA;NA
5986;-3.635305;40.428869;NA;NA
5987;-3.634265;40.428547;NA;NA
5988;-3.630170;40.425943;NA;NA
5989;-3.632808;40.424806;NA;NA
5990;-3.631447;40.424630;NA;NA
5991;-3.631639;40.428955;NA;NA
5993;-3.623704;40.417211;NA;NA
5994;-3.636432;40.436239;NA;NA
5995;-3.636807;40.435616;NA;NA
5996;-3.632792;40.431199;NA;NA
5997;-3.633382;40.430897;NA;NA
5998;-3.630370;40.427912;NA;NA
5999;-3.629819;40.426530;NA;NA
6000;-3.629366;40.426018;NA;NA
6001;-3.629853;40.426034;NA;NA
6003;-3.625714;40.420305;NA;NA
6004;-3.622760;40.416884;NA;NA
6005;-3.632268;40.434102;NA;NA
6006;-3.629916;40.431347;NA;NA
6007;-3.622979;40.418000;NA;NA
6009;-3.664437;40.462254;NA;NA
6010;-3.663362;40.461380;NA;NA
6011;-3.662089;40.460504;NA;NA
6012;-3.660275;40.459606;NA;NA
6013;-3.658960;40.458632;NA;NA
6014;-3.658495;40.457963;NA;NA
6015;-3.657458;40.456776;NA;NA
6016;-3.657033;40.456523;NA;NA
6017;-3.655648;40.454776;NA;NA
6018;-3.651652;40.449843;NA;NA
6019;-3.650815;40.448731;NA;NA
6020;-3.650163;40.448096;NA;NA
6021;-3.648989;40.446774;NA;NA
6022;-3.648869;40.446842;NA;NA
6023;-3.647520;40.445762;NA;NA
6024;-3.645475;40.444884;NA;NA
6025;-3.641497;40.442438;NA;NA
6026;-3.663268;40.462305;NA;NA
6027;-3.663293;40.460733;NA;NA
6028;-3.660181;40.460690;NA;NA
6029;-3.660325;40.458076;NA;NA
6030;-3.656675;40.457801;NA;NA
6031;-3.657371;40.455341;NA;NA
6032;-3.649915;40.449834;NA;NA
6033;-3.650828;40.447204;NA;NA
6034;-3.658663;40.462044;NA;NA
6035;-3.656856;40.463162;NA;NA
6036;-3.656818;40.464279;NA;NA
6037;-3.641806;40.441130;NA;NA
6038;-3.660661;40.454839;NA;NA
6039;-3.660620;40.453270;NA;NA
6040;-3.659475;40.451018;NA;NA
6041;-3.662344;40.453314;NA;NA
6042;-3.659188;40.454473;NA;NA
6043;-3.661793;40.451768;NA;NA
6044;-3.653598;40.452457;NA;NA
6045;-3.653072;40.451977;NA;NA
6048;-3.656131;40.456026;NA;NA
6050;-3.651910;40.450250;NA;NA
6052;-3.648529;40.446114;NA;NA
6053;-3.647792;40.446261;NA;NA
6055;-3.645461;40.444519;NA;NA
6056;-3.645364;40.444752;NA;NA
6057;-3.644269;40.443951;NA;NA
6059;-3.659509;40.461595;NA;NA
6061;-3.658805;40.454871;NA;NA
6062;-3.665692;40.465693;NA;NA
6063;-3.666321;40.467985;NA;NA
6064;-3.666600;40.468473;NA;NA
6065;-3.666903;40.469604;NA;NA
6066;-3.666938;40.470267;NA;NA
6067;-3.667788;40.472838;NA;NA
6068;-3.668120;40.474609;NA;NA
6069;-3.668863;40.478211;NA;NA
6070;-3.668138;40.479169;NA;NA
6071;-3.666976;40.480536;NA;NA
6072;-3.667476;40.466801;NA;NA
6073;-3.665703;40.469064;NA;NA
6074;-3.669926;40.476578;NA;NA
6075;-3.667932;40.480377;NA;NA
6076;-3.665964;40.471749;NA;NA
6077;-3.667449;40.475406;NA;NA
6078;-3.663946;40.474107;NA;NA
6079;-3.662760;40.474125;NA;NA
6080;-3.662927;40.473095;NA;NA
6081;-3.671232;40.478227;NA;NA
6082;-3.672865;40.480017;NA;NA
6083;-3.672961;40.478860;NA;NA
6084;-3.671270;40.479438;NA;NA
6085;-3.667336;40.475304;NA;NA
6086;-3.664074;40.474364;NA;NA
6087;-3.661280;40.472233;NA;NA
6088;-3.665521;40.475228;NA;NA
6089;-3.665215;40.474135;NA;NA
6090;-3.664025;40.472032;NA;NA
6091;-3.664258;40.482752;NA;NA
6092;-3.663364;40.483306;NA;NA
6093;-3.661471;40.484493;NA;NA
6094;-3.663518;40.484007;NA;NA
6095;-3.665118;40.483499;NA;NA
6096;-3.664765;40.482523;NA;NA
6097;-3.666937;40.480324;NA;NA
6098;-3.666468;40.479564;NA;NA
6099;-3.664430;40.478047;NA;NA
6100;-3.665101;40.463594;NA;NA
6101;-3.663765;40.467508;NA;NA
6102;-3.663239;40.466847;NA;NA
6103;-3.663653;40.468166;NA;NA
6104;-3.663154;40.484358;NA;NA
6105;-3.664172;40.482538;NA;NA
6106;-3.667558;40.473512;NA;NA
6107;-3.666477;40.469884;NA;NA
6109;-3.665348;40.474548;NA;NA
6110;-3.664278;40.474045;NA;NA
6111;-3.663330;40.473360;NA;NA
6112;-3.663439;40.473607;NA;NA
6113;-3.659200;40.410646;NA;NA
6114;-3.657110;40.410682;NA;NA
6115;-3.656872;40.410632;NA;NA
6116;-3.646217;40.408322;NA;NA
6117;-3.647152;40.408616;NA;NA
6118;-3.644718;40.407219;NA;NA
6119;-3.644629;40.407107;NA;NA
6120;-3.658215;40.411191;NA;NA
6121;-3.656203;40.409949;NA;NA
6122;-3.654832;40.411444;NA;NA
6123;-3.644360;40.408509;NA;NA
6124;-3.642345;40.404215;NA;NA
6125;-3.640749;40.405529;NA;NA
6126;-3.659810;40.410730;NA;NA
6127;-3.658411;40.411432;NA;NA
6128;-3.657855;40.411295;NA;NA
6129;-3.654588;40.404380;NA;NA
6130;-3.654388;40.404408;NA;NA
6131;-3.654479;40.404472;NA;NA
6132;-3.654589;40.404019;NA;NA
6133;-3.657304;40.421747;NA;NA
6134;-3.655428;40.423224;NA;NA
6135;-3.652731;40.425186;NA;NA
6136;-3.651947;40.425760;NA;NA
6137;-3.651234;40.426156;NA;NA
6138;-3.644584;40.429246;NA;NA
6139;-3.642958;40.429546;NA;NA
6140;-3.641917;40.429616;NA;NA
6141;-3.640730;40.430289;NA;NA
6142;-3.638859;40.431075;NA;NA
6143;-3.637403;40.431686;NA;NA
6144;-3.640991;40.432425;NA;NA
6146;-3.648982;40.427110;NA;NA
6147;-3.641744;40.430588;NA;NA
6148;-3.641519;40.431633;NA;NA
6149;-3.649507;40.427575;NA;NA
6150;-3.639523;40.430600;NA;NA
6151;-3.655191;40.421885;NA;NA
6152;-3.653738;40.420550;NA;NA
6153;-3.657111;40.423362;NA;NA
6154;-3.648860;40.427072;NA;NA
6155;-3.648526;40.427773;NA;NA
6156;-3.646429;40.426843;NA;NA
6157;-3.645953;40.426740;NA;NA
6158;-3.644824;40.426137;NA;NA
6159;-3.646972;40.426389;NA;NA
6160;-3.645606;40.427187;NA;NA
6161;-3.647755;40.429408;NA;NA
6162;-3.644410;40.429966;NA;NA
6163;-3.645284;40.431110;NA;NA
6164;-3.644266;40.431074;NA;NA
6165;-3.637424;40.433927;NA;NA
6166;-3.654261;40.423988;NA;NA
6167;-3.639104;40.431868;NA;NA
6168;-3.637808;40.430145;NA;NA
6169;-3.638706;40.430059;NA;NA
6170;-3.647439;40.428882;NA;NA
6171;-3.646241;40.429136;NA;NA
6172;-3.646677;40.428527;NA;NA
6173;-3.638263;40.422522;NA;NA
6174;-3.640416;40.423660;NA;NA
6175;-3.636937;40.423117;NA;NA
6176;-3.634402;40.423187;NA;NA
6177;-3.638087;40.423248;NA;NA
6178;-3.635584;40.422597;NA;NA
6179;-3.651404;40.426134;NA;NA
6180;-3.647458;40.428951;NA;NA
6182;-3.646967;40.428973;NA;NA
6183;-3.645712;40.429160;NA;NA
6184;-3.645189;40.429187;NA;NA
6185;-3.644924;40.428783;NA;NA
6186;-3.643712;40.429417;NA;NA
6187;-3.642683;40.429505;NA;NA
6189;-3.635808;40.432567;NA;NA
6190;-3.636835;40.429040;NA;NA
6192;-3.658287;40.427019;NA;NA
6194;-3.616123;40.406935;NA;NA
6195;-3.614692;40.407484;NA;NA
6196;-3.614701;40.408111;NA;NA
6197;-3.614211;40.408660;NA;NA
6198;-3.613797;40.406975;NA;NA
6199;-3.612797;40.407433;NA;NA
6200;-3.611284;40.405124;NA;NA
6201;-3.611232;40.405041;NA;NA
6202;-3.610767;40.404242;NA;NA
6203;-3.607314;40.404097;NA;NA
6204;-3.609194;40.406237;NA;NA
6205;-3.609423;40.408293;NA;NA
6206;-3.608325;40.409101;NA;NA
6207;-3.604544;40.407561;NA;NA
6208;-3.604484;40.407332;NA;NA
6209;-3.612374;40.409338;NA;NA
6210;-3.612861;40.409182;NA;NA
6211;-3.614975;40.405600;NA;NA
6212;-3.616231;40.405273;NA;NA
6213;-3.610699;40.407686;NA;NA
6214;-3.596604;40.404117;NA;NA
6215;-3.593954;40.402664;NA;NA
6216;-3.594172;40.403960;NA;NA
6217;-3.596059;40.402602;NA;NA
6218;-3.616227;40.408700;NA;NA
6219;-3.611355;40.409435;NA;NA
6220;-3.609103;40.407581;NA;NA
6221;-3.652475;40.463352;NA;NA
6222;-3.651896;40.463252;NA;NA
6223;-3.644043;40.464167;NA;NA
6224;-3.644138;40.464211;NA;NA
6225;-3.640390;40.465242;NA;NA
6226;-3.640458;40.465297;NA;NA
6227;-3.638127;40.465214;NA;NA
6228;-3.637799;40.465268;NA;NA
6229;-3.646102;40.457143;NA;NA
6230;-3.643616;40.458283;NA;NA
6231;-3.636794;40.462657;NA;NA
6232;-3.634021;40.462640;NA;NA
6233;-3.634062;40.462718;NA;NA
6234;-3.626301;40.449959;NA;NA
6235;-3.626762;40.452079;NA;NA
6236;-3.624196;40.453757;NA;NA
6237;-3.620680;40.455307;NA;NA
6238;-3.635325;40.463816;NA;NA
6239;-3.636475;40.466393;NA;NA
6240;-3.636536;40.466339;NA;NA
6241;-3.652806;40.457160;NA;NA
6242;-3.655304;40.456367;NA;NA
6243;-3.645037;40.456380;NA;NA
6244;-3.635413;40.463785;NA;NA
6245;-3.634996;40.461573;NA;NA
6246;-3.625094;40.450665;NA;NA
6248;-3.653617;40.456314;NA;NA
6249;-3.654768;40.457568;NA;NA
6250;-3.643337;40.457125;NA;NA
6252;-3.616635;40.459301;NA;NA
6253;-3.637227;40.467722;NA;NA
6254;-3.633967;40.460870;NA;NA
6255;-3.626515;40.459077;NA;NA
6256;-3.649870;40.462895;NA;NA
6257;-3.648340;40.463017;NA;NA
6258;-3.646744;40.463366;NA;NA
6259;-3.648395;40.463060;NA;NA
6260;-3.625222;40.457980;NA;NA
6261;-3.630946;40.460765;NA;NA
6262;-3.631997;40.460335;NA;NA
6263;-3.626261;40.457625;NA;NA
6264;-3.623932;40.457966;NA;NA
6265;-3.618581;40.456867;NA;NA
6266;-3.619548;40.456809;NA;NA
6267;-3.623875;40.454127;NA;NA
6268;-3.626426;40.452259;NA;NA
6269;-3.623930;40.456383;NA;NA
6270;-3.623091;40.455033;NA;NA
6271;-3.653278;40.462554;NA;NA
6272;-3.652881;40.464368;NA;NA
6273;-3.636775;40.466900;NA;NA
6274;-3.628065;40.463315;NA;NA
6275;-3.639995;40.461534;NA;NA
6276;-3.646526;40.455351;NA;NA
6277;-3.637099;40.456801;NA;NA
6278;-3.637180;40.457243;NA;NA
6279;-3.624520;40.457239;NA;NA
6280;-3.626643;40.450750;NA;NA
6281;-3.625215;40.453189;NA;NA
6282;-3.625551;40.453731;NA;NA
6283;-3.619453;40.455867;NA;NA
6284;-3.617744;40.457034;NA;NA
6286;-3.654896;40.466019;NA;NA
6287;-3.652361;40.468919;NA;NA
6288;-3.650811;40.470725;NA;NA
6289;-3.649882;40.471714;NA;NA
6290;-3.646468;40.476651;NA;NA
6291;-3.646640;40.476507;NA;NA
6292;-3.656338;40.471359;NA;NA
6293;-3.650553;40.472677;NA;NA
6294;-3.647604;40.472283;NA;NA
6295;-3.644191;40.470580;NA;NA
6296;-3.644553;40.470857;NA;NA
6297;-3.640701;40.469890;NA;NA
6298;-3.640261;40.469024;NA;NA
6299;-3.636652;40.469699;NA;NA
6300;-3.655847;40.474173;NA;NA
6301;-3.655723;40.474178;NA;NA
6302;-3.655578;40.466633;NA;NA
6303;-3.652491;40.467180;NA;NA
6304;-3.644418;40.468908;NA;NA
6305;-3.646512;40.473714;NA;NA
6306;-3.644498;40.473861;NA;NA
6307;-3.645779;40.474917;NA;NA
6308;-3.650750;40.469907;NA;NA
6309;-3.639221;40.470972;NA;NA
6310;-3.652475;40.478673;NA;NA
6311;-3.651278;40.480040;NA;NA
6312;-3.655017;40.475822;NA;NA
6313;-3.656804;40.472330;NA;NA
6314;-3.655176;40.473411;NA;NA
6315;-3.656178;40.475236;NA;NA
6316;-3.639341;40.475190;NA;NA
6317;-3.638648;40.476219;NA;NA
6318;-3.638266;40.476546;NA;NA
6319;-3.636100;40.477841;NA;NA
6320;-3.637500;40.477201;NA;NA
6321;-3.638708;40.476223;NA;NA
6322;-3.640212;40.476392;NA;NA
6323;-3.638817;40.476902;NA;NA
6324;-3.637264;40.476945;NA;NA
6325;-3.637313;40.477465;NA;NA
6327;-3.654520;40.473459;NA;NA
6329;-3.631314;40.469050;NA;NA
6330;-3.652163;40.479288;NA;NA
6331;-3.651006;40.478814;NA;NA
6332;-3.594339;40.459956;NA;NA
6333;-3.591222;40.461533;NA;NA
6334;-3.590947;40.461461;NA;NA
6335;-3.588780;40.462526;NA;NA
6336;-3.588555;40.462562;NA;NA
6337;-3.586160;40.464287;NA;NA
6338;-3.585761;40.464428;NA;NA
6339;-3.583785;40.465884;NA;NA
6340;-3.581391;40.469681;NA;NA
6341;-3.581622;40.471179;NA;NA
6342;-3.582206;40.474244;NA;NA
6344;-3.610791;40.449922;NA;NA
6345;-3.608384;40.448629;NA;NA
6346;-3.610671;40.449858;NA;NA
6347;-3.585154;40.464892;NA;NA
6348;-3.584462;40.465378;NA;NA
6349;-3.586188;40.464527;NA;NA
6350;-3.587921;40.463292;NA;NA
6351;-3.589546;40.461826;NA;NA
6352;-3.597383;40.458738;NA;NA
6353;-3.603888;40.453869;NA;NA
6355;-3.659181;40.434981;NA;NA
6356;-3.657235;40.434729;NA;NA
6357;-3.650672;40.436028;NA;NA
6358;-3.648724;40.437014;NA;NA
6359;-3.654458;40.434559;NA;NA
6360;-3.655664;40.435164;NA;NA
6361;-3.656682;40.433880;NA;NA
6362;-3.655764;40.433831;NA;NA
6363;-3.650246;40.437172;NA;NA
6364;-3.648650;40.435256;NA;NA
6365;-3.649039;40.435768;NA;NA
6366;-3.647075;40.438600;NA;NA
6367;-3.644363;40.435258;NA;NA
6368;-3.647051;40.438680;NA;NA
6369;-3.646678;40.439321;NA;NA
6370;-3.657482;40.436947;NA;NA
6371;-3.657028;40.439405;NA;NA
6372;-3.656928;40.439984;NA;NA
6373;-3.655767;40.441116;NA;NA
6374;-3.654119;40.442150;NA;NA
6375;-3.652813;40.443072;NA;NA
6376;-3.655825;40.441143;NA;NA
6377;-3.657073;40.440414;NA;NA
6378;-3.657132;40.438464;NA;NA
6379;-3.656342;40.438180;NA;NA
6381;-3.658214;40.437735;NA;NA
6382;-3.658163;40.440789;NA;NA
6383;-3.654941;40.442638;NA;NA
6384;-3.652158;40.443423;NA;NA
6385;-3.651838;40.444346;NA;NA
6386;-3.655620;40.434864;NA;NA
6387;-3.648333;40.437003;NA;NA
6388;-3.615869;40.441760;NA;NA
6389;-3.615101;40.440380;NA;NA
6390;-3.613162;40.436909;NA;NA
6391;-3.612473;40.435562;NA;NA
6392;-3.611960;40.433434;NA;NA
6393;-3.611306;40.430569;NA;NA
6394;-3.611524;40.423598;NA;NA
6395;-3.611423;40.422247;NA;NA
6396;-3.611084;40.420277;NA;NA
6397;-3.611270;40.422009;NA;NA
6398;-3.611090;40.428038;NA;NA
6399;-3.611509;40.431725;NA;NA
6400;-3.611751;40.432856;NA;NA
6401;-3.612267;40.435017;NA;NA
6402;-3.614181;40.438891;NA;NA
6403;-3.611903;40.435869;NA;NA
6404;-3.610393;40.434850;NA;NA
6405;-3.613353;40.434210;NA;NA
6406;-3.610918;40.432791;NA;NA
6407;-3.611647;40.428184;NA;NA
6408;-3.610450;40.423103;NA;NA
6409;-3.610580;40.421484;NA;NA
6410;-3.612106;40.420895;NA;NA
6411;-3.622053;40.418805;NA;NA
6413;-3.612902;40.421750;NA;NA
6414;-3.607891;40.422435;NA;NA
6415;-3.609692;40.422126;NA;NA
6416;-3.614375;40.439565;NA;NA
6417;-3.614827;40.439364;NA;NA
6418;-3.612293;40.433942;NA;NA
6419;-3.611284;40.421423;NA;NA
6420;-3.629259;40.411461;NA;NA
6421;-3.630572;40.409013;NA;NA
6422;-3.633579;40.404945;NA;NA
6423;-3.635680;40.401788;NA;NA
6424;-3.637394;40.399202;NA;NA
6425;-3.639902;40.395274;NA;NA
6426;-3.640855;40.393349;NA;NA
6427;-3.642282;40.391451;NA;NA
6428;-3.643371;40.389637;NA;NA
6429;-3.636642;40.400147;NA;NA
6430;-3.634952;40.402658;NA;NA
6431;-3.632014;40.406563;NA;NA
6432;-3.630180;40.409479;NA;NA
6433;-3.654911;40.412583;NA;NA
6434;-3.642011;40.410497;NA;NA
6435;-3.639455;40.409335;NA;NA
6436;-3.629606;40.407384;NA;NA
6437;-3.633577;40.408139;NA;NA
6438;-3.639455;40.409395;NA;NA
6439;-3.652732;40.412262;NA;NA
6440;-3.635799;40.403771;NA;NA
6441;-3.633219;40.403810;NA;NA
6442;-3.637416;40.401416;NA;NA
6443;-3.635194;40.400683;NA;NA
6444;-3.642453;40.395041;NA;NA
6445;-3.638592;40.395565;NA;NA
6446;-3.643337;40.394936;NA;NA
6447;-3.641818;40.394226;NA;NA
6448;-3.638861;40.393414;NA;NA
6449;-3.641098;40.394038;NA;NA
6450;-3.640659;40.396137;NA;NA
6451;-3.641206;40.391418;NA;NA
6452;-3.642510;40.409215;NA;NA
6453;-3.652181;40.414053;NA;NA
6454;-3.653479;40.412849;NA;NA
6455;-3.654432;40.411792;NA;NA
6456;-3.653371;40.412830;NA;NA
6457;-3.651292;40.414119;NA;NA
6458;-3.630746;40.410828;NA;NA
6459;-3.627338;40.407562;NA;NA
6460;-3.627744;40.405791;NA;NA
6461;-3.632188;40.406555;NA;NA
6462;-3.638948;40.396678;NA;NA
6463;-3.653419;40.412273;NA;NA
6464;-3.629649;40.410657;NA;NA
6465;-3.651749;40.414427;NA;NA
6466;-3.652938;40.413520;NA;NA
6467;-3.649066;40.412223;NA;NA
6468;-3.604637;40.434424;NA;NA
6469;-3.606078;40.433677;NA;NA
6470;-3.604128;40.425174;NA;NA
6471;-3.604003;40.424158;NA;NA
6472;-3.604179;40.423861;NA;NA
6473;-3.605286;40.423356;NA;NA
6474;-3.603109;40.424200;NA;NA
6475;-3.604445;40.424733;NA;NA
6476;-3.607762;40.424011;NA;NA
6477;-3.606186;40.424640;NA;NA
6478;-3.605987;40.425099;NA;NA
6479;-3.606237;40.426425;NA;NA
6480;-3.606922;40.424986;NA;NA
6481;-3.606170;40.424402;NA;NA
6482;-3.608759;40.434946;NA;NA
6483;-3.672122;40.389388;NA;NA
6484;-3.672295;40.387578;NA;NA
6485;-3.671393;40.387119;NA;NA
6486;-3.661278;40.376910;NA;NA
6487;-3.660623;40.375788;NA;NA
6488;-3.658289;40.376111;NA;NA
6489;-3.676004;40.369021;NA;NA
6490;-3.679801;40.369531;NA;NA
6491;-3.626371;40.425841;NA;NA
6492;-3.625240;40.426924;NA;NA
6493;-3.625232;40.426829;NA;NA
6494;-3.625302;40.425902;NA;NA
6495;-3.625808;40.416751;NA;NA
6496;-3.626931;40.415742;NA;NA
6497;-3.628530;40.412483;NA;NA
6498;-3.626950;40.415480;NA;NA
6499;-3.630047;40.407257;NA;NA
6500;-3.605537;40.436121;NA;NA
6501;-3.606887;40.436324;NA;NA
6502;-3.605592;40.446066;NA;NA
6503;-3.609815;40.448275;NA;NA
6505;-3.622408;40.389451;NA;NA
6506;-3.621776;40.391174;NA;NA
6507;-3.621270;40.390145;NA;NA
6508;-3.616071;40.444254;NA;NA
6509;-3.611844;40.446950;NA;NA
6510;-3.624077;40.442618;NA;NA
6511;-3.622819;40.440753;NA;NA
6512;-3.622425;40.439873;NA;NA
6513;-3.621336;40.437641;NA;NA
6514;-3.621064;40.436890;NA;NA
6515;-3.620131;40.434851;NA;NA
6516;-3.620020;40.434910;NA;NA
6517;-3.620161;40.433573;NA;NA
6518;-3.619907;40.433671;NA;NA
6519;-3.618314;40.433863;NA;NA
6520;-3.622986;40.435493;NA;NA
6521;-3.623037;40.434334;NA;NA
6522;-3.621698;40.435403;NA;NA
6523;-3.621554;40.435429;NA;NA
6524;-3.620331;40.437106;NA;NA
6525;-3.620495;40.436655;NA;NA
6526;-3.619603;40.438458;NA;NA
6527;-3.620903;40.437178;NA;NA
6528;-3.621942;40.436773;NA;NA
6529;-3.622019;40.436821;NA;NA
6530;-3.624478;40.435878;NA;NA
6531;-3.623184;40.438609;NA;NA
6532;-3.620685;40.439404;NA;NA
6533;-3.616180;40.442471;NA;NA
6534;-3.613862;40.444824;NA;NA
6535;-3.613522;40.447407;NA;NA
6536;-3.611426;40.447150;NA;NA
6537;-3.625410;40.445451;NA;NA
6538;-3.625674;40.445344;NA;NA
6539;-3.625629;40.445231;NA;NA
6540;-3.611497;40.446858;NA;NA
6545;-3.742240;40.475346;NA;NA
6546;-3.741848;40.475424;NA;NA
6547;-3.753905;40.488627;NA;NA
6548;-3.583356;40.441672;NA;NA
6549;-3.584769;40.442821;NA;NA
6550;-3.584751;40.442780;NA;NA
6551;-3.583035;40.443563;NA;NA
6552;-3.582764;40.445574;NA;NA
6553;-3.581800;40.443924;NA;NA
6554;-3.585144;40.446236;NA;NA
6555;-3.586065;40.447650;NA;NA
6556;-3.586222;40.443860;NA;NA
6557;-3.587694;40.443072;NA;NA
6558;-3.583085;40.443548;NA;NA
6559;-3.682754;40.484215;NA;NA
6560;-3.684115;40.484459;NA;NA
6561;-3.684106;40.485646;NA;NA
6562;-3.685816;40.490116;NA;NA
6563;-3.686344;40.491454;NA;NA
6564;-3.686717;40.498058;NA;NA
6565;-3.685917;40.500515;NA;NA
6566;-3.686335;40.498867;NA;NA
6567;-3.687540;40.494331;NA;NA
6568;-3.686705;40.492270;NA;NA
6569;-3.684442;40.486331;NA;NA
6570;-3.688854;40.491171;NA;NA
6571;-3.691041;40.491118;NA;NA
6572;-3.687735;40.491066;NA;NA
6573;-3.687467;40.498676;NA;NA
6574;-3.693119;40.490657;NA;NA
6575;-3.684436;40.502823;NA;NA
6578;-3.686914;40.492494;NA;NA
6579;-3.690085;40.491453;NA;NA
6580;-3.689733;40.491192;NA;NA
6582;-3.708854;40.504114;NA;NA
6583;-3.708817;40.505190;NA;NA
6584;-3.679176;40.513409;NA;NA
6585;-3.675866;40.502305;NA;NA
6586;-3.675708;40.501847;NA;NA
6587;-3.674341;40.502177;NA;NA
6588;-3.672319;40.501549;NA;NA
6589;-3.671826;40.501204;NA;NA
6590;-3.672299;40.501192;NA;NA
6591;-3.670406;40.501068;NA;NA
6592;-3.660960;40.501894;NA;NA
6593;-3.661876;40.502252;NA;NA
6594;-3.664037;40.503950;NA;NA
6595;-3.669023;40.507358;NA;NA
6596;-3.671103;40.507468;NA;NA
6597;-3.669008;40.509448;NA;NA
6598;-3.668845;40.508236;NA;NA
6599;-3.664669;40.505037;NA;NA
6600;-3.666661;40.505669;NA;NA
6601;-3.660204;40.501268;NA;NA
6602;-3.657648;40.499807;NA;NA
6603;-3.651201;40.495495;NA;NA
6604;-3.648254;40.493712;NA;NA
6605;-3.659789;40.499629;NA;NA
6606;-3.657702;40.501117;NA;NA
6607;-3.652824;40.487420;NA;NA
6608;-3.651199;40.488485;NA;NA
6609;-3.659477;40.490829;NA;NA
6610;-3.663918;40.493381;NA;NA
6611;-3.664240;40.493774;NA;NA
6612;-3.665880;40.494829;NA;NA
6613;-3.664716;40.495284;NA;NA
6614;-3.665863;40.495614;NA;NA
6615;-3.666086;40.496814;NA;NA
6616;-3.667491;40.495735;NA;NA
6617;-3.668405;40.495045;NA;NA
6618;-3.668988;40.495569;NA;NA
6619;-3.665962;40.495599;NA;NA
6620;-3.660877;40.485260;NA;NA
6621;-3.659931;40.486252;NA;NA
6622;-3.659970;40.486284;NA;NA
6623;-3.658421;40.487317;NA;NA
6624;-3.658457;40.487354;NA;NA
6625;-3.661130;40.485731;NA;NA
6626;-3.647862;40.484205;NA;NA
6627;-3.651976;40.485866;NA;NA
6628;-3.650671;40.488669;NA;NA
6629;-3.650793;40.489472;NA;NA
6630;-3.651112;40.490240;NA;NA
6631;-3.832108;40.473071;NA;NA
6632;-3.832009;40.473474;NA;NA
6633;-3.829275;40.472458;NA;NA
6634;-3.820702;40.469166;NA;NA
6635;-3.832920;40.473565;NA;NA
6636;-3.831083;40.472906;NA;NA
6637;-3.836886;40.475054;NA;NA
6638;-3.819661;40.468595;NA;NA
6639;-3.671563;40.491676;NA;NA
6640;-3.674087;40.481200;NA;NA
6641;-3.674043;40.480878;NA;NA
6642;-3.674395;40.476038;NA;NA
6643;-3.674579;40.475980;NA;NA
6644;-3.671757;40.470874;NA;NA
6645;-3.671843;40.470834;NA;NA
6646;-3.668430;40.466456;NA;NA
6647;-3.668638;40.466414;NA;NA
6648;-3.666750;40.463361;NA;NA
6649;-3.666982;40.463324;NA;NA
6650;-3.663421;40.454523;NA;NA
6651;-3.663718;40.454416;NA;NA
6652;-3.663496;40.454467;NA;NA
6653;-3.663573;40.454464;NA;NA
6654;-3.662690;40.449838;NA;NA
6655;-3.662948;40.449802;NA;NA
6656;-3.661320;40.445681;NA;NA
6657;-3.661555;40.445666;NA;NA
6658;-3.661806;40.445483;NA;NA
6659;-3.661478;40.445668;NA;NA
6660;-3.661560;40.445144;NA;NA
6661;-3.663569;40.443698;NA;NA
6663;-3.660322;40.434769;NA;NA
6664;-3.660338;40.427306;NA;NA
6665;-3.660528;40.427267;NA;NA
6666;-3.659215;40.421738;NA;NA
6667;-3.665656;40.420287;NA;NA
6668;-3.660063;40.417722;NA;NA
6669;-3.660344;40.417468;NA;NA
6670;-3.665668;40.406547;NA;NA
6671;-3.665277;40.406488;NA;NA
6672;-3.666273;40.404735;NA;NA
6673;-3.666495;40.404755;NA;NA
6674;-3.666390;40.404763;NA;NA
6676;-3.667784;40.400672;NA;NA
6677;-3.668012;40.400715;NA;NA
6678;-3.667879;40.400693;NA;NA
6679;-3.674823;40.393664;NA;NA
6680;-3.677798;40.391451;NA;NA
6681;-3.678824;40.390711;NA;NA
6682;-3.677719;40.391422;NA;NA
6683;-3.680943;40.387636;NA;NA
6684;-3.680869;40.387533;NA;NA
6685;-3.684593;40.383906;NA;NA
6686;-3.684594;40.383791;NA;NA
6687;-3.691817;40.384266;NA;NA
6688;-3.691886;40.384225;NA;NA
6689;-3.734659;40.427402;NA;NA
6690;-3.737499;40.432080;NA;NA
6691;-3.737787;40.437845;NA;NA
6692;-3.739673;40.444881;NA;NA
6693;-3.741834;40.450264;NA;NA
6694;-3.743995;40.456405;NA;NA
6695;-3.746384;40.461523;NA;NA
6696;-3.749704;40.468116;NA;NA
6697;-3.750823;40.471383;NA;NA
6698;-3.745763;40.474397;NA;NA
6699;-3.735955;40.473116;NA;NA
6700;-3.728937;40.472733;NA;NA
6702;-3.708007;40.481271;NA;NA
6703;-3.701083;40.483263;NA;NA
6705;-3.697941;40.484352;NA;NA
6706;-3.694858;40.485366;NA;NA
6709;-3.688570;40.483532;NA;NA
6712;-3.670675;40.492238;NA;NA
6713;-3.673634;40.481905;NA;NA
6714;-3.674034;40.475706;NA;NA
6715;-3.671589;40.470980;NA;NA
6716;-3.671359;40.471093;NA;NA
6717;-3.668244;40.466521;NA;NA
6718;-3.667961;40.466562;NA;NA
6719;-3.668062;40.466529;NA;NA
6720;-3.665770;40.461982;NA;NA
6721;-3.665570;40.462101;NA;NA
6722;-3.663646;40.457211;NA;NA
6723;-3.663451;40.457291;NA;NA
6724;-3.663771;40.457195;NA;NA
6725;-3.662540;40.450260;NA;NA
6726;-3.662310;40.450331;NA;NA
6727;-3.660936;40.445659;NA;NA
6728;-3.660680;40.445768;NA;NA
6729;-3.659412;40.442535;NA;NA
6730;-3.659084;40.442517;NA;NA
6731;-3.659211;40.442524;NA;NA
6732;-3.659859;40.435325;NA;NA
6733;-3.659647;40.435274;NA;NA
6734;-3.660178;40.427428;NA;NA
6735;-3.659995;40.427248;NA;NA
6736;-3.660087;40.427445;NA;NA
6737;-3.659082;40.422221;NA;NA
6738;-3.658865;40.422201;NA;NA
6739;-3.658419;40.419490;NA;NA
6740;-3.658227;40.419497;NA;NA
6741;-3.657900;40.416908;NA;NA
6742;-3.657943;40.417149;NA;NA
6743;-3.659217;40.416739;NA;NA
6744;-3.658837;40.416984;NA;NA
6745;-3.658878;40.417103;NA;NA
6746;-3.662645;40.411191;NA;NA
6747;-3.661531;40.412565;NA;NA
6748;-3.662939;40.410370;NA;NA
6749;-3.664446;40.407425;NA;NA
6750;-3.664232;40.407362;NA;NA
6751;-3.664540;40.407452;NA;NA
6753;-3.667065;40.401871;NA;NA
6754;-3.666921;40.401737;NA;NA
6755;-3.667005;40.401745;NA;NA
6756;-3.674892;40.393419;NA;NA
6757;-3.679857;40.388372;NA;NA
6758;-3.681232;40.386835;NA;NA
6759;-3.681143;40.386804;NA;NA
6760;-3.680986;40.386752;NA;NA
6761;-3.683397;40.383609;NA;NA
6762;-3.682624;40.383664;NA;NA
6763;-3.687975;40.381691;NA;NA
6764;-3.687975;40.381624;NA;NA
6765;-3.692445;40.383876;NA;NA
6766;-3.738187;40.438667;NA;NA
6767;-3.739627;40.443977;NA;NA
6768;-3.741467;40.448995;NA;NA
6769;-3.749845;40.467936;NA;NA
6770;-3.736018;40.473261;NA;NA
6771;-3.710254;40.480904;NA;NA
6772;-3.697591;40.484713;NA;NA
6773;-3.692179;40.485124;NA;NA
6774;-3.691941;40.485063;NA;NA
6775;-3.688500;40.483643;NA;NA
6777;-3.691749;40.380649;NA;NA
6778;-3.710140;40.390763;NA;NA
6779;-3.720305;40.369997;NA;NA
6780;-3.743394;40.408388;NA;NA
6781;-3.739305;40.435094;NA;NA
6782;-3.744978;40.455445;NA;NA
6783;-3.700400;40.497498;NA;NA
6784;-3.700310;40.497473;NA;NA
6786;-3.685040;40.481267;NA;NA
6787;-3.659952;40.482949;NA;NA
6788;-3.659976;40.482866;NA;NA
6789;-3.656787;40.446005;NA;NA
6790;-3.655140;40.417797;NA;NA
6791;-3.664124;40.406323;NA;NA
6792;-3.664111;40.406401;NA;NA
6793;-3.720139;40.369923;NA;NA
6794;-3.743268;40.408301;NA;NA
6795;-3.764094;40.399371;NA;NA
6796;-3.739404;40.435047;NA;NA
6797;-3.739597;40.434887;NA;NA
6798;-3.744825;40.454853;NA;NA
6799;-3.745022;40.454748;NA;NA
6800;-3.744665;40.453969;NA;NA
6801;-3.694647;40.485857;NA;NA
6802;-3.696803;40.487206;NA;NA
6803;-3.696301;40.486662;NA;NA
6804;-3.699960;40.493907;NA;NA
6805;-3.700488;40.497557;NA;NA
6806;-3.700597;40.497588;NA;NA
6807;-3.685459;40.480850;NA;NA
6808;-3.685583;40.480845;NA;NA
6809;-3.659954;40.483080;NA;NA
6810;-3.659926;40.483158;NA;NA
6811;-3.710649;40.341808;NA;NA
6813;-3.744585;40.457855;NA;NA
6815;-3.745341;40.474322;NA;NA
6816;-3.747974;40.474548;NA;NA
6817;-3.738447;40.473631;NA;NA
6818;-3.677555;40.483822;NA;NA
6819;-3.658921;40.442566;NA;NA
6820;-3.674887;40.393724;NA;NA
6822;-3.717831;40.384583;NA;NA
6823;-3.717736;40.384590;NA;NA
6824;-3.719575;40.373290;NA;NA
6825;-3.706356;40.346837;NA;NA
6826;-3.662472;40.493393;NA;NA
6828;-3.742488;40.372972;NA;NA
6829;-3.742147;40.373445;NA;NA
6830;-3.753255;40.395111;NA;NA
6832;-3.706593;40.341544;NA;NA
6834;-3.760741;40.385041;NA;NA
6908;-3.654265;40.406008;NA;NA
6912;-3.721474;40.471473;NA;NA
6914;-3.715836;40.479113;NA;NA
6920;-3.662307;40.503039;NA;NA
6921;-3.663770;40.503603;NA;NA
6922;-3.609752;40.404122;NA;NA
6923;-3.601293;40.403851;NA;NA
6924;-3.631130;40.460718;NA;NA
6925;-3.626810;40.459372;NA;NA
6926;-3.617636;40.460228;NA;NA
6927;-3.582391;40.474525;NA;NA
6928;-3.582013;40.476914;NA;NA
6929;-3.583432;40.475689;NA;NA
6930;-3.606726;40.404127;NA;NA
6932;-3.672554;40.484055;NA;NA
6933;-3.672497;40.484118;NA;NA
6934;-3.672689;40.484845;NA;NA
6935;-3.672607;40.484824;NA;NA
6936;-3.743328;40.408113;NA;NA
6937;-3.764150;40.399500;NA;NA
6938;-3.764964;40.399057;NA;NA
6939;-3.765039;40.399203;NA;NA
6940;-3.621150;40.454886;NA;NA
6941;-3.783082;40.385211;NA;NA
6942;-3.783009;40.385167;NA;NA
6943;-3.783417;40.384766;NA;NA
6944;-3.783315;40.384715;NA;NA
6945;-3.639304;40.387044;NA;NA
6946;-3.639857;40.387162;NA;NA
6947;-3.645164;40.389906;NA;NA
6948;-3.738396;40.434170;NA;NA
6949;-3.792227;40.378222;NA;NA
6950;-3.792304;40.378283;NA;NA
6951;-3.792155;40.378052;NA;NA
6952;-3.792246;40.378113;NA;NA
6953;-3.685717;40.504821;NA;NA
6954;-3.686132;40.507345;NA;NA
6955;-3.685430;40.505844;NA;NA
6956;-3.685385;40.505920;NA;NA
6959;-3.729533;40.487277;NA;NA
6960;-3.731924;40.486082;NA;NA
6961;-3.728960;40.486010;NA;NA
6962;-3.708197;40.504535;NA;NA
6963;-3.696555;40.503141;NA;NA
6964;-3.697041;40.502270;NA;NA
6965;-3.698816;40.502318;NA;NA
6966;-3.698153;40.503073;NA;NA
6967;-3.645143;40.439774;NA;NA
6969;-3.616014;40.463339;NA;NA
6970;-3.699314;40.505079;NA;NA
6979;-3.712055;40.442937;NA;NA
6980;-3.678160;40.458764;NA;NA
6981;-3.675839;40.458528;NA;NA
6983;-3.708928;40.448193;NA;NA
6984;-3.618723;40.396989;NA;NA
6985;-3.621204;40.397580;NA;NA
6986;-3.621053;40.396921;NA;NA
6987;-3.623927;40.398211;NA;NA
6988;-3.623913;40.397596;NA;NA
6989;-3.622300;40.398637;NA;NA
6990;-3.622750;40.396527;NA;NA
6998;-3.616159;40.459885;NA;NA
6999;-3.616238;40.459532;NA;NA
7000;-3.717827;40.343109;NA;NA
7001;-3.717343;40.343948;NA;NA
7002;-3.681881;40.397147;NA;NA
7003;-3.683037;40.398185;NA;NA
7004;-3.683700;40.398582;NA;NA
7005;-3.746398;40.372890;NA;NA
7006;-3.746558;40.372918;NA;NA
7008;-3.723676;40.403750;NA;NA
7009;-3.730440;40.412750;NA;NA
7011;-3.690374;40.425528;NA;NA
7012;-3.763501;40.399210;NA;NA
7013;-3.672393;40.484878;NA;NA
7014;-3.672309;40.484839;NA;NA
7015;-3.672264;40.484911;NA;NA
7017;-3.689222;40.467846;NA;NA
7018;-3.706608;40.441377;NA;NA
7019;-3.711370;40.439665;NA;NA
7020;-3.710928;40.439691;NA;NA
7021;-3.708820;40.440547;NA;NA
7023;-3.686796;40.401365;NA;NA
7024;-3.697668;40.474530;NA;NA
7026;-3.690742;40.424211;NA;NA
7027;-3.662641;40.381494;NA;NA
7029;-3.690780;40.424220;NA;NA
7030;-3.690665;40.424741;NA;NA
7032;-3.690057;40.425229;NA;NA
7034;-3.670253;40.418049;NA;NA
7035;-3.669341;40.417902;NA;NA
7036;-3.672740;40.403485;NA;NA
7037;-3.682891;40.425154;NA;NA
7038;-3.662670;40.431109;NA;NA
7041;-3.694269;40.417214;NA;NA
7053;-3.673179;40.417451;NA;NA
7054;-3.672416;40.418156;NA;NA
7055;-3.673848;40.418078;NA;NA
7057;-3.676157;40.392178;NA;NA
7058;-3.727629;40.423563;NA;NA
7059;-3.727693;40.424903;NA;NA
7060;-3.667866;40.436712;NA;NA
7061;-3.667745;40.437840;NA;NA
7063;-3.714975;40.428915;NA;NA
7065;-3.714974;40.428782;NA;NA
7066;-3.717849;40.438205;NA;NA
7067;-3.707134;40.429761;NA;NA
7069;-3.708202;40.439593;NA;NA
7070;-3.668915;40.422811;NA;NA
7071;-3.691069;40.439170;NA;NA
7072;-3.668963;40.421422;NA;NA
7073;-3.731825;40.436913;NA;NA
7074;-3.668748;40.423774;NA;NA
7076;-3.684499;40.399498;NA;NA
7077;-3.667209;40.435965;NA;NA
7078;-3.660057;40.440847;NA;NA
7080;-3.691530;40.443318;NA;NA
7082;-3.691954;40.443472;NA;NA
7083;-3.682315;40.397446;NA;NA
7085;-3.687913;40.458944;NA;NA
7086;-3.683232;40.458626;NA;NA
7087;-3.713456;40.415528;NA;NA
7088;-3.667264;40.460132;NA;NA
7089;-3.667389;40.460055;NA;NA
7090;-3.692412;40.420399;NA;NA
7091;-3.692851;40.419322;NA;NA
7092;-3.667187;40.460105;NA;NA
7093;-3.667214;40.459985;NA;NA
7094;-3.693311;40.459252;NA;NA
7097;-3.706517;40.464718;NA;NA
7099;-3.682028;40.396793;NA;NA
7100;-3.681690;40.396890;NA;NA
7101;-3.717738;40.420211;NA;NA
7102;-3.719277;40.413955;NA;NA
7107;-3.685440;40.362293;NA;NA
7108;-3.684030;40.361478;NA;NA
7109;-3.659435;40.431594;NA;NA
7110;-3.685597;40.507325;NA;NA
7111;-3.693308;40.459291;NA;NA
7112;-3.696674;40.460021;NA;NA
7113;-3.695718;40.418951;NA;NA
7115;-3.703093;40.453183;NA;NA
7116;-3.661866;40.381453;NA;NA
7124;-3.666590;40.404776;NA;NA
7125;-3.737268;40.437922;NA;NA
7126;-3.661236;40.412850;NA;NA
7127;-3.694868;40.372884;NA;NA
7128;-3.672552;40.483987;NA;NA
7129;-3.672500;40.484181;NA;NA
7130;-3.675090;40.483543;NA;NA
7131;-3.655126;40.417914;NA;NA
7133;-3.697726;40.411664;NA;NA
7134;-3.700881;40.403017;NA;NA
7135;-3.701346;40.403402;NA;NA
7136;-3.694278;40.406484;NA;NA
7137;-3.689859;40.407810;NA;NA
7138;-3.692989;40.413046;NA;NA
7139;-3.693261;40.411942;NA;NA
7140;-3.697591;40.446485;NA;NA
7141;-3.696688;40.479330;NA;NA
7142;-3.696368;40.479604;NA;NA
9833;-3.761931;40.385458;NA;NA
9834;-3.629133;40.383019;NA;NA
9835;-3.628208;40.383303;NA;NA
9836;-3.627710;40.383011;NA;NA
9837;-3.626832;40.383301;NA;NA
9838;-3.593886;40.461247;NA;NA
9839;-3.580713;40.470567;NA;NA
9840;-3.647863;40.390725;NA;NA
9841;-3.727397;40.472488;NA;NA
9842;-3.727783;40.471684;NA;NA
9843;-3.730234;40.472472;NA;NA
9844;-3.657589;40.469778;NA;NA
9845;-3.659645;40.471343;NA;NA
9846;-3.656930;40.472332;NA;NA
9847;-3.741896;40.386414;NA;NA
9848;-3.751662;40.361797;NA;NA
9849;-3.751645;40.362363;NA;NA
9850;-3.756091;40.362579;NA;NA
9851;-3.756097;40.362064;NA;NA
9852;-3.759936;40.362793;NA;NA
9853;-3.759940;40.362290;NA;NA
9854;-3.617108;40.463445;NA;NA
9855;-3.615655;40.463786;NA;NA
9856;-3.670335;40.397756;NA;NA
9857;-3.667670;40.467547;NA;NA
9858;-3.699632;40.503343;NA;NA
9859;-3.697564;40.505040;NA;NA
9860;-3.698761;40.504123;NA;NA
9861;-3.697703;40.503138;NA;NA
9862;-3.698244;40.504065;NA;NA
9863;-3.606769;40.370323;NA;NA
9864;-3.606266;40.371559;NA;NA
9865;-3.609535;40.423436;NA;NA
9866;-3.654218;40.490316;NA;NA
9867;-3.651819;40.492785;NA;NA
9868;-3.651529;40.490379;NA;NA
9869;-3.654415;40.492462;NA;NA
9870;-3.658742;40.495205;NA;NA
9871;-3.655728;40.493495;NA;NA
9872;-3.656346;40.495384;NA;NA
9874;-3.652412;40.496489;NA;NA
9875;-3.655174;40.497994;NA;NA
9876;-3.655287;40.496167;NA;NA
9877;-3.653514;40.498420;NA;NA
9878;-3.739105;40.376238;NA;NA
9879;-3.739502;40.377889;NA;NA
9883;-3.715475;40.477102;NA;NA
9884;-3.717137;40.476593;NA;NA
9886;-3.716373;40.477975;NA;NA
9887;-3.715967;40.476105;NA;NA
9888;-3.681280;40.423648;NA;NA
9890;-3.684014;40.426743;NA;NA
9892;-3.683279;40.435356;NA;NA
9893;-3.684317;40.422809;NA;NA
9894;-3.685230;40.423822;NA;NA
9895;-3.683117;40.442954;NA;NA
9896;-3.675815;40.481878;NA;NA
9897;-3.674721;40.480664;NA;NA
9898;-3.718595;40.470728;NA;NA
9899;-3.716163;40.470301;NA;NA
9900;-3.716235;40.470204;NA;NA
9901;-3.750794;40.362073;NA;NA
9903;-3.715315;40.473910;NA;NA
9904;-3.714882;40.472512;NA;NA
9905;-3.716099;40.473138;NA;NA
9906;-3.713997;40.473284;NA;NA
9907;-3.731182;40.455737;NA;NA
9908;-3.729280;40.455439;NA;NA
9909;-3.730773;40.456149;NA;NA
9910;-3.722513;40.472624;NA;NA
9911;-3.723007;40.471169;NA;NA
9912;-3.721383;40.471534;NA;NA
9913;-3.724203;40.472174;NA;NA
9914;-3.711164;40.449547;NA;NA
9915;-3.696627;40.474708;NA;NA
9916;-3.696566;40.474658;NA;NA
9917;-3.730666;40.447356;NA;NA
9918;-3.698675;40.474728;NA;NA
9919;-3.698690;40.474804;NA;NA
9920;-3.730688;40.447232;NA;NA
9921;-3.658694;40.410718;NA;NA
9925;-3.675697;40.480024;NA;NA
9926;-3.729264;40.450220;NA;NA
9927;-3.660394;40.410753;NA;NA
9928;-3.727246;40.448981;NA;NA
9929;-3.728185;40.460240;NA;NA
9930;-3.729443;40.458687;NA;NA
9931;-3.728237;40.460301;NA;NA
9932;-3.729592;40.458659;NA;NA
9933;-3.724151;40.447971;NA;NA
9934;-3.724138;40.447939;NA;NA
9935;-3.687613;40.365900;NA;NA
9936;-3.687427;40.365783;NA;NA
9939;-3.687013;40.364942;NA;NA
9940;-3.746687;40.362964;NA;NA
9941;-3.745001;40.363533;NA;NA
9942;-3.749071;40.362643;NA;NA
9943;-3.685376;40.364270;NA;NA
9944;-3.689102;40.366233;NA;NA
9945;-3.653684;40.410561;NA;NA
9946;-3.653970;40.410667;NA;NA
9947;-3.648482;40.409231;NA;NA
9948;-3.648879;40.409293;NA;NA
9949;-3.656298;40.406481;NA;NA
9950;-3.651043;40.415062;NA;NA
9951;-3.652765;40.413380;NA;NA
9953;-3.657967;40.412724;NA;NA
9954;-3.656088;40.413063;NA;NA
9955;-3.659161;40.414105;NA;NA
9956;-3.592633;40.446123;NA;NA
9957;-3.593465;40.446865;NA;NA
9958;-3.593483;40.445447;NA;NA
9959;-3.679055;40.394579;NA;NA
9960;-3.715273;40.454222;NA;NA
9961;-3.719418;40.437965;NA;NA
9962;-3.718906;40.439547;NA;NA
9963;-3.695138;40.445309;NA;NA
9964;-3.695219;40.445315;NA;NA
9965;-3.695136;40.444106;NA;NA
9967;-3.694962;40.444689;NA;NA
9968;-3.673147;40.444805;NA;NA
9969;-3.612259;40.450679;NA;NA
9970;-3.717231;40.407818;NA;NA
9971;-3.717076;40.407552;NA;NA
9972;-3.716311;40.407247;NA;NA
9973;-3.715607;40.471395;NA;NA
9974;-3.714936;40.472475;NA;NA
9975;-3.714516;40.470436;NA;NA
9976;-3.713742;40.471331;NA;NA
9977;-3.710814;40.438882;NA;NA
9978;-3.753345;40.363938;NA;NA
9979;-3.660115;40.421477;NA;NA
9980;-3.660114;40.421531;NA;NA
9981;-3.663542;40.421052;NA;NA
9982;-3.668537;40.381484;NA;NA
9983;-3.669182;40.382173;NA;NA
9984;-3.667427;40.466725;NA;NA
9985;-3.742002;40.372236;NA;NA
9986;-3.681197;40.357600;NA;NA
9987;-3.681188;40.357051;NA;NA
9988;-3.681197;40.356790;NA;NA
9989;-3.681240;40.356554;NA;NA
9990;-3.681552;40.356973;NA;NA
9991;-3.691641;40.462822;NA;NA
9992;-3.772600;40.393759;NA;NA
9993;-3.612293;40.450643;NA;NA
9994;-3.601529;40.453936;NA;NA
9995;-3.741838;40.476091;NA;NA
9996;-3.742419;40.476951;NA;NA
9997;-3.740726;40.477733;NA;NA
9998;-3.739626;40.476944;NA;NA
9999;-3.741130;40.476869;NA;NA
